time,alpha,phi,alphaD,phiD,attempt_ix,current_k
0.0,0.9848247177618432,2.3493464528644004,-0.5467322353833515,0.0020565207662137,1,-4
0.00515584,0.9844832303417268,2.348836618402899,-0.0759244980870008,-0.0981998878934353,1,-3
0.010163456,0.9855139325596808,2.349304986124934,0.2015954687110699,0.0966905280069214,1,-3
0.01480832,0.9857238997617408,2.350372927071799,0.0435987900763647,0.1907356295255978,1,-3
0.019814912,0.9870796266717176,2.3492550838540085,0.2696418990632136,-0.2313750444692419,1,-2
0.025145088,0.9874331312450936,2.348664854658665,0.0742593819832296,-0.1540862629172259,1,-1
0.030012672,0.9879047656439884,2.3476536107217023,0.093875570757603,-0.194526755166929,1,-1
0.034710528,0.9889878894316304,2.348335235358453,0.2157204469877238,0.1376049588498162,1,-1
0.040158208,0.9936406182887372,2.346973693087166,0.9185950802188092,-0.2405935267643245,1,0
0.044896768,0.994391264262387,2.348042818183947,0.1636502182568314,0.1613058993657522,1,0
0.049612288,0.9930881801657612,2.3513894483762536,-0.2583824187871217,0.5348345234751718,1,1
0.054575872,0.9930150814036732,2.355030601875177,-0.0163293845428145,0.6911201240685954,1,1
0.059823104,0.9922525492386756,2.3564184615645383,-0.150222195789238,0.4236571474176072,1,2
0.064919808,0.9906592414778445,2.357749715633396,-0.3155451020875691,0.2764626708443805,1,2
0.07181056,0.9901369058736428,2.353808913639724,-0.1053191081464454,-0.76974379613334,1,3
0.07465344,0.9875765587200478,2.347491885217897,-0.5057935738307039,-1.7530362704957694,1,3
0.079919104,0.9857632628797564,2.3547531126481123,-0.3651301285256276,1.192091077164751,1,4
0.084983552,0.961729308418654,2.3517879534824853,-4.73747792022118,-0.3529881753753821,1,4
0.09005056,0.9704202933386752,2.344261344859965,1.2260909266090856,-1.217423330092605,1,5
0.09491072,0.9680146051677652,2.34168402550145,-0.4505748971648859,-0.4711832841221078,1,5
0.10007936,0.963558105908374,2.3376636290680595,-0.8835929179303982,-0.8271187280212089,1,6
0.105151232,0.953456465670715,2.3301169328573,-1.999286004792467,-1.651500298917706,1,7
0.1098496,0.9457734353991448,2.321283402983331,-1.5399980643155873,-1.3978184066396435,1,7
0.114913024,0.9369047728529142,2.3089854832638084,-1.7712253822933892,-2.360470286292086,1,7
0.120089088,0.9300077903705604,2.304671659001595,-1.387068328141419,-1.0984205359063044,1,8
0.124948224,0.9205153706523372,2.28884941876967,-1.8874395298750104,-3.1613536668299806,1,8
0.1302336,0.9087368068483388,2.2723184588304632,-2.2510505398448863,-2.998455650121736,1,9
0.136169728,0.8999162313999859,2.2543076426836346,-1.7684225907721065,-2.660682685727989,1,10
0.139678464,0.8894126836550019,2.245256303161302,-2.097396369849214,-2.485968805696891,1,10
0.144972032,0.8742134633462592,2.229228427548841,-3.0235816033120004,-3.604596646382425,1,10
0.149724416,0.8604800187208479,2.2129271056285447,-2.7525757011778933,-3.5163149404424576,1,11
0.15488768,0.8409067094413346,2.1921396812253384,-3.8947123679085047,-4.075557558257545,1,11
0.159751168,0.8193644048970173,2.171309439797473,-4.3051534322332285,-3.524394393359144,1,12
0.164825856,0.8015023186258452,2.1505883717160934,-3.576807546467468,-4.178943730262238,1,12
0.16979072,0.7842773567272252,2.129944683042726,-3.4473030589887563,-4.511561064336982,1,13
0.175042816,0.7615639618645006,2.107967130960873,-4.52547486159841,-4.642584612146753,1,14
0.179859456,0.7343305019274723,2.0877024175462444,-5.431363217313672,-4.0577406389136215,1,14
0.184772096,0.7179054870617606,2.0648315427603063,-3.32524867843675,-4.4421500847032735,1,14
0.189859584,0.6939215569086713,2.0412803223523377,-4.7711225765392165,-4.662504957719413,1,15
0.194867968,0.6701515867004051,2.0192050889725843,-4.754484664457309,-3.9849058660194703,1,15
0.19983488,0.647331069826825,1.997288089441819,-4.567792645815574,-4.941042556812899,1,16
0.204670976,0.6218949741901357,1.9750053875777205,-5.076750719561311,-4.542833122794457,1,16
0.209411584,0.5928943316984282,1.9492351379482376,-5.795133293639926,-4.783355987272732,1,17
0.214479104,0.5699481801319899,1.924225677841252,-4.601420358941801,-4.557101719664834,1,17
0.21974656,0.554008767692863,1.902928172572285,-3.202312531491493,-4.684745570510141,1,18
0.224988672,0.5269753576272984,1.8786326328036915,-5.370917511370166,-4.904087493514624,1,18
0.22977664,0.5020282681402408,1.8561253178542176,-4.997764960432325,-4.692312682785373,1,19
0.23449344,0.4791765790461399,1.829214123129879,-4.573746097292074,-5.104633722194144,1,19
0.239796224,0.4539273222218358,1.8042656885014765,-5.044753347173088,-4.67919241752461,1,20
0.244779008,0.4255414272389934,1.7839821671907017,-5.66694908579683,-4.656838589273542,1,20
0.24942848,0.4037922118851074,1.7568935521360278,-4.361201060029404,-4.72229095253494,1,21
0.254620928,0.3776191526192096,1.7307499717398127,-5.224788333414248,-5.277608358076825,1,21
0.2596352,0.3500660280255614,1.7066648072135349,-5.506081955395216,-5.475108258343342,1,22
0.264659712,0.3231899085953307,1.6808414698442915,-5.377939055500402,-5.18889564382007,1,22
0.269649664,0.297824345426061,1.655828165491341,-5.078961249550572,-4.930169426745596,1,23
0.27460864,0.2732022832805246,1.6267057831346343,-4.926076781443195,-5.385523820596122,1,23
0.279676928,0.2446569292598262,1.6014183207985768,-5.694404659928057,-5.121074223288157,1,24
0.285197824,0.2196333171475501,1.5719433645615608,-5.229372389940863,-6.005393441299196,1,25
0.290003968,0.1961838154674112,1.5407511002692849,-4.694596557733366,-5.439484363614884,1,25
0.29471872,0.1746038766799076,1.5161632727682,-4.318486467006266,-4.835668057602708,1,25
0.299828992,0.1499562328505813,1.4938555250285404,-4.9228904332558105,-4.948225227451261,1,26
0.304969984,0.124570807322073,1.4722231577935108,-5.0743226154429,-4.95834355145783,1,26
0.309938688,0.0999369597119344,1.449141220730619,-4.92924007999798,-4.7981033863162255,1,27
0.314936576,0.0741559948111311,1.4211751667873516,-5.15221352087356,-5.266382810253598,1,27
0.319965952,0.0456050696340087,1.3969987125908154,-5.700542545582746,-5.035182949439278,1,28
0.32478464,0.0253825213990545,1.36653981791358,-4.054988409247356,-5.235829971613158,1,28
0.32943616,0.0040339093730888,1.341506426445031,-4.2682475912911935,-4.995598293598229,1,29
0.334765312,-0.0221389196862019,1.3206561496637883,-5.22196009502495,-4.782239869219081,1,29
0.33997696,-0.0474340208638195,1.2977886132116727,-5.061705576757889,-4.6007358706626444,1,30
0.344726784,-0.0670987184732605,1.2721374136551789,-3.940359647485856,-4.547105534133133,1,30
0.349979904,-0.0894990350199598,1.2497933702855537,-4.474514548102611,-4.563491028168996,1,31
0.355042816,-0.1076004452800379,1.2303477667737692,-3.635135645452714,-4.519698608854018,1,32
0.360250112,-0.1275431365515852,1.206768968631779,-3.9814758560802743,-4.574566397419293,1,32
0.364994304,-0.1497146329346101,1.185219225965978,-4.426619987093632,-4.480300773355257,1,32
0.3698368,-0.1699942224515703,1.1620906816230698,-4.059025344276993,-4.392582619091029,1,33
0.374941952,-0.1856224071772314,1.1396507481790623,-3.135727970772924,-4.444299268235911,1,33
0.380191232,-0.204094643784781,1.119874912155207,-3.6841783959792735,-4.365968316566413,1,34
0.3851264,-0.2194074298920578,1.0946286287359432,-3.066311747762329,-4.293363556914191,1,35
0.39001856,-0.2357564018111155,1.0731343524685806,-3.267902744785236,-4.103011193006355,1,35
0.395136512,-0.2532921403905473,1.0552325028450926,-3.5033063225360075,-4.060688798951196,1,36
0.40020224,-0.2651308710719992,1.0361465302679351,-2.3872530872263367,-3.964304581103091,1,36
0.40515584,-0.2775990823066847,1.0155606735017857,-2.491474990689914,-3.9405683959325217,1,37
0.409965568,-0.288242066062003,0.9953163579454104,-2.132935783032601,-3.9051510650926975,1,37
0.415191296,-0.2991406298301566,0.9793593963459916,-2.178954555788305,-3.559997656569532,1,38
0.42002048,-0.3108319367932587,0.9635897844086684,-2.3355741275528,-3.572216286451542,1,38
0.425055232,-0.3211776856249867,0.942640627644536,-2.073757093009624,-3.212271561257121,1,39
0.429731584,-0.3273407748666734,0.9263598083768276,-1.2386393959198985,-3.282983354668391,1,39
0.435044352,-0.3351290777564368,0.9136803223318544,-1.5523124407093902,-3.224273947663589,1,40
0.440207872,-0.3407968689515666,0.8999124176968682,-1.1415962039808822,-3.0322500147759444,1,40
0.44470912,-0.34628658402829,0.8816849470783891,-1.0981488836896498,-2.7909700159117805,1,40
0.449971968,-0.3562622828082107,0.8674446919087218,-1.9867977814464892,-2.643829584221669,1,41
0.455132416,-0.357899469203127,0.8577595891248642,-0.3541487917241404,-2.598098997472195,1,42
0.460109824,-0.3614558368111811,0.8454982419848815,-0.704857496365018,-2.578860253269202,1,42
0.46507776,-0.3565294272497635,0.8330642703896387,0.9496794919416636,-2.483368177242724,1,43
0.46998912,-0.356757202221979,0.8198370768312461,-0.0271144555739536,-2.258705108575831,1,43
0.474869504,-0.3620652314286387,0.807549804418856,-1.0502293345430682,-2.306982618430914,1,43
0.479983104,-0.3573222805894404,0.7984604774305594,0.9154770555158014,-2.1036740079354947,1,44
0.48519168,-0.3522416294421407,0.7859019239509287,1.0149564270241829,-2.5405301389641037,1,45
0.490023424,-0.3470872625872734,0.7745596940511458,1.0306191114355634,-2.4571753408643,1,45
0.495220992,-0.344223210379957,0.7635057718141562,0.5806085999759003,-2.244411322384182,1,46
0.499738112,-0.3351420003873219,0.750371207646718,1.8065427331550217,-2.2651968157555435,1,46
0.504887808,-0.3308964178123015,0.7329743113733144,0.8620115214510614,-3.265849805694911,1,46
0.510328064,-0.319763275335814,0.7130062485907316,2.2040262172466387,-4.17396695783419,1,47
0.515360512,-0.3077187252292857,0.7003819290945681,2.4052828965241835,-2.9726527480866203,1,48
0.520285184,-0.2989516871632943,0.6865579970062231,1.76789798867717,-2.8109531471420444,1,48
0.524976128,-0.2799156168634567,0.6718101200675151,3.781044426275456,-2.6909131469526564,1,48
0.529820672,-0.2673574045640502,0.6421239075764025,2.520385158776666,-5.77623239673882,1,49
0.53527808,-0.2490038823802845,0.6264755474971156,3.651448592504203,-4.199522205432274,1,50
0.540229376,-0.2315619321031932,0.6138585773323131,3.4916350570832426,-3.113394028285576,1,50
0.544778496,-0.2101405001785175,0.5934787264359181,4.278482879741007,-3.295846940945204,1,50
0.54970752,-0.1878670591211539,0.5726919312786655,4.453740205678524,-3.5687194141040104,1,51
0.554775296,-0.1655351240236627,0.5561328351768091,4.466216631453436,-3.970065130344166,1,51
0.55996032,-0.1375824223155404,0.5345167319146265,5.573350605035922,-4.350201283822339,1,52
0.564604672,-0.1127523589131847,0.5120390215104982,4.970498180626421,-4.076770394984873,1,52
0.56978688,-0.0847712833948944,0.4647447598688301,5.590194852028242,-9.326709150755768,1,53
0.575077632,-0.0475485769132479,0.433989811487032,7.410859622075476,-7.280839226607526,1,54
0.580267008,-0.0146213924281733,0.4071436495062879,6.600417328399911,-5.595734651872555,1,54
0.585020672,0.0237877496760718,0.3779208398989503,7.655855376924995,-6.091588356052598,1,55
0.58986752,0.0627023679535455,0.3408056944990736,7.7821047851787055,-6.308450292793046,1,55
0.594930176,0.1099637946899227,0.3146997032926536,9.440125496821892,-6.348033334099561,1,55
0.60000768,0.1597685675967102,0.284685743872354,9.950826771818782,-6.161903541804001,1,56
0.60470912,0.2061602428863299,0.2421196933890546,9.282976931065374,-6.941965642040994,1,56
0.609862144,0.2577687377296335,0.2090593130795675,10.310758561643398,-7.127156355094895,1,57
0.615008512,0.3081102075524192,0.1746037658839511,10.073521768433022,-7.520677383836822,1,58
0.620019968,0.3602395060463158,0.1364385757334208,10.418600130584268,-7.718685388394133,1,58
0.624918528,0.414376940068731,0.103773147534675,10.820805314453745,-7.330981518250232,1,58
0.629745664,0.4630475935450749,0.0614642285452518,9.74394968422201,-7.33395376446101,1,59
0.634742016,0.5175848584066198,0.0215640186018788,10.864119881394457,-7.574568622986682,1,59
0.640157952,0.5781159147113394,-0.0110150727455035,12.085267464497145,-7.4116642681199,1,60
0.645082368,0.6341456986668699,-0.0445093853388357,11.221058741576936,-6.932252211558748,1,61
0.65000448,0.6916258190286866,-0.0761539029711178,11.491359203522473,-6.544212582041607,1,61
0.655153664,0.7399285144312819,-0.1098929281194987,9.691517730170451,-5.92544372164338,1,62
0.65985152,0.7937600541922442,-0.1412745693115138,10.753323889721218,-5.9637897641831,1,62
0.665091328,0.8487170225777818,-0.1652537404379385,10.987828179229863,-5.167089030264213,1,63
0.670084608,0.865112041985324,-0.1869389693184625,3.4106267700864645,-4.877776658032607,1,63
0.67512704,0.9193031459870832,-0.2096144987994155,10.713820846994215,-4.663839674262157,1,64
0.679947008,0.942710307994145,-0.2297005909857072,4.720773958598287,-3.0355749692681147,1,64
0.6847552,0.9783730580304296,-0.2521069598770138,7.117020085252028,-4.377952555375552,1,64
0.690632704,0.9665408487789204,-0.2552301444872262,-2.234790523231487,-3.4688220242678884,1,65
0.704576768,0.9325274334612884,-0.2547252127046834,-6.773868902771153,-0.2446606592624807,1,66
0.718368512,0.9266704171763822,-0.2499379809388443,-1.210585554549743,0.9727729014635244,1,68
0.719333888,0.9142494168245856,-0.24956174669366,-2.385856533535847,1.038466348163515,1,68
0.725943552,0.8955961908358792,-0.2426962181416841,-3.713892420654586,2.295771208067667,1,69
0.726841088,0.8558523756621106,-0.2425101370125442,-7.576146389798229,1.6670969616580245,1,69
0.729236992,0.8386831008434239,-0.2445616019680019,-3.494375200521885,-0.3282684838253339,1,69
0.729778432,0.8520457835119403,-0.2494119919444763,2.3228567555725044,-1.3619651081589108,1,69
0.732811008,0.8817670029777288,-0.2565305798978526,5.908912876367852,-0.8017016348040862,1,69
0.738005504,0.8892579734746721,-0.2536397324664073,1.5657295827266484,0.5565130108396161,1,70
0.742975232,0.8975891086039206,-0.2578390497541982,1.6635691811166706,-0.7680988638641078,1,70
0.748029184,0.8993778144188254,-0.2618775597268915,0.37880624192553,-0.8898724835547369,1,71
0.752987904,0.913625165804128,-0.2719097358457115,2.808942850461952,-2.0009821044864817,1,71
0.757882368,0.9197382446175092,-0.2810472962016494,1.240245012016752,-1.3598571450946693,1,72
0.762934784,0.9324712285408344,-0.2843842638658202,2.532777363782872,-0.687474791914085,1,72
0.76801152,0.936155938350284,-0.2916531348175574,0.7653511282821821,-1.4838586121279524,1,73
0.773001984,0.9455148185383973,-0.2929534025769926,1.8521247277400936,-0.3190138454870919,1,73
0.779649024,0.9538228254626804,-0.2870819839191453,1.6648712348247732,0.841139453583833,1,74
0.782929408,0.9568588066216344,-0.2867647016009644,0.6252359555977052,0.2849846589102691,1,74
0.788417024,0.9670168652993576,-0.2799216033352504,2.005322740401545,1.365922541226415,1,75
0.793544704,0.9632594499705244,-0.2715517911368651,-0.6998618193269217,1.8555549295069356,1,75
0.797801728,0.9724807599392552,-0.2614760903741996,1.8047967317716025,1.9060438033286689,1,76
0.802863104,0.9659392961336344,-0.2467019452417908,-1.2734737857182594,2.655001373449202,1,76
0.808175104,0.9703701785095504,-0.2375229143631327,0.850635957604297,2.103473423867352,1,77
0.813093888,0.9449494402343838,-0.2307669669043849,-4.983092744230752,1.443409619794234,1,77
0.81802368,0.9487215545665416,-0.2200567166045746,0.6549913435322932,2.1559901742442973,1,78
0.822702592,0.949999805276132,-0.2094241146408209,0.2586882392488385,1.89133338250314,1,78
0.8278976,0.954670012057708,-0.1997516944759549,0.9285734171024692,1.86037167592898,1,79
0.833062912,0.956912093215304,-0.1921847073105671,0.4555883645098688,1.7526265531665235,1,79
0.838141952,0.959688290377926,-0.184964097001051,0.5536188597960616,1.6258213546206528,1,80
0.843056128,0.9594583816983264,-0.1769747180612079,-0.0355694908038417,1.496943868883187,1,80
0.84773248,0.9596227858495856,-0.1711415462973763,0.0323132852118264,0.9756536623881444,1,81
0.852843008,0.9587974023626582,-0.1651485516774793,-0.1623985353602234,1.1792465897028312,1,81
0.0,0.9915386817686724,2.3381318031920246,0.0058090452019987,0.0442570529711972,2,-4
0.004963328,0.9921844991892066,2.3381755378688096,0.127270821589151,0.0279833193137335,2,-4
0.009793792,0.99247098640708,2.3380191391930265,0.0585409059406235,-0.0303708678128484,2,-3
0.014811392,0.9924312166088716,2.337627522476727,-0.0075501970270513,-0.0609433827744261,2,-3
0.019644416,0.9919424010696472,2.3377048006991377,-0.0967220618147917,0.0055206730927295,2,-2
0.024952832,0.9925815076440304,2.3383815700473787,0.12380382132761,0.1370699848933556,2,-2
0.029922304,0.9920726988095672,2.3401718248817605,-0.0404206171103966,0.326706630088615,2,-1
0.034599424,0.9932572982298516,2.3421856870219084,0.2282387269965819,0.4342642637363882,2,-1
0.039960576,0.9929180782499778,2.345930849560677,-0.062677522579926,0.687718322531663,2,0
0.044557568,0.9943250948986933,2.350265124476232,0.2769564404151823,0.805392513787861,2,0
0.049651968,0.9935848083814752,2.349265631435857,-0.1391431628742463,-0.1228748722992776,2,1
0.05706368,0.994164879483875,2.345932965736577,0.1125438010059673,-0.4120738412452422,2,2
0.059568384,0.9919572385880768,2.345779275473173,-0.4210265176344028,-0.2196967164276163,2,2
0.06460672,0.9906224895444,2.350621846353584,-0.2696101692040865,0.9514565267948298,2,2
0.069493504,0.9905020163885976,2.3575178157547496,-0.0285729197090087,1.3750481970262292,2,3
0.074472704,0.987873717444217,2.3443886004576124,-0.4359089747219185,-2.895558752752713,2,3
0.079765504,0.989095027980241,2.346197173859375,0.2252095868611809,-0.1760473632655435,2,4
0.084758016,0.9737011559360912,2.350748505609165,-3.014229534308524,0.9832616510226436,2,4
0.089780992,0.9690913512726492,2.346494326640112,-0.962541402436314,-0.8609374646940495,2,5
0.09541888,0.9667870149730422,2.3318462420622383,-0.4662755513686958,-2.190340628714667,2,6
0.099642112,0.9618846020385028,2.3290323995672937,-0.972015900678592,-1.023686608608143,2,6
0.104901376,0.9516495116391412,2.3221352228167085,-2.029173523855203,-1.4967560886709874,2,6
0.1095616,0.9436282943420572,2.318174921009172,-1.6124438906705962,-1.0642423259991034,2,7
0.11435136,0.93433391548511,2.306393405948774,-1.857059426337784,-2.26779032318077,2,7
0.119623936,0.9277704446642988,2.2947399443121568,-1.3204557891987094,-2.5029538704703462,2,8
0.124703744,0.9177601294788612,2.285170177499575,-1.9882735860273515,-2.236566629640259,2,8
0.129650176,0.9067018938204898,2.271326209537496,-2.208108331240949,-2.609965175745688,2,9
0.134539264,0.8970830965042481,2.256669306667191,-1.9289546324923503,-2.977188539129845,2,9
0.13952896,0.8798638125866028,2.2436386933437467,-3.4186376436425325,-2.8023881764026,2,10
0.144312064,0.8698997440037005,2.224426087206604,-2.012997398338773,-3.3598042455723127,2,10
0.149436416,0.8515538078239073,2.203795467721501,-3.64584500848414,-4.13065195787934,2,11
0.15457536,0.8372341721376786,2.188488537992432,-2.879329267868768,-3.4256620246840064,2,11
0.159201536,0.8174594476608907,2.1645845067947054,-3.947044295223046,-4.172591217543136,2,12
0.164214016,0.7974965571893899,2.1441350249260056,-3.9923416130766,-3.889782505978944,2,12
0.16950016,0.7742421757563401,2.126130597855284,-4.640646616858961,-4.293555052663479,2,13
0.174516224,0.7564420844287252,2.103910580337849,-3.578220570615374,-4.695472074849907,2,13
0.179680768,0.7318699321812591,2.080634347622293,-4.612730958503496,-4.089295400286047,2,14
0.184359168,0.710069539942692,2.056662977764712,-4.369260620100119,-4.596354933648024,2,14
0.189239552,0.6843822644461843,2.033198882564012,-5.129375278985806,-4.594952624936609,2,15
0.194570496,0.6636101147680274,2.012947938363951,-4.169632806897683,-4.481720460773569,2,15
0.19964928,0.639638491511874,1.9882981515566047,-4.781913246767527,-4.522569948316328,2,16
0.204344576,0.6108250714202106,1.9655955098995277,-5.754979518146893,-4.367139852892596,2,16
0.20957184,0.5888485256180449,1.9454268070405312,-4.418317553202565,-4.756068642548504,2,17
0.214421248,0.5628574923612374,1.9222878214997088,-5.184040367052466,-4.780336972315381,2,17
0.219419648,0.5444893455059765,1.8977781725117304,-3.70154888951096,-4.678053709696059,2,18
0.224497664,0.5171228101956836,1.8734616200719985,-5.444128995549506,-4.822843724438236,2,18
0.229304064,0.4984220231978351,1.8485066581810536,-3.76085089288957,-4.5567458026249215,2,19
0.234614016,0.4703668170002315,1.8239568996591948,-5.581517026965841,-5.155713929080392,2,19
0.239648512,0.4501112568163031,1.8009227055851138,-4.079311640511552,-5.350620008509255,2,20
0.244559104,0.4197200413245693,1.7777695435706016,-6.042282305227131,-5.079735586012719,2,20
0.249537792,0.3970918477060169,1.749897236356849,-4.5514475453361145,-5.153866463211992,2,21
0.254373632,0.3732877673729944,1.7194187785249049,-4.724325429153129,-4.89652357045056,2,21
0.259393792,0.3448551329543306,1.694935654552187,-5.67245833028097,-5.169777800124377,2,22
0.266262784,0.3203952851324695,1.6599178712778269,-4.90261556490257,-5.1842871204372045,2,23
0.269695488,0.2950327506699187,1.647318182399842,-5.067006795576255,-5.168453864921536,2,23
0.274310656,0.2689721283361402,1.6192770940418264,-5.211078377105837,-5.07630302914283,2,23
0.27920384,0.243326082000477,1.5896072152294924,-5.129781903890345,-5.313943756258961,2,24
0.284550656,0.2158805586819221,1.5672263673107163,-5.483286966141267,-4.910352647714408,2,24
0.28958976,0.1920127740362091,1.5444385265347191,-4.785988594127231,-4.840044515257754,2,25
0.29460096,0.1678942723172898,1.5162156512716094,-4.82285449566079,-5.796883548916439,2,25
0.301988864,0.1434157491733398,1.4761677883336444,-4.893296842189474,-4.749912644074269,2,26
0.304527104,0.1199149242422116,1.4626599717619853,-4.704595933791142,-5.093743665460141,2,26
0.309558016,0.0932631204382533,1.4367377505755503,-5.120417972831361,-5.161441386423815,2,27
0.316548608,0.0635034149222485,1.400394335662095,-5.939544815385097,-5.152576134632809,2,28
0.319322624,0.0408562401654606,1.3845491480280334,-4.545674525314837,-5.082698845448965,2,28
0.324306176,0.019447929293744,1.360446948860252,-4.2831642904390685,-4.692164665948343,2,28
0.329666304,-0.0046444633113102,1.3371959657748005,-4.810027717652462,-5.071839008317704,2,29
0.334599936,-0.0316085953779779,1.3154866327981722,-5.382872996842287,-4.640868802181557,2,29
0.33951616,-0.0531842130500536,1.2935910490366591,-4.332873670438193,-4.671495975257867,2,30
0.344551168,-0.0748772245573915,1.2696160891896275,-4.338201607352909,-4.590835442041848,2,30
0.352209152,-0.0985011275598413,1.2285941133550573,-4.722354417324593,-4.742562720045135,2,31
0.354331392,-0.1154545571527401,1.218054026659006,-3.4112727988473885,-4.642672154773409,2,31
0.359368704,-0.1371767611053923,1.1953371085725275,-4.336698488170618,-4.5721823231101375,2,32
0.364649984,-0.1593420644878793,1.1754392782231076,-4.4316085895667,-4.532688539262174,2,32
0.369283328,-0.1777473381895022,1.1505735751411388,-3.6863529257393615,-4.581729393759044,2,33
0.374221824,-0.196300739870585,1.1274950007045548,-3.710488361126544,-4.594053836605489,2,33
0.379606528,-0.2100030035306497,1.1085210896252875,-2.7571886565637227,-4.414094830193303,2,34
0.3844672,-0.226939900926704,1.087513495165997,-3.3765501092546097,-4.320482272240117,2,34
0.389634816,-0.2449688937308066,1.065631638265098,-3.6022620664807232,-4.381444351099669,2,35
0.394384896,-0.2628028195321419,1.041211622262109,-3.5670466527344016,-4.160496351435753,2,35
0.39947136,-0.2740301179075,1.0219999358850218,-2.260149892304846,-3.8584372970202394,2,36
0.404643328,-0.286990328975172,1.0040896820211451,-2.5863440315089785,-3.961615542645583,2,36
0.409483776,-0.295613294103614,0.986755441211324,-1.7409513459071464,-3.874330898104065,2,37
0.414674688,-0.3079655017470862,0.9678148844059584,-2.459157555495599,-3.583706375642551,2,37
0.421086464,-0.3167914123809618,0.9421942475597108,-1.7743822633861095,-3.540027240821302,2,38
0.425029376,-0.3225666260757203,0.9313586141563738,-1.1638581681298446,-3.513080676269619,2,39
0.429961472,-0.3330738690357858,0.9176241469979848,-2.0815513989472976,-3.1055383820936853,2,39
0.435291904,-0.3429108358209353,0.9025540814360624,-1.969430572343461,-2.9688188430423805,2,40
0.439845376,-0.3457312658044195,0.8874100664913244,-0.590099446248008,-3.1369822772939107,2,40
0.444845056,-0.3487560664841299,0.8723513499710509,-0.6041239270834826,-2.93997955789426,2,40
0.449749248,-0.3595889898816837,0.8574635626443443,-1.775616808171265,-2.700449173445186,2,41
0.45468288,-0.3599384207062289,0.8444751038636054,-0.1162272687500332,-2.4899383923352576,2,41
0.459292928,-0.3655125253359216,0.8327495804024845,-1.1028088410740289,-2.4573678548501903,2,42
0.464770816,-0.3702959772878128,0.8209633771070232,-0.9591222635962194,-2.567572388047384,2,42
0.4697344,-0.3708464218542335,0.8094793178781715,-0.1271088720246245,-2.489731327999518,2,43
0.474780672,-0.3701354094878451,0.7973815333397566,0.1224408715634885,-2.5496138350617783,2,43
0.47961728,-0.3668571155850765,0.7863161195544309,0.644023036238365,-2.269010049860995,2,44
0.484516608,-0.3653861368347947,0.7719763779490775,0.2982206959339744,-2.439781564936763,2,44
0.489732096,-0.3609773602295378,0.7612003392058554,0.8701292456274321,-2.20224130962856,2,45
0.494810624,-0.3562250157554357,0.7499393282731036,0.9491066856552172,-2.4186920345268903,2,45
0.499686912,-0.3505145063369905,0.734499985845092,1.140866924610785,-2.734155536362346,2,46
0.504769792,-0.3420718651902644,0.717082998734308,1.6828017535771858,-3.320975616586512,2,46
0.510269952,-0.3324459909325872,0.698810865563555,1.9207435938742805,-3.93030602124019,2,47
0.515280896,-0.3199885658528951,0.6808227017683284,2.481814676738063,-3.796265437074527,2,48
0.520288,-0.3046121418249616,0.6697365122231984,3.0641449524576947,-2.249067426339987,2,48
0.52496768,-0.2961870603093802,0.6457988471306997,1.7130133923637878,-4.877171382670912,2,48
0.529952512,-0.2749150668996939,0.6232561938337525,4.213240921452407,-4.487435206706939,2,49
0.534812416,-0.2598614460286947,0.6069133306720217,3.03309265601138,-3.2634853118696068,2,49
0.539634176,-0.2437466368008281,0.5922314664940297,3.2194183442806423,-2.997339390156186,2,50
0.54441856,-0.2219736571927296,0.5712478710223601,4.347314400312812,-3.7028078693970032,2,50
0.549479424,-0.1998951562846607,0.5540105296719202,4.415047976240779,-3.308936623723965,2,51
0.55469568,-0.1749395065146219,0.5348490826754372,4.980376351097531,-4.08115651512176,2,51
0.561067776,-0.1549266454289965,0.5067114002974384,4.016570057882251,-3.978951327676042,2,52
0.564649728,-0.1280852834536218,0.494201677672614,5.335630069367538,-4.418863288136939,2,52
0.56983424,-0.0961182694666732,0.4690014530139898,6.374459127115832,-4.905397307603522,2,53
0.574263552,-0.0654003527634728,0.4387731927912531,6.145414646768016,-5.612263241662856,2,53
0.579477248,-0.0287124651719848,0.4077384353628971,7.324739498695218,-5.953984816635591,2,54
0.584768256,0.0076537165998076,0.3809630350962403,7.274537359206705,-5.866786139769703,2,54
0.589995776,0.0511799322669243,0.3503630220087301,8.679574888353432,-6.981474366162911,2,55
0.594887936,0.0892879562250227,0.3162218540359895,7.64485470592754,-7.383828092185358,2,55
0.599702784,0.1417756060073407,0.2805667516299519,10.447455096465784,-6.645617687392694,2,56
0.604654336,0.188173044998131,0.2457590368371118,9.304274086990716,-6.414474985715222,2,56
0.609376768,0.2380393425088958,0.2050666351601604,9.969057603274017,-7.626884645402501,2,57
0.614480128,0.2855343036097981,0.1661584068890851,9.503423960222856,-7.976884987801263,2,57
0.619706624,0.3391993218688163,0.1280379241979716,10.713964343723024,-8.134454369355204,2,58
0.624822528,0.3871845302789368,0.0892615211520185,9.61511703385746,-7.978594298126024,2,58
0.62983424,0.4399526518802167,0.0480387119465449,10.527816452382712,-7.826677431854057,2,59
0.634637568,0.4905076809543701,0.0115687422042578,10.118735475573295,-7.6620577144393955,2,59
0.639716608,0.5479144729714757,-0.0309318482565314,11.462385355959064,-7.264425729036675,2,60
0.644490752,0.6004891901163233,-0.0654032004298041,10.521577020027536,-6.627350388246105,2,60
0.64979328,0.6537818223603601,-0.0977527028424462,10.623732536307829,-6.603369599487639,2,61
0.654834176,0.7055857999281534,-0.1250247861815662,10.37035931187746,-5.805477962373625,2,61
0.659620864,0.7539815929588518,-0.1544537076225774,9.688363447432543,-5.5832353366350365,2,62
0.664614912,0.8025331796726053,-0.1790857727365681,9.709965411235425,-5.403316672426232,2,62
0.669819136,0.8550273342736211,-0.2014006734815732,10.48416895470734,-4.93306489117441,2,63
0.674887936,0.8678119155003093,-0.2271784227701212,2.61215022108716,-4.276794101410215,2,63
0.679866112,0.9193197826997532,-0.2484757505669431,10.24899167105428,-4.240701983436656,2,64
0.685022464,0.9503755330197832,-0.2661764942641244,6.282651130578382,-4.111676445282487,2,65
0.689804288,0.9798244200769204,-0.2697043934285417,5.89539527215678,-0.9869828667212972,2,65
0.694907136,0.9843523796408612,-0.2684780625156397,0.9584091381357832,0.6008763549147811,2,65
0.70903936,0.9342410291211278,-0.268964909081924,-9.946886484862723,-0.0557090891314993,2,67
0.7224832,0.9274382717587256,-0.2541028510319809,-1.4181510266586912,-0.6464631209958618,2,68
0.723378944,0.9096688264071856,-0.2505048817528977,-3.367235594803033,0.4858047771926768,2,68
0.724738304,0.8169284754639133,-0.2450446883056466,-17.694078294132105,2.204107875043817,2,68
0.730771712,0.8391586219895599,-0.2355587367534469,4.187064733694864,-0.1202425443876911,2,69
0.732749824,0.8656372510120806,-0.2412167797801259,5.262569585661812,-2.071857577572773,2,69
0.738269184,0.8872903313666259,-0.2410439860307202,4.335809203014796,0.4976953522891745,2,70
0.742634752,0.8982061137364117,-0.2418724154567377,2.199637650780671,-0.0521684037663304,2,70
0.747826432,0.8862105520152218,-0.248482452509897,-2.327255564040581,-1.331152098371474,2,71
0.752451072,0.909640108978698,-0.2479321812814691,4.637136672840594,0.2890542896661998,2,71
0.757409536,0.9160730127462592,-0.2560065286483134,1.324135662685665,-1.6434419156650932,2,72
0.762522624,0.9246293454423412,-0.2613741094152209,1.703832954106118,-1.3599504171108538,2,72
0.767477504,0.918255659098552,-0.2617742471501785,-1.21665040417543,-0.1313059155074781,2,73
0.774847744,0.9423508005402198,-0.2727808369954942,4.743621408069208,-1.5327024901523378,2,73
0.777177344,0.9570550405667304,-0.2728569141094951,2.9681539059570574,-0.3684542623487632,2,74
0.782301184,0.9649551734841844,-0.2725079017932,1.5883242750871789,0.0699834655925389,2,74
0.78742528,0.968995827553351,-0.2759415399166653,0.8284190047347074,-0.6638059480358965,2,75
0.792509952,0.9812116757798468,-0.273982716664213,2.411232052700787,0.280131512539126,2,75
0.797520128,0.9876468425933967,-0.2682305248853333,1.3086174117685854,1.1370571702860737,2,76
0.802637824,0.994217514605538,-0.2655702910723405,1.3136262833394832,0.4817593736295888,2,76
0.807453952,0.996241536741616,-0.2587009702093355,0.4151410467729982,1.3545754740180684,2,77
0.813235712,0.9574876400026142,-0.2442535797935954,-7.684970602641743,2.2621486420658443,2,77
0.817418752,0.9696862934577668,-0.2383203657251216,2.237589545583279,1.9672046396206413,2,78
0.82256,0.9598150716875414,-0.2264010990329309,-1.9041044766164756,2.4737482270229774,2,78
0.827507712,0.9626203140934888,-0.2138470390121521,0.5184285995647497,2.5336536935832887,2,79
0.832331776,0.9639867358143636,-0.2004904116981433,0.2760391725269241,2.4085800865885063,2,79
0.83718784,0.9601340253067484,-0.186807614838568,-0.7635343329231439,2.5448752109379016,2,80
0.842566656,0.9618110551299096,-0.1781339113209244,0.3154377467742124,2.089820549283408,2,80
0.847450624,0.9631817111803622,-0.1679593004884355,0.2752036068563179,2.226380903626804,2,81
0.0,0.993408186509097,2.345312066096404,0.0511913892101922,-0.0742485008968817,3,-4
0.005208064,0.993185845954621,2.344678033311007,-0.0429522467695157,-0.1282148183877987,3,-3
0.010294784,0.9939157167706028,2.3453030550915006,0.1446968064799039,0.1701026870191126,3,-3
0.01462528,0.99361567011677,2.345691409499401,-0.0576316649941153,0.1155519447896281,3,-3
0.019598592,0.9939597070604808,2.3458796017936008,0.0668157515491358,0.0502389709371402,3,-2
0.0250048,0.9945728834738342,2.347219331565371,0.1217827298615542,0.2650807363650132,3,-1
0.0299648,0.9946594488880004,2.348276353297809,0.0190967301662738,0.2133965040600427,3,-1
0.034443008,0.995732671607336,2.349674301521135,0.2122370932289729,0.2788836941547059,3,-1
0.039570432,0.9953849606390266,2.3518994746474613,-0.0677467000586627,0.4137163507864688,3,0
0.044840448,0.9958112806794276,2.3545524694041595,0.0821646215332031,0.5730559390779744,3,0
0.049726464,0.999013877555777,2.35248352830569,0.6308170183274046,-0.3451916796991876,3,1
0.05472128,0.99442036418269,2.3492675762222834,-0.8924065881701302,-0.6538100745938413,3,1
0.059609088,0.9917080269864216,2.3498133269502985,-0.546002962001814,0.1705011263969573,3,2
0.064456192,0.9904653645678648,2.3576631136908976,-0.2518177120208701,1.567110219367576,3,2
0.069675776,0.9892241731773882,2.359268297270235,-0.2482437165413089,0.4998182586701605,3,3
0.074441216,0.9864668828318924,2.3521857858472663,-0.5494592896966763,-1.35894664054835,3,3
0.079554304,0.9787518979895634,2.3454215087061443,-1.5307630556776202,-1.314964942808442,3,4
0.084662528,0.9731966272542436,2.343334028169646,-1.1207604865696432,-0.5267409470365677,3,4
0.089789696,0.9700801564008628,2.339506407638256,-0.6323906118059548,-0.7765455849561312,3,5
0.09458432,0.964639428143598,2.3419250736545014,-1.0799611209394706,0.3846346305562607,3,5
0.099580416,0.95956782154496,2.336315842113626,-1.015528638594621,-1.1570119389091948,3,6
0.105090816,0.9505608798417324,2.322392025066212,-1.7965927504355954,-1.719720829534553,3,7
0.110255616,0.9418645608291468,2.312667222019465,-1.7396457472207276,-1.9253677900372963,3,7
0.114519296,0.9336940678181808,2.307862175327473,-1.636052811864415,-1.727977142672443,3,7
0.12059392,0.9199489707543352,2.302293631941047,-2.734452041476914,-1.1494158320797934,3,8
0.124604928,0.91186644145955,2.293342915174124,-1.6401871317895358,-1.8960806049224117,3,8
0.129725696,0.897035022502344,2.277687606070592,-2.9568824208924216,-2.1873668883728565,3,9
0.13450752,0.8853466688447708,2.263522725121205,-2.3449096514349024,-2.815819857830827,3,9
0.139748352,0.8702848292434027,2.245366095798813,-2.99101551856416,-4.09787397100026,3,10
0.1446336,0.8570575440268478,2.22582890182859,-2.653521874904429,-4.178786097338922,3,10
0.149718016,0.8404382569318383,2.210540809713464,-3.312234163803311,-3.194932512314793,3,11
0.154281984,0.8278486363840294,2.1906698617161457,-2.523688946177697,-3.541431750943264,3,11
0.159429632,0.8137655608482645,2.1720155056176558,-2.8130701640503317,-3.868199259329205,3,12
0.16464,0.7954027251577649,2.15240403463968,-3.653387888257076,-4.265823547012687,3,12
0.169273856,0.7774264230956336,2.126709169982147,-3.595795723311688,-4.369038508187095,3,13
0.175633408,0.7592293727887639,2.1006401521755578,-3.638885899008353,-4.019709296680291,3,14
0.179721984,0.7326506046768619,2.0825688317653865,-5.237257846293372,-5.391590631061035,3,14
0.184576,0.7164129108384277,2.061504928813582,-3.3167686363684705,-3.6624361406597536,3,14
0.189438464,0.6926308327210405,2.041949709003389,-4.738473100737072,-3.886857338073676,3,15
0.194601472,0.6710221975007878,2.0215731151260523,-4.3285059805899895,-4.588541329300277,3,15
0.199629824,0.645515378515945,2.001807168640795,-5.087612261703867,-4.294897511448713,3,16
0.20484608,0.6211170579283242,1.9782374019306204,-4.883279082092482,-4.46510770002364,3,16
0.209548288,0.6004076947022674,1.9565262914386417,-4.157017924701645,-4.6705241630038845,3,17
0.214559232,0.5788513323604147,1.9311675749698416,-4.308052071078257,-4.34327602546779,3,17
0.21910528,0.5556627465949119,1.906897301846284,-4.635294350576316,-4.400877104935089,3,18
0.224599296,0.5347974554640332,1.8883545306135583,-4.181653122813276,-4.351929810991591,3,18
0.229666304,0.508903159271452,1.8677761496053649,-5.158431208052902,-4.477377831521993,3,19
0.234572032,0.4847566725596202,1.844112412620787,-4.835159708425156,-4.970306259830028,3,19
0.239302144,0.4611906489019812,1.816495677796216,-4.713985879839239,-4.417873859766438,3,20
0.2444416,0.4368872255750263,1.789963822416297,-4.858975134280662,-5.010332050871477,3,20
0.249591808,0.4113935163390577,1.7689526415975791,-5.09497139093868,-4.736104677644581,3,21
0.254475776,0.3888616383324453,1.749636768872542,-4.516097725750021,-4.538895417593034,3,21
0.25956736,0.3625157496184654,1.7224646879256291,-5.257399829129415,-5.15151971046141,3,22
0.26422528,0.3368354746315262,1.694366514713845,-5.137300926610534,-5.048995483465351,3,22
0.269299712,0.3121839466522261,1.670296182632525,-4.931636970583013,-4.538301749308341,3,23
0.274490624,0.2895317232114939,1.6456323672995894,-4.537041700242266,-5.301011037543621,3,23
0.279609088,0.2628433694716623,1.622966545980726,-5.322716892261859,-5.093518462352606,3,24
0.284562688,0.2400212710388267,1.5976038629184026,-4.5793628941816005,-5.124694538848898,3,24
0.289282816,0.2150017470599611,1.5685400513409928,-4.998783040109679,-4.9614430348245335,3,25
0.294384128,0.1899817462940183,1.5411037372571474,-5.003998968505711,-5.24886904298558,3,25
0.29963776,0.1685850700672286,1.5209791913777366,-4.290040762511246,-4.682542480220724,3,26
0.304475904,0.1476555053178151,1.492921514909082,-4.186640747499643,-5.28282722268149,3,26
0.309385216,0.1237452537159856,1.468180864750818,-4.775482679013601,-4.7792935376904735,3,27
0.314563072,0.097407203038109,1.4477780469854804,-5.260415771589197,-4.710808615136643,3,27
0.319649792,0.074582994977854,1.4255124719092094,-4.575940003460073,-4.649834784704429,3,28
0.324573184,0.0507055214186493,1.404111003708855,-4.771282522837671,-4.654345391895074,3,28
0.329182464,0.026821912482336,1.376726103141283,-4.776713142964439,-4.676205047542522,3,29
0.334411264,0.0106742120018686,1.3517580294942662,-3.2440364305022547,-4.593306539798969,3,29
0.33958656,-0.010784509859369,1.332592176100839,-4.2725243762733935,-4.345917069166029,3,30
0.34455168,-0.0343867970177628,1.3134424570971817,-4.712713337397125,-4.373481370932519,3,30
0.349476864,-0.0525037976593314,1.2919112934875856,-3.641900444052552,-4.192198713822845,3,31
0.354566656,-0.0710113763483871,1.2698684836108165,-3.700235025243428,-4.3116107061496685,3,31
0.359584256,-0.0935574948316755,1.2454895495568716,-4.496032589847905,-4.138970522994462,3,32
0.364429312,-0.1087942693175359,1.2247626786598425,-3.06451498665454,-4.092949417421296,3,32
0.369626112,-0.1257782718143495,1.207280597120966,-3.390779998556549,-3.970102444384276,3,33
0.374716416,-0.1404347112508038,1.1874941813000657,-2.939298620576977,-4.004452239687385,3,33
0.37997312,-0.1569016894468721,1.1671423450912362,-3.287260610115843,-3.983754485868877,3,34
0.384099584,-0.1732215046791361,1.146365564566852,-3.2641889809092843,-3.932396057753326,3,34
0.389464576,-0.1888352376256525,1.1248789850485157,-3.124182302250691,-3.957912928735955,3,35
0.394594304,-0.1983278991956741,1.1088503133079537,-1.9217358606683173,-3.6466774088450977,3,35
0.399664896,-0.2113719100621566,1.0926232681483372,-2.5663743968241173,-3.650076423412374,3,36
0.40425856,-0.2188967647364873,1.07195028233953,-1.5127111348979247,-3.5015149836151065,3,36
0.40928,-0.2323431208411887,1.0545550251837168,-2.6766511844011944,-3.4189427609171936,3,37
0.41443584,-0.2412889000749663,1.0395894430868575,-1.8038608558298568,-3.228410254457531,3,37
0.41948416,-0.2481633376146647,1.0223013517983968,-1.3775200746394851,-3.1367958018479265,3,38
0.424343552,-0.2589066464674109,1.0075671957052967,-2.1403407442766227,-3.033638013845766,3,38
0.429700608,-0.2635641766329255,0.9948299770147196,-0.9524048794224872,-2.9880976377937563,3,39
0.434718208,-0.2662445177202809,0.9821515306389448,-0.5436487527355691,-2.8753637558809557,3,39
0.439621376,-0.2730143235030955,0.9692369483068882,-1.3369430462845608,-2.760209823331855,3,40
0.444771072,-0.2749101154617552,0.9525796294151752,-0.3948221718744382,-2.668304617032903,3,40
0.449641984,-0.2791456852313764,0.9394173857936354,-0.8406498659137795,-2.376856098780254,3,41
0.454744832,-0.2782887099351791,0.929561787471986,0.1548910872332007,-2.294397614552832,3,41
0.45996928,-0.2792112281967553,0.9182412645362064,-0.1781511152856781,-2.28660772405205,3,42
0.464471808,-0.2782223526716402,0.9060285867993616,0.1946272377939805,-2.0765947481011358,3,42
0.469757696,-0.2770056677403862,0.8944403161476749,0.2428077076729668,-2.292924437362871,3,43
0.47502592,-0.2692748902122673,0.8857032361780727,1.5144678592183072,-2.077184943146683,3,44
0.479723776,-0.2641175267149293,0.8772077180781752,1.0431431278687704,-1.9418485020837888,3,44
0.484798208,-0.2558443246087121,0.8676032103087228,1.64202543530614,-1.9059513519432072,3,44
0.489564416,-0.2479839052898165,0.8569115645830236,1.5727670036742978,-1.865205217028308,3,45
0.494426624,-0.2382926627090786,0.8475949981058416,1.9331509185377904,-1.830764806984042,3,45
0.499758592,-0.2256379938094305,0.8385744799041845,2.519679546390249,-1.9798259295429503,3,46
0.504729856,-0.2138635108718584,0.8297366019039965,2.358228836824128,-1.9185094010169763,3,46
0.509428992,-0.1976361525031639,0.8180739634882094,3.239228406132886,-1.92988177367892,3,47
0.514483712,-0.1851290886106683,0.8089521297593047,2.5105903664432168,-1.834124278881004,3,47
0.52002688,-0.1660718573354334,0.7990465625103381,3.79239034551886,-2.0757913188610218,3,48
0.52484352,-0.1485780611435292,0.7891850381313142,3.504304688578173,-2.1413510613488804,3,48
0.529561856,-0.1309919358120899,0.776294733355189,3.5170112503767568,-2.368567590152852,3,49
0.534911744,-0.1064083405966151,0.7627497433471064,4.900139578766675,-2.4941048674021142,3,49
0.540179712,-0.082954753868623,0.7514231469442708,4.6941872220021,-2.5071726935534366,3,50
0.544734208,-0.0541951182484243,0.7393604569478379,5.728178443756835,-2.749107093280645,3,50
0.549736704,-0.0238539849819195,0.7234051625934561,6.062881889812166,-3.220273687852337,3,51
0.554268928,0.0079595394737474,0.704148061894617,6.360634893233434,-3.3842700871654,3,51
0.56019968,0.0433736025410436,0.6828195019656013,7.0762174831820985,-3.860733592725112,3,52
0.565206784,0.0809379619235274,0.663833539699866,7.503733715489185,-4.519819683432498,3,53
0.569856512,0.1287727021783781,0.6206728642364389,9.522991206025264,-8.371012413846028,3,53
0.574834944,0.1739568321367481,0.585112002813524,9.04265785699343,-6.740127470443396,3,53
0.579916544,0.2209169825884941,0.5537367095809935,9.385026365546295,-6.598267018239458,3,54
0.584644352,0.2721858572575429,0.5095519120818155,10.238920495779457,-9.771390267043742,3,54
0.590035968,0.3255599014374882,0.460039981998715,10.667391493139526,-9.431788736081383,3,55
0.59476992,0.3827168302869587,0.4209098788782927,11.41436615607103,-8.009296000042685,3,55
0.599547904,0.4420232173524215,0.3713518140023262,11.855146388631196,-8.843035075969343,3,56
0.604539904,0.5038107333358013,0.3189253090605426,12.351463782579028,-9.412205675080232,3,56
0.60988928,0.5722447808795187,0.2810234483851606,13.664290686611857,-9.242483504069158,3,57
0.614914816,0.6388448058206374,0.2369797842570811,13.32749878388614,-9.084473080907411,3,57
0.619717376,0.710808610220276,0.1842067720428535,14.385390579779138,-8.902348655778066,3,58
0.624528896,0.7805435538423153,0.1470281768712337,13.952087579819452,-7.738864549877472,3,58
0.629733632,0.8488146071601198,0.1145730786407692,13.658894081323195,-7.061999913501425,3,59
0.634753024,0.8656001178055109,0.08319156262605,3.562803529680661,-6.374203858863623,3,59
0.639482112,0.9122567214762476,0.0577577499592607,9.2880197866474,-4.9209382042372685,3,60
0.64459264,0.9343782991452734,0.0316060337645384,4.496000479340569,-5.189122496225113,3,60
0.666738944,1.0536647669874235,0.0105115973645373,23.781629070813928,-1.7279800356971395,3,63
0.692359168,0.9417271065365403,0.0437103363236315,-19.22771162357746,5.786825402051866,3,65
0.697478144,0.9249182701255156,0.0744129483948133,-3.5474787144239563,3.833895264817098,3,66
0.697796352,0.8947708333420902,0.0753600063321151,-5.774802106856063,3.521092950979376,3,66
0.702654464,0.8678958412284898,0.107485893953264,-5.382240015015118,3.11152529568516,3,66
0.707592448,0.8665697033562626,0.1201229002079236,-0.3546972463175963,2.77420109664156,3,67
0.71273728,0.8404628053435564,0.1350081080287539,-5.128094857872563,3.040481650430183,3,67
0.717667072,0.8156014870123239,0.1486709876360711,-4.976607279355268,2.936721376812635,3,68
0.722639104,0.7890326148299062,0.1649189236586651,-5.30797031874249,3.059893607543424,3,68
0.727465984,0.7637385568383136,0.1770859291738523,-5.061777073360928,2.086294139004547,3,69
0.734833664,0.7413679987777001,0.1988961016981095,-4.4843292795801295,3.182693154704168,3,69
0.737569792,0.7191036547659285,0.2046291254230616,-4.453551448266248,2.698773987307144,3,70
0.74331136,0.6994139214126472,0.2174629231596328,-3.9452994186323114,2.571233573528632,3,70
0.747744512,0.6821954251966013,0.2287662207043959,-3.454145500170328,2.530173496774028,3,71
0.752350464,0.6617455399109051,0.2479297801337252,-4.085498120294885,3.28177097869814,3,71
0.75831936,0.6468317974822517,0.2628361772035988,-2.988967270795614,2.23896631617825,3,72
0.762408704,0.6311414840747953,0.271449338614735,-3.1359545627766434,2.5464555620297946,3,72
0.76765568,0.6171395739406069,0.2794909628225226,-2.805304963779853,1.7089352237608075,3,73
0.772542976,0.6030787716470142,0.2881756284197604,-2.8119191678652764,1.774006775933584,3,73
0.777650176,0.5956300347879059,0.2972299256840977,-1.5143016369971425,1.7925373306703818,3,74
0.782621696,0.5876955832682519,0.3049837147075117,-1.5850934925223197,1.497806084779802,3,74
0.787392768,0.5805199668811418,0.3125327389121434,-1.436782202711773,1.3752888335277853,3,75
0.792404224,0.5759772027597597,0.31897877258062,-0.9129460772765094,1.230909267717413,3,75
0.797604352,0.5636319356601055,0.3243386186424172,-2.4461609906547404,1.215587458799257,3,76
0.802527744,0.5551916671911276,0.3284003467517995,-1.7008356813122192,0.8708734054403778,3,76
0.807645696,0.5511166257855886,0.3313774251174882,-0.8323169772098917,0.5892726950907227,3,77
0.812274176,0.5497230708571043,0.3345224549924792,-0.2823859053800974,0.5551846171148661,3,77
0.817336832,0.545799332023492,0.3382273577097783,-0.7816768446165093,0.733062870477533,3,78
0.822469632,0.5465930494436414,0.3393561528987824,0.1435589388212951,0.3399981916449736,3,78
0.827611904,0.5477011570798207,0.3405157902347254,0.2206041338254279,0.2375017861167536,3,79
0.832496128,0.5441462524001489,0.3422649357312708,-0.6949984923802117,0.3481072492314245,3,79
0.837459712,0.5450598062754781,0.3370507890912648,0.1679557782894479,-1.0441949322851078,3,80
0.842623488,0.5535901929603586,0.3340503506868689,1.6825049336970217,-0.6557812776154957,3,80
0.847238656,0.5597799371805932,0.3326428888455934,1.2410462513680742,-0.2553898193146829,3,81
0.852334336,0.5646461823526232,0.3301499319775144,0.9749503437524336,-0.4904724769384201,3,81
0.0,0.9932071470205706,2.338041441332249,-0.0062273159005643,0.1843748446883169,4,-4
0.003879936,0.994222453607157,2.3375226146338326,0.1967312781325646,-0.064006347716924,4,-4
0.00911872,0.993648410991854,2.337703246683395,-0.1098647850175416,0.0276636652530588,4,-3
0.014114048,0.9935892954623302,2.338218795673363,-0.0124681641652045,0.0873493118215461,4,-3
0.01874304,0.993595606162523,2.337909116653885,0.0011002473553182,-0.0599345138219148,4,-2
0.023799296,0.993640431827296,2.338840515838564,0.0088800816754277,0.174963193732537,4,-2
0.029183488,0.9938680901043913,2.3401384137107843,0.0448895924361008,0.2807075735978807,4,-1
0.03369472,0.9951402509387482,2.3424528259443083,0.2527623082773743,0.4330440021572689,4,-1
0.038832384,0.9948166244486236,2.342749142241804,-0.0625779639725456,0.0578177934605213,4,0
0.043737344,0.998604892669638,2.3451313721338813,0.7488021237660284,0.4741802679139068,4,0
0.049649408,0.9933020492192708,2.344506881066846,-1.0502208264106547,-0.2439239462615079,4,1
0.053561856,0.9925710853583402,2.3441893057136216,-0.1542083663897485,-0.1072107943480287,4,1
0.058696704,0.9912471414454356,2.344528394641804,-0.2641258382225721,0.0690420058569703,4,2
0.063871232,0.989264671328111,2.3515933646813303,-0.3940377718407284,1.4117199486878065,4,2
0.06904192,0.9878881156959854,2.347294958377248,-0.2776148012995346,-0.5943142658375034,4,3
0.073991424,0.9868406227266058,2.3499323989556764,-0.2107890356906239,0.4350975812161062,4,3
0.07884032,0.9881801579443928,2.349573658504176,0.2597914258263274,-0.0434834236859384,4,4
0.083816448,0.9835116472519544,2.342139773472977,-0.8252811129721558,-1.5360283712866547,4,4
0.088986368,0.9823377192069668,2.3383324877064204,-0.2469452479147119,-0.6587754952102152,4,5
0.093701888,0.9788051918159024,2.331806122757634,-0.70012810536262,-1.3020235761400771,4,5
0.098726656,0.9732746700243846,2.32741070141728,-1.1004332617297123,-1.1054090317022345,4,6
0.103924224,0.9693488837965208,2.3233136689429124,-0.7916892416048487,-0.8446994316173545,4,6
0.1090432,0.9592602221743778,2.309635628410423,-1.9947512734395192,-2.661035843738748,4,7
0.114025728,0.9482424898222224,2.2980443396060504,-2.2003891320767046,-2.482698290504044,4,7
0.118789632,0.9388087807821532,2.29114381877518,-1.8934097724702084,-1.402181080095244,4,8
0.123433216,0.923107143653891,2.276042825566991,-3.131489478706246,-2.87910219858504,4,8
0.128717312,0.910806538786631,2.257897173272049,-2.467013294559949,-3.380803239071533,4,9
0.13387392,0.8936721438208779,2.242265025209257,-3.358716804958297,-3.7619863257377713,4,9
0.13874304,0.8777439096264714,2.2309549483964384,-3.189870432154698,-2.7349353664213574,4,10
0.144629248,0.8610116436735439,2.203166518987763,-3.3453617128961515,-4.550449569029436,4,10
0.148599808,0.8414114829622072,2.191004069901161,-3.912329880580004,-3.9749342047277647,4,11
0.15381248,0.823260108240942,2.1713665897482373,-3.635096218993117,-4.054425815014842,4,11
0.158524928,0.8020695704432963,2.145199905862068,-4.233931049144928,-4.523247838993596,4,12
0.163417088,0.7782179502089331,2.1207042596176806,-4.7663728396157286,-4.735758710012887,4,12
0.16865792,0.7588052443476356,2.1022308313099423,-3.900091364091294,-4.283975360413321,4,13
0.173761536,0.7301636826487563,2.08160470719698,-5.69435133800073,-4.631001366180689,4,13
0.180637952,0.7088996035074803,2.043839419549234,-4.270858659250204,-4.587993699107756,4,14
0.183369472,0.6878490432274104,2.0309313755936653,-4.210766660158591,-4.545673097116588,4,14
0.188556032,0.6621622957112485,2.0176795021126623,-5.124161075173449,-3.0281899023266448,4,15
0.193679872,0.636546751723438,1.98934542630607,-5.123388374040223,-5.722550473828411,4,15
0.198833408,0.6115898378325547,1.959959042351229,-4.993639439066526,-5.92291215309552,4,16
0.203472128,0.581756824453243,1.9352271285518556,-5.952544283014811,-4.637630731513775,4,16
0.208523008,0.5611400302432805,1.9118179128714496,-4.144416463856955,-4.563584881987019,4,17
0.213766144,0.5355354322575191,1.8887891441524272,-5.1009394252782565,-4.891998037751135,4,17
0.218786816,0.5099792554465271,1.864275284774457,-5.111390230537998,-5.036308981377148,4,18
0.223572992,0.4877798135423529,1.8360087335844448,-4.445967848971383,-4.94171196547429,4,18
0.228573952,0.4589936063038534,1.8107700816973011,-5.747183771589894,-4.925836534113187,4,19
0.233780736,0.4303596430038375,1.7894389239659794,-5.727307132873157,-5.068393520336288,4,19
0.238616064,0.4063677729174261,1.7647974611119632,-4.817644563737827,-5.495688984091883,4,20
0.243668224,0.3829793644232333,1.7366425499427516,-4.679573466476247,-5.37323771120451,4,20
0.24854912,0.3521810733398855,1.7062547305583784,-6.150159876786222,-4.985777709192265,4,21
0.255502592,0.324511199058612,1.6794251771739992,-5.540069695448701,-5.516588878550272,4,22
0.261032704,0.299026151987692,1.654568641365324,-5.103486114876828,-5.361726044876939,4,22
0.265998336,0.2696540469948015,1.629072389499921,-5.860414303708444,-5.735935849431776,4,23
0.27073536,0.2414640847485445,1.5977087704677582,-5.639711976623864,-5.437403739209649,4,23
0.275689984,0.2158917826313263,1.5672092335750163,-5.117762440046464,-5.7201862266866135,4,24
0.281626368,0.1888540812604647,1.5410456826332346,-5.4030365499967,-5.554741152402832,4,24
0.286244096,0.1650721473967736,1.516921808968031,-4.768425755358704,-5.744402442678405,4,25
0.29118208,0.1377386219799138,1.487590310168783,-5.452205794823546,-5.529219835790817,4,25
0.29576704,0.1091244260716861,1.4582800582160431,-5.7211395622321,-4.987831377497685,4,26
0.300893696,0.0817154701923809,1.4289787067108124,-5.483271252973232,-5.543172527487461,4,26
0.30621696,0.0523567779481331,1.4064216084353935,-5.8645902488508215,-5.741524152003874,4,27
0.31132928,0.0270332033296583,1.3774976945840345,-5.078207861078924,-5.784049221057639,4,27
0.31604864,-0.0021612033927276,1.3464522697003245,-5.8289599228224045,-5.378946665756446,4,28
0.321258496,-0.0259873336766408,1.322192611080221,-4.783896498479568,-5.219687488409537,4,28
0.32616192,-0.0534497234282909,1.296381949917202,-5.47970714254116,-5.453102632014091,4,29
0.33177344,-0.0809977867153705,1.2612765779009587,-5.50950536827395,-4.902964161068232,4,29
0.336027392,-0.1056778956026645,1.244588396678448,-4.945536561433257,-5.328002268716027,4,30
0.341070336,-0.1280502761758289,1.2187692816719953,-4.482394332228929,-5.41327444622332,4,30
0.346530816,-0.1556412240079274,1.1889319322772978,-5.498002817106936,-5.397298775360049,4,31
0.351506432,-0.1809001723886177,1.1613261170246512,-5.05724195313258,-5.342719665971568,4,31
0.356336896,-0.2036452399787703,1.1359252973256189,-4.5548507644189655,-5.440101194911319,4,32
0.361709312,-0.2275676209224113,1.1088716917878545,-4.780037484882024,-5.342452704547123,4,32
0.366531584,-0.254058899441262,1.087000274709143,-5.286706424034268,-5.319608714119684,4,33
0.371581696,-0.2710304152214599,1.0558828842392232,-3.434186114155472,-5.068848454166449,4,33
0.376244736,-0.2875741437081353,1.0277723610450684,-3.3097197229381474,-5.227203991624833,4,34
0.381427456,-0.3118621233348959,1.0050767747790057,-4.837156105522064,-5.153596416929362,4,34
0.386499072,-0.3277449506704342,0.9846292325659308,-3.2041469221072933,-4.955463202501857,4,35
0.391452672,-0.348032875069181,0.9621979334252468,-4.039975383968159,-4.841169215487791,4,35
0.396402944,-0.3638398548564161,0.9364305495266728,-3.1767817734886123,-4.562475871945942,4,36
0.401163008,-0.3808680885419034,0.9105945696561912,-3.403302247509705,-4.401782700781224,4,36
0.406373632,-0.3961276784684459,0.8914851641621381,-3.0554757516767093,-4.244179096237682,4,37
0.41161472,-0.4120147611881775,0.8705734872921076,-3.139042656877987,-4.107806131839748,4,37
0.416317696,-0.424535557688907,0.8519127218189213,-2.5284177269154795,-3.8084801047083454,4,38
0.421123328,-0.4412255100971939,0.8307811791979878,-3.332459188629343,-3.779307558573664,4,38
0.426172928,-0.4510185148599797,0.8137438039906683,-1.974392037488617,-3.31459369194877,4,39
0.431548416,-0.4673016736325013,0.7965153218790052,-3.231866491506125,-3.754474662130476,4,39
0.43671808,-0.4790415177304331,0.7786532473106655,-2.362783485191948,-3.7138453024003217,4,40
0.441050368,-0.4908479832349947,0.7552016585920897,-2.3611926966633368,-4.417544749105458,4,40
0.446728448,-0.5044486526207207,0.7202721919832146,-2.7179024411718737,-6.463296058206689,4,41
0.45153152,-0.5093566635944361,0.684666406274819,-1.0037209184377642,-8.03308649142534,4,41
0.456697856,-0.5214417050910835,0.6595772479584892,-2.389681353123502,-5.343814655397575,4,42
0.461610496,-0.5282318133578436,0.6415918526075554,-1.3804582782824286,-4.094377438533382,4,42
0.466115072,-0.5356510956546235,0.6164861307085477,-1.4829768515266064,-4.429986895095127,4,43
0.47118592,-0.5405408101025478,0.5933585363099577,-0.9807285320937024,-3.9005046435950983,4,43
0.476243456,-0.5495416809646924,0.5463844186612631,-1.7901696488003518,-9.8894889250362,4,44
0.481603072,-0.5550974534163761,0.5182508771778696,-1.1241881438310175,-7.141663411180171,4,44
0.48618752,-0.5557368268165067,0.4979270311038117,-0.1350661470592441,-3.553283736020989,4,45
0.491072256,-0.5576291119969385,0.4788924503000678,-0.3767629359903662,-3.4371083610484305,4,45
0.496355584,-0.5579711802859858,0.4613135403681112,-0.0741994330871204,-3.9617937530729432,4,46
0.50133248,-0.5600968342013012,0.4458013571286309,-0.4190569658537637,-3.620080490482055,4,46
0.506472192,-0.561838337727492,0.4327521939324071,-0.3494844155516862,-2.7068757750460963,4,47
0.511756288,-0.5616319736278355,0.416907104141532,0.034735655985582,-2.9951771719059304,4,47
0.516400384,-0.5598139333862312,0.4020241707986487,0.3577913925246272,-3.1427440525037813,4,48
0.521106944,-0.5563289857118618,0.3854755306178034,0.6943339113200506,-2.8582611806435687,4,48
0.526079232,-0.5512740079006526,0.3695267091660283,1.0081387610676418,-3.081761988950614,4,49
0.53352192,-0.5471138418311502,0.3447773572554472,0.8345550143667233,-3.637128621284517,4,49
0.53635072,-0.5390574098086808,0.3353640500198478,1.5870811450666336,-3.635142627893618,4,50
0.541340928,-0.5316163518158468,0.3162695027055604,1.4903087467688032,-3.6483059630767554,4,50
0.5461184,-0.5157422690799636,0.2960891385118186,3.158324974830555,-3.9430734356058057,4,51
0.551468544,-0.5151909006067881,0.2767966137335381,0.15616971510534,-4.002150631165503,4,51
0.556404992,-0.5063954531768461,0.2550595349676339,1.7310623518899364,-4.48995312717006,4,52
0.561301504,-0.4920669642456253,0.2344675807999009,2.845584991107114,-4.125620896319632,4,52
0.566217984,-0.4764884937903654,0.2164208965964385,3.1111129728629874,-4.227615203907086,4,53
0.57101824,-0.4685536244996505,0.1891369132217519,1.598763686279428,-4.774887960193737,4,53
0.576215296,-0.4496019340471139,0.1669898890957676,3.763346662729432,-3.8701465493790232,4,54
0.5813952,-0.4296802709683896,0.1425750617117605,3.9344887037424994,-4.92890905753798,4,54
0.586333184,-0.4178486944780812,0.1169019773700068,2.41105193271916,-5.4590603020018,4,55
0.591354368,-0.3940589306192487,0.0870645971298333,4.712161159071077,-5.744376731774537,4,55
0.596145408,-0.3715748665600432,0.0606660175229137,4.499602136546567,-5.241388525929182,4,56
0.601012736,-0.3520068801728335,0.0354306070531002,3.927249836666169,-5.595374543797264,4,56
0.606227456,-0.3280450644649131,0.0056512123983383,4.777743073642928,-6.108910214456676,4,57
0.61148032,-0.3078330897505817,-0.026994171717116,4.056541158768189,-6.252116766825969,4,57
0.61643904,-0.2747422644758884,-0.0612910352135139,6.568656608018598,-6.347389430890521,4,58
0.621234432,-0.2543971523610803,-0.0931339941566846,4.099341594247727,-6.255357775894408,4,58
0.62630656,-0.2259592469636173,-0.123403825605601,5.656229049857592,-6.305962192663513,4,59
0.63123072,-0.2101966875679578,-0.1543114698103008,3.203516390727421,-6.513929274947686,4,59
0.6356096,-0.1868501223016881,-0.1899065546298563,4.658234937677848,-6.299351525840919,4,60
0.641294336,-0.1716415662783678,-0.2231283852402728,3.0506536692228465,-6.084021611127588,4,60
0.647109888,-0.1521917453892285,-0.2490737693861076,3.876879444179335,-6.093859151925696,4,61
0.651717888,-0.1317771828083554,-0.2624366258603517,4.078166398736987,-3.4382968469057347,4,61
0.65657472,-0.1243034959989162,-0.2859850802600487,1.5192298235168211,-4.413775076455876,4,62
0.66157824,-0.1106901690351089,-0.30985405106612,2.6975143862119464,-5.11431699216505,4,62
0.6664256,-0.0994477530165558,-0.3322890796871362,2.256037885426779,-4.850160365029412,4,63
0.671513344,-0.0944151643686488,-0.3529279490733257,1.0269248804803564,-4.200334911880475,4,63
0.676789504,-0.0857006572920909,-0.3701858448649061,1.7289744528891884,-3.301033784898796,4,64
0.681581312,-0.0870935397883164,-0.388013911317322,-0.2526615117059525,-3.3000541619395625,4,64
0.68678144,-0.0887159222859066,-0.399054563557605,-0.323586391071944,-2.375159479210488,4,65
0.69175424,-0.0897377114871565,-0.41087234920074,-0.2068369993609192,-2.518508297523661,4,65
0.696466176,-0.0928592968026831,-0.4276519288584496,-0.621859127175633,-2.714187169735633,4,66
0.701407488,-0.0985210080554713,-0.4835041477203098,-1.1279606874576782,-11.241094037418012,4,66
0.706960128,-0.1052874334052872,-0.5048145378017621,-1.3492736087103343,-5.822209048251864,4,67
0.7118912,-0.1134232866169384,-0.5169944228147983,-1.6185506363816429,-2.6589220713086137,4,67
0.718372608,-0.126318724537954,-0.53745143352081,-2.5669903301762007,-2.5436146909225554,4,68
0.7216384,-0.1335805599998867,-0.545646319426798,-1.4618874090172649,-2.521950746071974,4,68
0.726528,-0.1464778654512141,-0.5572908367696894,-2.566961948205395,-2.445171219719879,4,69
0.73170688,-0.157793023890202,-0.5775019160703809,-2.269078998375433,-4.248782559539849,4,69
0.737588736,-0.1740278006382016,-0.5932017660489014,-3.2299594093947586,-3.1725150463620952,4,70
0.741890048,-0.1927311771990117,-0.6051648831461489,-3.731605659905756,-2.604908390138856,4,70
0.747020032,-0.2051983512818438,-0.6202746415198652,-2.512726531646489,-2.8781792336458665,4,71
0.75183872,-0.2251757014999384,-0.6313446864366994,-3.955508435496067,-2.3905147166658867,4,71
0.756969472,-0.2402628948601931,-0.6424039597343426,-3.033055251146632,-2.120274853482324,4,72
0.761965824,-0.2631502825887326,-0.652549379760083,-4.5495484610132815,-1.968976707227908,4,72
0.767249408,-0.2913182319412364,-0.6609445676622959,-5.617393243728888,-1.7348645902551671,4,73
0.772058112,-0.3110132961612653,-0.6673030258793266,-3.96689931688146,-1.3067990972143932,4,73
0.77728768,-0.3355546294889241,-0.6721064195873694,-4.893839149410537,-0.9187536111314426,4,74
0.781979648,-0.3621670370202841,-0.6760371429528977,-5.319719313065623,-0.6635141056559891,4,74
0.786952192,-0.3925338561035555,-0.6786275508562886,-6.0649023041672665,-0.5158183091891018,4,75
0.792357376,-0.4228573468356143,-0.6786050962692235,-6.064851733816276,-0.0688010043676056,4,75
0.79697792,-0.4564530425453592,-0.6769134732632275,-6.708107396655642,0.3439890019375085,4,76
0.80183296,-0.4938007916478252,-0.6742906086674374,-7.454265865465626,0.5161175871546843,4,76
0.806477824,-0.5316390975308092,-0.6704094868744515,-7.566482006058271,0.7263393822778845,4,77
0.811597056,-0.5751901121361277,-0.6638922872604682,-8.697635590241108,1.2689273098033615,4,77
0.816878848,-0.6185859894119431,-0.6412767274626376,-8.679727864093078,4.5436936666431205,4,78
0.821882624,-0.6640322044053552,-0.6284490694062725,-9.082243537306026,2.769674190528852,4,78
0.826839296,-0.7086478514441665,-0.62004119665039,-8.92579217280624,1.7067541398926749,4,79
0.831652096,-0.7569118717910703,-0.6090637850732211,-9.643685084611548,2.0535782374448743,4,79
0.836750592,-0.8114071078316146,-0.5980080042877809,-10.878251584191233,2.275570656451846,4,80
0.841722624,-0.8634006475468254,-0.5942915752658595,-10.407868649602731,0.820119766790983,4,80
0.846599936,-0.9155263594769408,-0.5854141988330369,-10.42468935119962,1.7557025220699516,4,81
0.851591936,-0.9722559534000094,-0.5643699847967655,-11.33556764729457,3.935908107580805,4,81
0.856589824,-1.0240635373000526,-0.5499178945678473,-10.372209674663376,2.7996293146118423,4,82
0.861646848,-1.0654819415851648,-0.5446743261274464,-8.327602253511134,1.223627985184935,4,82
0.866792448,-1.109793975154615,-0.5458931844878785,-8.852662491368719,-0.2038790761763987,4,83
0.871236096,-1.142281646547336,-0.560333195775325,-6.515322531847949,-2.7663688264823114,4,83
0.876501248,-1.1425321747082644,-0.5820577068951459,-0.1135147700768097,-4.75562158046972,4,84
0.881584896,-1.134913988041144,-0.6178462732080574,1.498270900279633,-7.27338740804602,4,84
0.886836736,-1.114423114502959,-0.6651476056358656,4.061352514400433,-9.62809272304763,4,85
0.891868416,-1.07778131704323,-0.7160220336370822,7.238348317808574,-11.131684737470046,4,85
0.896193024,-1.051439312184424,-0.7895771800823027,5.284165960436104,-12.233094331571367,4,86
0.901399296,-1.0169116872533617,-0.8556998009200287,6.893145064865744,-11.85053244616933,4,86
0.906586624,-0.982797074881219,-0.9174584971938756,6.824260117843424,-13.983882394306573,4,87
0.91168768,-0.954922737588693,-0.9371299992597968,5.596399678048706,-14.81452331943862,4,87
0.0,0.9925048720461184,2.3457576137592824,-0.0558071584682018,-0.0068844542581969,5,-4
0.004866048,0.9924845262951112,2.345283380991812,-0.0044109281048546,-0.085933563781325,5,-4
0.010464768,0.9921694007537556,2.345293261271757,-0.0627069229870115,0.0171574301708192,5,-3
0.015104,0.9923938811192248,2.343937461607791,0.0431214609337238,-0.283740365535586,5,-2
0.020229888,0.9930511951906152,2.3432897314780443,0.1300976535727227,-0.1819153717348643,5,-2
0.024754176,0.993254076593953,2.343350743112413,0.0412570981368732,0.018873793902104,5,-2
0.030042112,0.9934030985919544,2.343226929860842,0.0299263356335294,-0.026758546626157,5,-1
0.034959104,0.9958248648963468,2.344192874772751,0.3324116350613847,0.1883113825120268,5,-1
0.040342528,0.9949050046480707,2.3461871348128094,-0.1649496147185678,0.3881432956272661,5,0
0.044662016,0.9960394249080976,2.345888448161308,0.2212236619842391,-0.0287823612619615,5,0
0.050217728,0.9946199877611676,2.3509043192501067,-0.2756027510623674,0.9918337761144986,5,1
0.055004928,0.9923904288700558,2.355860998613042,-0.4432365611406966,1.145695555124371,5,2
0.059873024,0.9908053147013858,2.356222715870301,-0.3178307002722825,-0.0726644594055337,5,2
0.064728576,0.9896211285342804,2.3511216173812266,-0.2378038819913094,-1.0276542049410775,5,2
0.07003904,0.9881032916893022,2.3476601462173874,-0.3025203580876958,-0.8541281422115397,5,3
0.075133696,0.9838901152877272,2.3460917862873325,-0.8319192440226943,-0.3426160653592664,5,4
0.080340992,0.9764615424311642,2.350606332053819,-1.4757468105576672,0.8972237001485983,5,4
0.085041664,0.971735638833302,2.3493896247821757,-0.9603750475535,-0.1144667194468911,5,5
0.089549568,0.9682799708089216,2.3398527606953725,-0.6929053055655323,-1.8002194906659796,5,5
0.094649344,0.9631622242580056,2.3391691077563714,-1.0197324457121228,0.1612272171732969,5,5
0.0999744,0.9566460243625028,2.330805485197448,-1.2987845163781584,-1.5993806060017723,5,6
0.104630784,0.9478162978631308,2.321786325224116,-1.7626009380540122,-1.6162823151172605,5,6
0.109952768,0.9397110541483392,2.3169878809386946,-1.648256368507047,-0.9490940973854196,5,7
0.11484032,0.9318891332883504,2.3051105173768303,-1.571497096884655,-2.5411368716505223,5,7
0.119893504,0.9195626012654572,2.2960700232681104,-2.446451980709997,-1.8715667213280387,5,8
0.125007104,0.9059695034742414,2.2845871868418475,-2.712797573806074,-2.221966648356128,5,9
0.129776384,0.8937549258419836,2.265373043455093,-2.446199145277021,-3.442059126123295,5,9
0.134725376,0.8785201976406893,2.254445480415281,-3.038716092338884,-2.8446198824418096,5,9
0.139917312,0.864589216427638,2.2379578136988587,-2.7908406013613245,-3.273002017495183,5,10
0.144945408,0.8493862787013642,2.222108335318609,-3.0356192683645395,-3.3832124483547386,5,10
0.152190976,0.8328457273825567,2.1931957138456246,-3.306633237995005,-3.3214632513579643,5,11
0.154541568,0.8172489486259953,2.18546492840174,-3.1217912934084,-3.0657342893137605,5,11
0.16100608,0.8005213111507402,2.15890256763244,-3.3412371177107723,-4.212499599145359,5,12
0.164430336,0.7846526623562137,2.144811210875821,-3.1750916589147757,-4.121244716551102,5,12
0.16959744,0.7673772529048936,2.1212844825081927,-3.4525135420798043,-4.668201397329511,5,13
0.174664704,0.7444100401301071,2.1041695154358195,-4.572193003964861,-4.557439142745049,5,13
0.179806208,0.7296180941315604,2.0820612381597727,-2.989314503327592,-4.704251213512551,5,14
0.184774912,0.7060965166925613,2.0581948911244266,-4.667491074089383,-4.234247020954683,5,14
0.18946176,0.6850500671321371,2.036789957071464,-4.2145980572146655,-3.976878483449465,5,15
0.194654976,0.6605762134915885,2.01601110724969,-4.88721275888402,-4.405044127011361,5,15
0.19979264,0.6426595445918889,1.992359834966624,-4.005497638639696,-4.453369567502553,5,16
0.204709376,0.6182490271243023,1.970822314377653,-4.696548710507093,-4.468948011324445,5,16
0.20959616,0.5933106991216575,1.945191475485924,-4.986052010873592,-4.666151645471832,5,17
0.214642176,0.5700302538166259,1.9250925005429147,-4.660299022148049,-4.778434725887053,5,17
0.219577088,0.549208672693754,1.9046768539526997,-4.175134974201362,-4.364250794524402,5,18
0.224380928,0.5242599032169576,1.8764755942971103,-4.984031933709639,-4.719430651209516,5,18
0.229680384,0.4981289464184175,1.85109188560094,-5.223296624092074,-4.955075611218655,5,19
0.2346368,0.4731668886279184,1.829073306056637,-4.995048900096847,-4.809693877600112,5,19
0.239790848,0.4490203041836497,1.8058855770719449,-4.832528204024708,-4.839430235518054,5,20
0.244656896,0.4231377117566956,1.7791884055195786,-5.060967204678837,-5.1875606606077165,5,20
0.249618176,0.3988427415171637,1.7587342403210802,-4.869630873434661,-4.788453822085328,5,21
0.255332096,0.3734953676250282,1.7238553038169098,-5.0681987913709285,-4.9142260445742405,5,22
0.259591168,0.3484987677876487,1.70451230539518,-5.000164143541586,-5.234850295979452,5,22
0.264645376,0.3212471142923782,1.6820454937507747,-5.442952711045694,-5.234732110442273,5,22
0.269430784,0.2958274961089728,1.652329205045281,-5.086439651653857,-5.23969863179527,5,23
0.274478848,0.2711972015001429,1.625863607562421,-4.928047943977887,-5.160649614732558,5,23
0.28141312,0.2448807497345796,1.5923563075079503,-5.259157189084734,-4.989964811209225,5,24
0.28469376,0.2203114499969346,1.5777508857072144,-4.924315431025527,-5.120249949128241,5,24
0.289840896,0.1988268047631221,1.552998582587004,-4.472693282288003,-4.889086212050014,5,25
0.29484416,0.1726564322503959,1.5272020160642317,-5.207581656867518,-5.498835230720735,5,25
0.299809536,0.1510900703363231,1.5041123386554938,-4.328806732149127,-5.465459927105862,5,26
0.30498176,0.1243982366223835,1.476494524711819,-5.313802733572733,-4.323755367652453,5,26
0.309615104,0.097358246443641,1.4496432857503798,-5.407150493086834,-5.22140604666844,5,27
0.314812928,0.0753408584570535,1.4262481814023558,-4.41932627099944,-4.984676742766263,5,27
0.31970048,0.0463633414447764,1.4013049810708105,-5.771094679884303,-5.259672229354598,5,28
0.324499456,0.0248969702384242,1.369829054120726,-4.303404724931853,-5.542779199611499,5,28
0.329522688,0.0041009560568836,1.3450211727239636,-4.160117999481922,-4.764343947514695,5,29
0.334712064,-0.0211322474178015,1.32556258501026,-5.028594038410324,-4.516204132824744,5,29
0.339654912,-0.0437584550751813,1.302174781587191,-4.535629477868453,-4.583617064914949,5,30
0.3445056,-0.064817705713245,1.2797200004191631,-4.215866470517876,-4.19607887381464,5,30
0.349448192,-0.0866678536462048,1.2560642377159723,-4.368884731356444,-4.478277902159186,5,31
0.35484672,-0.1102745032121313,1.2359134930986604,-4.716028201627397,-4.55685627113948,5,31
0.359584256,-0.1260176341588931,1.2156793217345288,-3.1743175684077745,-4.456654699910975,5,32
0.364768256,-0.1480491645439345,1.1946375063878332,-4.382735019051831,-4.423043631905592,5,32
0.369369856,-0.165190867752894,1.170211862347038,-3.4349656757890745,-4.319031926153088,5,33
0.374368256,-0.1837617693438947,1.145291438906009,-3.641988239076464,-4.483457469973622,5,33
0.379899904,-0.201656507698642,1.126593976181295,-3.5824230309286405,-4.44819716476506,5,34
0.384804096,-0.2158318908661389,1.1073894836155107,-2.8518207085399383,-4.249961481283569,5,34
0.389424384,-0.229796073718044,1.0834055802022686,-2.7931105316499205,-3.969685681089282,5,35
0.394651136,-0.2471797217208176,1.0606651782957326,-3.4727443270328204,-4.280458765280737,5,35
0.3998016,-0.2615198235895728,1.043779576888158,-2.8754165245854506,-3.9120401980131936,5,36
0.404814592,-0.2744150699009581,1.0257932579493565,-2.5839415994635337,-3.8190642538150734,5,36
0.4096448,-0.2851705977271216,1.0049161518116088,-2.154722700210139,-3.711538284268733,5,37
0.41447936,-0.2955482675626545,0.9864913601595864,-2.076146385248174,-3.528047254581775,5,37
0.419738112,-0.3035331519221713,0.971902657468424,-1.6347252653176132,-3.436134888173948,5,38
0.424871424,-0.3096589894659009,0.9578196221999612,-1.2332930780503033,-3.3054343062183067,5,38
0.43037952,-0.3182954016569934,0.9418041892618402,-1.7198990845267796,-3.1848177515647045,5,39
0.434945792,-0.3280308568763942,0.9269117772001038,-1.943354605870883,-3.0529914772838938,5,39
0.439928064,-0.3337894237526603,0.9099679494408272,-1.16029629206151,-2.7991703684267115,5,40
0.445027584,-0.3408881417673082,0.8964791796116552,-1.415751748871539,-2.654325265102752,5,41
0.450209792,-0.3453685879711505,0.8841925394348854,-0.9047901341738596,-2.601606217354248,5,41
0.455110912,-0.3488322737980037,0.8711917794831745,-0.6964313876633003,-2.636329952905391,5,42
0.459860224,-0.3503980070904212,0.8591239842765106,-0.3214278914655713,-2.296868154848874,5,42
0.464709376,-0.3536370969560177,0.8456788243516407,-0.6450071136318993,-2.4562148172154705,5,42
0.469690112,-0.35350931385126,0.8362605059966662,0.0119168370631105,-2.1693272718080143,5,43
0.477460224,-0.3532052605754825,0.8188451735065777,0.0604264847864014,-2.1310727561962683,5,44
0.481525248,-0.3526192219922868,0.8116927261663023,0.1157416191375341,-1.8551979283108595,5,44
0.48493696,-0.3474467221188585,0.8051501683872687,1.0066698400918732,-1.9885409202467712,5,44
0.489801728,-0.3405148076243899,0.7950859951610076,1.3833444130069523,-1.8493946140370467,5,45
0.49537408,-0.341389685310515,0.7854949803546138,-0.1495951091358585,-2.1571657410612084,5,46
0.499973376,-0.3332471884601561,0.7747996951038927,1.4813844295297556,-2.483272185239935,5,46
0.50528,-0.3205844049066704,0.7645332354307004,2.515978698714165,-2.058502846009447,5,47
0.510267392,-0.311796817135998,0.7506146644965305,1.771095173060124,-2.5312636434437,5,47
0.514741504,-0.3021942137307611,0.7351665577121554,1.9184266838527584,-2.9334025292862007,5,47
0.519702784,-0.2926966413644994,0.7242853851121743,1.9000289852163597,-2.5354147691219597,5,48
0.525234176,-0.2768740722679157,0.7113079516453126,3.144129608542777,-2.5717308309667968,5,49
0.530037504,-0.2570695336076513,0.6467486406018016,3.955112498211837,-12.371945277952126,5,49
0.535062784,-0.2422530066254265,0.6258995772864367,2.983755667907946,-6.263697742682416,5,50
0.5402112,-0.2225397771346729,0.6128138811137471,3.923063959245686,-2.7947959324416014,5,50
0.545012992,-0.2021614467906898,0.5923409517177222,4.074730573953024,-3.514674658601623,5,51
0.549825536,-0.1827587024291741,0.5765618099893464,3.8832797298647055,-3.2747254788742075,5,51
0.555177216,-0.1588452859025677,0.5622368866861607,4.768952646218606,-3.265840962667434,5,52
0.559819008,-0.1322698029411555,0.5425695621127338,5.305470245436995,-3.9661675155162497,5,52
0.565277184,-0.1058333514625619,0.5191349133474263,5.287720632813231,-4.485606560531376,5,53
0.569802496,-0.0749862952796597,0.4991912477812733,6.150745434028628,-3.987897221844051,5,53
0.574936576,-0.0428556782486439,0.4733288310639307,6.422941396573167,-4.910475397267659,5,53
0.579647232,-0.0041029332619478,0.4526388985697633,7.728030606846647,-4.891349552331421,5,54
0.584923136,0.0317202684405957,0.4290184001277545,7.1751029950949805,-4.411245903400615,5,54
0.589655552,0.0702284834025992,0.4017191260230255,7.697904813449247,-4.779667819178908,5,55
0.594782464,0.1142037137849016,0.3766175686210534,8.788546502705401,-4.910440138611607,5,55
0.599836416,0.1681251920942387,0.3508619777100257,10.74455637034452,-5.755563550236227,5,56
0.604850176,0.2120741439099161,0.3099918966479134,8.826727536008093,-8.686261744606135,5,56
0.609827072,0.2636055902343012,0.2712953755575766,10.201514322458584,-8.420500196391185,5,57
0.615096576,0.3123736660239728,0.2349287941079279,9.762801819675,-7.210439987287488,5,58
0.619812096,0.3633035593268687,0.1910035993585149,10.178189172686942,-7.512465264965559,5,58
0.624521216,0.4212134370751165,0.1510828302651404,11.573067708781966,-7.446491085173075,5,58
0.62970752,0.4707882719299047,0.1154144921518964,9.94790314707077,-7.677072135491961,5,59
0.63476352,0.5302270351473156,0.0820456062798867,11.855254038748711,-7.52502004550859,5,59
0.639880704,0.5851561270262416,0.0393930128773318,10.999860303961706,-7.564570149607245,5,60
0.644709376,0.6411901109466392,0.0039033714025066,11.204404834794902,-6.515314234946088,5,60
0.649729536,0.6954135396177754,-0.0246272081480051,10.961996242591962,-6.382355876678213,5,61
0.65489408,0.7489304055537653,-0.0467902130352068,10.710517163861734,-5.448230241434957,5,61
0.659574784,0.8057817682484921,-0.0743222073012888,11.366080322107749,-4.924345989708402,5,62
0.664636928,0.8575371815365498,-0.1039475955107387,10.356957842000288,-5.110915273071647,5,62
0.669876224,0.8677907273817879,-0.1242910363078857,2.179593215379983,-4.70773147162464,5,63
0.674957568,0.9218772145837356,-0.1409002115573407,10.685093380615948,-3.940665211241617,5,63
0.67993472,0.9381990155293568,-0.1585198467431998,3.3793696765656973,-3.6255274002505855,5,64
0.699363328,0.9557213689154992,-0.1851253723831301,3.503449132343629,-2.6858642058294686,5,66
0.713590528,0.9358866620221732,-0.192450041839785,-3.92218145756036,-2.985844410081893,5,67
0.722197504,0.9378791417988204,-0.1787826411470211,0.3492246535913477,2.220564820052182,5,68
0.725521408,0.9324162928850382,-0.1779233567710097,-1.051499613132426,1.9222340679065992,5,69
0.726410496,0.9207530791032568,-0.1798144769474939,-2.216825641277577,0.790602227758094,5,69
0.729911296,0.8849173011063144,-0.1862022118265531,-7.0467781711683966,-1.6080081699393638,5,69
0.730671104,0.8885498521992596,-0.1872676251841598,0.0506168001336124,-1.473161223614941,5,69
0.734040576,0.903112462333325,-0.1961302330535908,2.895893892428576,-1.1349527417944714,5,69
0.737824,0.9009812673770464,-0.2007096575733879,-0.3849087956606731,-1.3024627873373162,5,70
0.7425984,0.8980029518755134,-0.1970078603868164,-0.5946054533014482,0.7491709723756943,5,70
0.749411584,0.8962819244207939,-0.2016572855949913,-0.3476036932520235,-0.8886339791896696,5,71
0.754939904,0.878615369665029,-0.2061879993236256,-3.48479394786224,-1.0761886529189124,5,71
0.760273152,0.8924657057133766,-0.2121074057840306,2.675892026732562,-1.1857219789385711,5,72
0.765326336,0.888801478959446,-0.2203146015691555,-0.6692912188205136,-1.5595868837239804,5,73
0.77207808,0.8940333282228399,-0.2291127717116303,1.0253512426249385,-1.1062002742424235,5,73
0.775018752,0.9005580161556146,-0.2352075906810555,1.3008839440826914,-1.816030546270486,5,74
0.78029312,0.9045648049873234,-0.2432876742914566,0.8057569106095765,-1.6402839667811018,5,74
0.785174528,0.9121669446096552,-0.2508071506377537,1.5124466221876784,-1.5719568047086403,5,75
0.790433536,0.9127174174161224,-0.2596217328036203,0.1348336649385748,-1.9117226425732143,5,75
0.79534464,0.926447063349467,-0.2663336254149215,2.696728039795544,-1.4866712529421653,5,76
0.800365824,0.9336075906100828,-0.275451885157219,1.468976338273318,-1.7015957238509527,5,76
0.805177856,0.938111502253601,-0.2838968785879763,0.9070572320519086,-1.6157089049600355,5,77
0.810223104,0.9433986373608708,-0.2901561921195412,1.0548422298846445,-1.3304396751214846,5,77
0.81519488,0.9317202572370636,-0.2958501695765446,-2.273399648868243,-1.1919600887958368,5,78
0.820164608,0.9500811913283947,-0.3012220199226353,1.99385671875236,-0.9899576756942876,5,78
0.824822016,0.9555055029647088,-0.301191896293959,1.1135130331666905,0.1019311927804816,5,78
0.830003968,0.956477812288542,-0.3007019425419405,0.2001340454906872,0.1203016851410103,5,79
0.835441664,0.9337886756849012,-0.2984440722354576,-4.468475187607402,0.4526179554364534,5,80
0.840381184,0.9327413394936596,-0.2918031251309361,-0.2803467421123518,1.3675713862739498,5,80
0.84536704,0.9285246014520974,-0.2845735985369284,-0.8326148980958589,1.3839930926794142,5,81
0.850360064,0.9267623853129178,-0.2765776105283238,-0.360551106914368,1.5659254806118252,5,81
0.0,1.0092669512763344,2.341482270876208,0.0451190523039546,-0.4793833321071972,6,-4
0.00496256,1.0098500056606008,2.34199018700089,0.1154893785993502,-0.0658204763876248,6,-4
0.009624576,1.009296929357201,2.342536532581541,-0.1065158200543693,0.1089326100134061,6,-3
0.01445504,1.0089594193508784,2.343382919612925,-0.0678067865174447,0.1580599174188281,6,-3
0.01977984,1.0087662763772944,2.343139039872702,-0.0389121691115759,-0.0639280641284965,6,-2
0.024772096,1.0097703074403552,2.342108009532778,0.1967682587106007,-0.2193891055994537,6,-2
0.029595136,1.0105189249232278,2.34205809567989,0.1505836485443417,-0.0246626966888207,6,-1
0.034165504,1.008092516744287,2.341572121862918,-0.4810015105686313,-0.1052929464964307,6,-1
0.03967232,1.0098259276891002,2.3416537583347345,0.3382512936954098,0.0160228365322361,6,0
0.044816384,1.0108942141631898,2.3405698060491744,0.2157262341790357,-0.2073519075924859,6,0
0.04985088,1.010055399364421,2.3414846481178464,-0.1617684091885459,0.173323130719671,6,1
0.054754816,1.007613679936286,2.34930286851429,-0.4814044002610731,1.4017442967461888,6,1
0.059504128,1.010351210585572,2.352535375322906,0.5404714947774785,0.5415857895874028,6,2
0.064446208,1.005902249261187,2.3441990617779056,-0.8745199963817727,-1.6442745267318255,6,2
0.069464832,1.0035567818465778,2.3417598710101943,-0.4778845840590586,-0.6970062007967675,6,3
0.07462656,0.9658024767165866,2.338148624052215,-7.508090272303084,-0.8101126471364806,6,3
0.07963136,0.9735401907290552,2.3367730256289208,1.4516335703045948,-0.2984565682335834,6,4
0.084474112,0.9654998031143084,2.336578508230756,-1.54639715920203,-0.0503408813476578,6,4
0.089917952,0.960286786835812,2.3278776947266926,-1.0520251652637091,-1.716494941497512,6,5
0.094775552,0.9468338562513174,2.3200863706850505,-2.6605232672139567,-1.7910807676299556,6,5
0.09970816,0.9450727131677208,2.3104991668345294,-0.3906380652096271,-1.7519567564001512,6,6
0.105652736,0.9375820703989522,2.3004588556274324,-1.4916615690862909,-1.2758818443880722,6,7
0.109791232,0.92326640245306,2.297496436387679,-2.8344668167616907,-1.0590502527465069,6,7
0.114492416,0.9153033772419558,2.285659681830734,-1.6229556781132024,-2.5291197657774624,6,7
0.119694336,0.9020553386981414,2.2683312540139124,-2.6331713774949064,-3.141224772214156,6,8
0.124343552,0.8911875903620874,2.251972787693291,-2.1762022444746942,-2.7651988225322808,6,8
0.12929408,0.876700105969713,2.2381233724050555,-2.89060143317374,-2.6730279918184103,6,9
0.134466816,0.8613618697541296,2.226037209456884,-3.065044608678177,-2.668303645657654,6,9
0.139579136,0.8507127234834017,2.208524651603862,-2.1470618411502107,-3.6682612138077886,6,10
0.14471296,0.8341964862813985,2.1910275269669595,-3.282749518400762,-3.6828421265671634,6,10
0.149539328,0.8179381918465012,2.17228007382722,-3.252683662248721,-3.889559316749244,6,11
0.154535936,0.8006818385238116,2.148545715644946,-3.447877858829188,-4.206925966816636,6,11
0.159261184,0.7835755311412331,2.123331013649789,-3.421494729824529,-4.556331175069289,6,12
0.164180736,0.7617845515916141,2.100565920018473,-4.352096076372978,-4.425675831950463,6,12
0.169569536,0.7385429975910931,2.0810402565675497,-4.643793109633282,-4.371000676140621,6,13
0.174484736,0.7136322335544507,2.0620844583954634,-4.97522267068985,-4.426778968035868,6,13
0.179522816,0.6925041832844038,2.040064595381672,-4.23822746005495,-4.567182639787792,6,14
0.18461056,0.6710770383828131,2.013742002413204,-4.269720532074771,-4.626832869203973,6,14
0.189413376,0.6475415112202673,1.991428904109911,-4.694151022034426,-4.657637446073845,6,15
0.194231808,0.6199980416421736,1.967592229252166,-5.4968781486171086,-4.581394711382,6,15
0.199322368,0.5946808252664366,1.9404723425394492,-5.185422299467876,-4.812055970614403,6,16
0.204537856,0.5747107957949938,1.920694756278512,-4.035978777275462,-4.666293820829313,6,16
0.20906496,0.5522850820293053,1.8925136290629616,-4.482409469749339,-4.998773472322525,6,17
0.214186752,0.5237428575243263,1.8683715906936496,-5.697666103695379,-4.651869586386344,6,17
0.219387392,0.4967118054732732,1.849201637400661,-5.411880160196093,-4.837770299095256,6,18
0.224762368,0.4758754320389929,1.8230818789004848,-4.189181328423333,-5.183450634280956,6,18
0.229413632,0.4441990341382561,1.799329458441676,-6.291945745211806,-5.005176446458447,6,19
0.234099712,0.4197501949442659,1.7692991836378729,-4.898416884120244,-5.314788563501183,6,19
0.239180032,0.391688852722348,1.7412928728720107,-5.604805418522337,-5.279218608846525,6,20
0.246435072,0.3673017003217832,1.705720983488087,-4.885949891587434,-5.262492337922285,6,21
0.249577216,0.3375573632941571,1.6939731923015406,-5.9163363607043,-5.2013738006134735,6,21
0.254102016,0.308339041006763,1.6636625778773892,-5.844431084424069,-6.092848631467299,6,21
0.259168256,0.2819093971684362,1.6334054923322583,-5.292709578362916,-4.639725958882377,6,22
0.26452864,0.2555890075434789,1.610481269868118,-5.264422900014881,-5.142551280236328,6,22
0.26966656,0.2278756618895322,1.58192628318934,-5.537339030196383,-5.815205923274798,6,23
0.274672896,0.2011084654781659,1.55386297797672,-5.356708221116288,-5.465224269922386,6,23
0.27972736,0.1765156223840202,1.5176922599363487,-4.92661811373738,-7.142235268848367,6,24
0.284768768,0.1490936448231144,1.4852165115397258,-5.474387493940425,-5.864474846099642,6,24
0.289309184,0.1217198928285808,1.4566536150833906,-5.476730206197525,-5.582063032249335,6,25
0.294419456,0.0931002411842613,1.4308707013076174,-5.718510291184156,-5.82899336943508,6,25
0.299445248,0.0626718312910816,1.4019426005289808,-6.078818982584608,-5.982942204024811,6,26
0.304429824,0.035610336615406,1.3723555605697637,-5.638679220040918,-5.854015256880512,6,26
0.3093824,0.004596066548116,1.3391449843957226,-6.180616177218254,-5.67573913416579,6,27
0.314200576,-0.0237638969711055,1.3107839987047976,-5.67894388722459,-5.711174404193199,6,27
0.319317504,-0.0480007862204584,1.2867348869139856,-4.86000475196894,-5.443721687508288,6,28
0.32457856,-0.0764673160425253,1.2615092951114442,-5.673832593888934,-5.222185205488015,6,28
0.329508096,-0.10656295937103,1.2364540122346888,-6.012916521636486,-5.095013115660212,6,29
0.334103808,-0.1301428154709308,1.2081253554692224,-4.724290812712718,-5.2381446815789126,6,29
0.339475712,-0.1606140804284225,1.1819125899994436,-6.071137699150841,-5.390837409622897,6,30
0.344432128,-0.1834837946047039,1.1581879513589677,-4.598575668826196,-5.298722272748684,6,30
0.34920704,-0.2104013690027278,1.129791269617779,-5.376599575338845,-5.291781743843774,6,31
0.354380288,-0.2369873336253345,1.1010863128168875,-5.318009697367208,-5.3620128035279535,6,31
0.359576576,-0.2624398210956989,1.0771463422279883,-5.0940590876384455,-5.305699466592019,6,32
0.364435456,-0.2875725456562401,1.0450716020857984,-5.037642715994195,-5.405857573277688,6,32
0.369441536,-0.3102328697411627,1.0183318766386542,-4.535986274406849,-5.2040393080866165,6,33
0.376560896,-0.3272601924357014,0.9840725872830264,-3.490421404549031,-5.213479499561679,6,34
0.379534336,-0.3474666276423344,0.9716251982018544,-4.01969034472369,-5.156289784309838,6,34
0.384334336,-0.3648531499268412,0.9438955595816088,-3.4815584066788188,-4.988775458106211,6,34
0.389652224,-0.3899262116175673,0.9223743781860284,-4.988537651131898,-4.640301433593598,6,35
0.39452416,-0.4089541835632178,0.9015510654481228,-3.828273004504108,-4.514214743343063,6,35
0.399822336,-0.4263202319033797,0.8789053487611649,-3.478690479922825,-4.407422906439145,6,36
0.40443904,-0.4433104528932327,0.8567243291979311,-3.3995961032253863,-4.233677771657005,6,36
0.409649664,-0.4569338168786464,0.8397228112360913,-2.7349930467218253,-3.822728154979393,6,37
0.41486464,-0.4819154807566455,0.8219674726144459,-4.956283921913907,-3.8022036697943498,6,37
0.4201216,-0.4956961410446504,0.7904462261752383,-2.7693778859409584,-4.165147936731782,6,38
0.424672768,-0.5080606857656615,0.7718108635316302,-2.476550565181758,-4.972270889391638,6,38
0.429702144,-0.5196497603984699,0.7503332115402939,-2.3197397963635145,-4.693599547176329,6,39
0.434960896,-0.5374964978775408,0.7272114644267049,-3.5492064966386287,-5.010914284617217,6,39
0.439862272,-0.5461408612474496,0.6770982616668247,-1.9518823753940069,-8.877460438014605,6,40
0.444649472,-0.561523435843319,0.6513159993250499,-3.061292931873969,-6.02159694277692,6,40
0.449756672,-0.5757368941050065,0.6300864756582885,-2.8466228234572157,-4.766194834520306,6,41
0.4548672,-0.5861316690587153,0.5819620747587615,-2.0949201504508257,-9.506273565545456,6,41
0.45962496,-0.5964916433980199,0.5468133627961959,-2.0721393154545296,-7.279153622683305,6,42
0.464703744,-0.6060696984135192,0.5283205037994386,-1.917162983029048,-2.8241745873782613,6,42
0.469366528,-0.6143624839093165,0.5088055295364334,-1.6624350372566132,-3.970074382749143,6,43
0.47457536,-0.6221050317916911,0.49144651609575,-1.550395705114047,-3.906798972682661,6,43
0.479964672,-0.627952494865022,0.4726860541534229,-1.1754395335230214,-3.971178034551534,6,44
0.484373248,-0.637912464627878,0.4521450156378254,-1.984658377651192,-3.7019863338911754,6,44
0.489601536,-0.6410831965068656,0.4380092541417832,-0.6495764618972293,-3.2007369473206744,6,45
0.494898176,-0.648706258089041,0.4236803453979592,-1.5106023875191612,-3.145708130287284,6,45
0.499647488,-0.6520138653840317,0.4036348882886301,-0.6778298618276148,-3.4874243696040845,6,46
0.504380416,-0.6534328219797224,0.3841459372437019,-0.2882368980739936,-3.594892953261224,6,46
0.509502208,-0.6561383861122918,0.3682630129523602,-0.5379663017930234,-3.5614651840470075,6,47
0.514479616,-0.6605829277663915,0.3514727510102083,-0.8821752003029024,-3.8923154054250366,6,47
0.519145216,-0.6625613211148672,0.327643243173751,-0.3997082789979467,-3.9316815963807943,6,48
0.52428416,-0.6620242826939534,0.3058955033518498,0.1030280148996707,-4.118996752779962,6,48
0.52948992,-0.6617454369810268,0.2854967300846536,0.0563014986842584,-4.212809457075174,6,49
0.53453952,-0.6592331734738459,0.2665518278820649,0.4944721949745812,-4.2759136275472045,6,49
0.539533824,-0.6533022061665522,0.2469236005317715,1.1730641263669042,-4.023679058436843,6,50
0.54449536,-0.6470562009989055,0.2246841547366772,1.2479787217401317,-4.252655686800254,6,50
0.549458944,-0.6408326021347616,0.198800677711507,1.2447657284955207,-4.539159328402867,6,51
0.554210048,-0.6368189419965407,0.1754602005310095,0.8058629633830658,-4.643183290431106,6,51
0.559561728,-0.6281541258411707,0.1563575861001372,1.7186343462398912,-4.2230014563708975,6,52
0.56441728,-0.623040249691004,0.1371814807246618,1.0385323516929308,-4.476458212626663,6,52
0.569485824,-0.6168903821023404,0.1111074950216234,1.226286864973441,-4.922383171399991,6,53
0.574330112,-0.6072417071787424,0.0830725774780465,1.92312888414588,-4.912445117872787,6,53
0.579324672,-0.5969856636481614,0.0584128703411051,2.0501683927073087,-5.2418067834964095,6,54
0.58435072,-0.5858921221041706,0.0337484462581467,2.21578306841213,-5.287597878791591,6,54
0.589354752,-0.574736886250751,0.0024898075570227,2.230984514149136,-5.270050030768595,6,55
0.594367488,-0.5630270658762462,-0.0241763846248794,2.340842620580313,-5.468303884867644,6,55
0.600032512,-0.5507911694997024,-0.0517308891904925,2.423012560795897,-5.607863461677883,6,56
0.604732672,-0.5374706377767856,-0.0779378805350724,2.6582497243905823,-5.775353016744636,6,56
0.609563392,-0.5222985923616623,-0.0960060953029998,3.0282619200900456,-4.051002699570094,6,57
0.614577152,-0.5084108298679484,-0.1169796977726899,2.782570453991272,-4.409718683475519,6,57
0.619616256,-0.497171965967681,-0.1499487801529335,2.2577645585921173,-5.576834315460267,6,58
0.6244736,-0.4858751573067652,-0.1801102680936629,2.259250673705638,-5.66726775906568,6,58
0.62981248,-0.4761246957690974,-0.2049336688317363,1.955428594307386,-5.454690631716023,6,59
0.63502592,-0.4643739643110911,-0.2598237695996633,2.342880437777139,-11.45804486946589,6,60
0.641491712,-0.4581159780915809,-0.3205297185377316,1.4329258349940774,-5.772955402010561,6,60
0.644941312,-0.4482529262709303,-0.3347350445112694,1.9457529093928403,-5.218932129464781,6,60
0.649585408,-0.4457809093875642,-0.3623435892129131,0.5087868196982213,-5.25598199625928,6,61
0.654682368,-0.4417181537136345,-0.3896748719894138,0.8106283077412039,-4.861158843573181,6,61
0.659927552,-0.4436054387264129,-0.4067404048531047,-0.3588810974541383,-4.286396433314222,6,62
0.664886016,-0.4451436634929748,-0.4230792816957678,-0.3087807828414043,-3.890664190550829,6,62
0.669800448,-0.4542223145988082,-0.4423876034939226,-1.792531329055461,-3.649502896879056,6,63
0.674486784,-0.4625808761895147,-0.4608346839002439,-1.6726102448154316,-2.8470675142649204,6,63
0.679532544,-0.4809954937479711,-0.4825497973202318,-3.6589913863608734,-4.325551885632802,6,64
0.68475136,-0.4955695429295321,-0.4945131891891792,-2.927334244024389,-2.8107630430929413,6,64
0.689910272,-0.5216156010562314,-0.5042833660009486,-5.172977032128159,-2.161517355826665,6,65
0.694799872,-0.5502162273727608,-0.5118139257372469,-5.711908463743009,-1.668080815938609,6,65
0.699993344,-0.576181069560146,-0.5175009889429963,-5.200996997740304,-1.048922782534392,6,66
0.705029632,-0.6011346957114959,-0.5202168909724503,-4.994033282323247,-0.5229788554401329,6,67
0.709537024,-0.637198608408448,-0.5174387692096691,-7.1970821114824535,0.6031137696747669,6,67
0.714534656,-0.6743961293812608,-0.5145499449934164,-7.436859031579354,0.6061642534911141,6,67
0.719881216,-0.7156373362881338,-0.489853035117286,-8.235372480926983,4.951660350837327,6,68
0.72493824,-0.763599348848289,-0.4734797614478513,-9.569943110860578,3.6584493732407695,6,68
0.729825024,-0.8057109851915333,-0.4635273982878782,-8.44189189820327,1.9499256650597037,6,69
0.73481856,-0.8381467584592821,-0.4515753381676113,-6.518509550046269,2.4346251554455858,6,69
0.73990016,-0.9011754386053492,-0.4390519302813467,-12.507118821587152,2.4109385529179383,6,70
0.74456576,-0.953963394210039,-0.426353340064583,-10.576517648144764,2.316676998462768,6,70
0.750606336,-1.0060409200863716,-0.4115132165277688,-10.417449181848289,2.166495115223797,6,71
0.756896256,-1.0529385135753693,-0.4053510923942636,-9.4427130704568,1.0950329516415174,6,72
0.762327296,-1.0947348580339356,-0.4128989263518699,-8.376580302908174,-1.5078712093092657,6,72
0.76480768,-1.130370407299871,-0.4273455850538323,-7.176446816742046,-4.682658701184442,6,72
0.76964608,-1.1416326556157963,-0.4444965934016536,-2.3197168052389987,-3.689738755297531,6,73
0.77461248,-1.1441503436414249,-0.461183772154386,-0.5216226271830986,-3.442856289487705,6,73
0.779866112,-1.131154887306513,-0.4914252272238952,2.5442013710431217,-6.228295402903152,6,74
0.784762624,-1.1089482077740802,-0.5351130995115013,4.409776078473244,-8.967107510128868,6,74
0.789970944,-1.076003361026001,-0.5871205309946265,6.557050781711082,-10.131700059017318,6,75
0.794251008,-1.0459606819725331,-0.6412728612947989,6.015763297613447,-10.420641879286183,6,75
0.799549952,-1.0171433018226708,-0.7005365466901208,5.766137537462123,-10.846645188677934,6,76
0.804763136,-0.9889310911574488,-0.7485488148870124,5.644405068601038,-10.649468516009682,6,76
0.809714432,-0.9436102341166356,-0.7955857786689062,9.009613629173344,-10.396805027224998,6,77
0.81457408,-0.9387584537344776,-0.8377100089682594,1.1108958848752444,-8.312492039880215,6,77
0.819702528,-0.9200747393349484,-0.8819715054164631,3.6921237379143,-7.972605083935146,6,78
0.825695744,-0.9189873472795425,-0.9517199645990092,0.2350717000996258,-10.75750779938994,6,79
0.829549312,-0.903326780653362,-0.9753570745054438,3.0747273257449264,-8.62619830588176,6,79
0.834556416,-0.8951482748583544,-1.0044049754565496,1.6619607001526393,-6.236518959808302,6,79
0.839799552,-0.8919257609438247,-1.0339642269797422,0.6630032204324725,-5.906678686959119,6,80
0.844407296,-0.8917200253580322,-1.066342393181853,0.053098742854367,-6.467005994443292,6,80
0.849582336,-0.8972932638775827,-1.0983967864786752,-1.106786333784301,-5.395500411685828,6,81
0.0,0.9929909106011658,2.357590402803821,-0.0980617742285971,0.1319628459825139,7,-4
0.004571136,0.9927383453524392,2.357261873917265,-0.0507847567423958,-0.034264900322929,7,-4
0.009538048,0.9930810225638692,2.358244947838271,0.0678730395482672,0.2014379867933502,7,-3
0.014936832,0.9932445232381216,2.358023449622832,0.0332169255017028,-0.000329783659623,7,-3
0.019867136,0.99451190790835,2.357399755066365,0.2497322370521941,-0.1356066313086396,7,-2
0.024836608,0.9936412491689868,2.356792971198117,-0.1657838773805078,-0.1143155052102751,7,-2
0.029536256,0.9944303829739308,2.357167907850836,0.1557168163406778,0.0912457937931699,7,-1
0.03459584,0.994475279739754,2.3576755158688085,0.0109379700522429,0.1045575377458394,7,-1
0.03981312,0.9955686932066238,2.3592805308742992,0.2151874668716315,0.3269739639095833,7,0
0.04472064,0.9957267819058564,2.361393200226427,0.034791808442996,0.4327641536416022,7,0
0.049476096,0.9957330503699184,2.3614557826075857,0.0014684431586152,-0.044609050739882,7,1
0.0546944,0.9986258142711608,2.361671812784062,0.5738317113683117,0.0453111178081734,7,1
0.059766272,0.9929229699469082,2.3657125827004277,-1.1117447531834248,0.8188858948687749,7,2
0.064633856,0.9920110038008416,2.366836392895212,-0.2004121858534674,0.3434990286662538,7,2
0.069428736,0.98993359844518,2.3566923657691405,-0.413743301160106,-1.909880679321648,7,3
0.07439616,0.9878846385119991,2.3608387444602075,-0.4098312823744705,0.9059678238207578,7,3
0.079782912,0.9838087691253188,2.357619925987279,-0.8091946807012018,-0.4430213886677938,7,4
0.085015552,0.9759763548925292,2.3541372561334413,-1.5550141642154276,-0.7841508272187758,7,5
0.089876992,0.970407416538654,2.349935903773471,-1.121506502316643,-0.9012750692812894,7,5
0.094920192,0.966079641371694,2.3477137465490854,-0.8698976255474542,-0.1749078953972633,7,5
0.099544832,0.9599203541310088,2.3371750709665378,-1.2239097393646134,-2.099425777521554,7,6
0.104620032,0.9516176105505804,2.3350195301871444,-1.6517752180119198,-0.8420736754548863,7,6
0.109858816,0.9444850680278932,2.327277357869311,-1.4312638394990405,-1.5108951441483454,7,7
0.114773248,0.9345288892696606,2.315472872131333,-1.8426967963266436,-2.004417387575962,7,7
0.11959808,0.9267999945161766,2.307907241519802,-1.5563782443528469,-1.3401824140802,7,8
0.124397056,0.9171600153609316,2.297041016067129,-1.919825598047243,-2.340603687496861,7,8
0.129809152,0.9082863415443974,2.283109549871108,-1.7775709163423556,-2.716822543737751,7,9
0.134610176,0.8949804253369152,2.2699281459049496,-2.645580761862121,-2.785086048247786,7,9
0.139579648,0.8841743924462301,2.253509852180442,-2.1722995221437245,-3.2611749676691817,7,10
0.144624384,0.8670394509594243,2.234807791292563,-3.401377950950145,-3.617595300696685,7,10
0.149755904,0.8539347249740146,2.219375799121914,-2.6380907786212027,-3.40444272161425,7,11
0.154774272,0.8332715122705214,2.1954160127660938,-4.106534714900502,-4.313052254281905,7,11
0.15953408,0.8170238312337205,2.1704197441675124,-3.2593426532913115,-4.811053541602651,7,12
0.164649728,0.8003337360678676,2.155346081049053,-3.3113981794651672,-3.2346461695192392,7,12
0.169910016,0.7836558825703874,2.1347442840394395,-3.3356431389074013,-4.197939034411442,7,13
0.174720768,0.7583567579113186,2.1126614655145426,-5.028763911160167,-4.635234551989496,7,13
0.179733504,0.7388501068246325,2.090948195640555,-3.9203966777543737,-4.5487323827544826,7,14
0.18477184,0.7135626084456367,2.068941995176435,-5.037371459158593,-4.593928146502322,7,14
0.189350144,0.6886778577956829,2.040913129832907,-4.977479310899955,-4.628733549727139,7,15
0.194314752,0.6716066206809647,2.0187116072742977,-3.426233560251898,-4.102823854414572,7,15
0.199655168,0.6440544901496138,1.9992371853136504,-5.476767750214858,-4.672624434316719,7,16
0.20516864,0.6199883809126703,1.9675892807932576,-4.818347389093349,-4.510042110275356,7,17
0.209412608,0.593857584454545,1.9501536052371968,-5.2223967068990405,-4.479596002483727,7,17
0.214528512,0.5729967466603163,1.930014717581796,-4.189212119830206,-4.672615512826361,7,17
0.219503104,0.5483170047072088,1.9079359393933764,-4.921784683821737,-4.893442723159538,7,18
0.224525568,0.5273503574832994,1.8836692580114536,-4.2054674600372,-4.875476078988862,7,18
0.229976576,0.5009523875204236,1.859720048589824,-5.261964294487235,-4.274012172360369,7,19
0.234577152,0.4739135989657293,1.835622349546932,-5.4050458161984025,-4.745930830567218,7,19
0.239361536,0.4509098191761096,1.8067301045387985,-4.71580435321138,-4.993942506994535,7,20
0.244660992,0.4227394307721908,1.785869199617477,-5.614387161287048,-5.229956433019988,7,20
0.249697024,0.3953757093621023,1.7619775329498149,-5.475371728076279,-5.362782289631971,7,21
0.254168832,0.372123714495676,1.7309387492580173,-4.6559244630798045,-4.935734286566054,7,21
0.259297024,0.3426019972703015,1.701812129273258,-5.8887367577927465,-5.423984624814156,7,22
0.264286208,0.3207906454174692,1.6810179668661929,-4.378372465835486,-4.967366533330178,7,22
0.269416704,0.2919711252896372,1.658294917339737,-5.742338290354461,-4.73525709224006,7,23
0.2747776,0.2659291287253083,1.6339637715562705,-5.217249232925028,-4.883390062977468,7,23
0.279874816,0.2395987601946657,1.6045413892114326,-5.265117632899159,-5.759762821418171,7,24
0.284720128,0.2134016360171861,1.579542697181276,-5.239878397330257,-5.337640986231603,7,24
0.289760256,0.1900784163186331,1.5523235021545083,-4.673670994185699,-5.484062280288756,7,25
0.294556416,0.1670889375622181,1.5174092531952383,-4.598338364209668,-5.73595369355946,7,25
0.299446272,0.141830193367675,1.4945075811741506,-5.0466647762899886,-4.958722255372448,7,26
0.304735488,0.1155218399609174,1.470438349800166,-5.258515482640555,-5.190679039384156,7,26
0.309586176,0.0914165208561305,1.4432429236654474,-4.955295939726006,-5.18329241454958,7,27
0.314610688,0.0647733411186896,1.4138764232649783,-5.323246964185361,-5.186673359741618,7,27
0.319482368,0.0412285940391487,1.3901058500030523,-4.71594896047866,-5.278625418051908,7,28
0.324415488,0.0182189239899131,1.3701901795272362,-4.6037450228069785,-4.74823217741267,7,28
0.329771008,-0.0034596029645827,1.3454996526845042,-4.34012982066966,-5.004921724928593,7,29
0.334747904,-0.0268590478563292,1.318969644508312,-4.6739367581947135,-5.0629973731757065,7,29
0.339729152,-0.0489633604685851,1.2931345389512974,-4.425974799352853,-4.839161842227298,7,30
0.344310528,-0.0726803177826209,1.2693216799837013,-4.739641337971505,-4.826276174309386,7,30
0.349339136,-0.094982544200651,1.2460213537014089,-4.4643218487039045,-4.7725517813033616,7,31
0.354586112,-0.1140840648100095,1.2220535474122671,-3.830212848966311,-4.767697311398786,7,31
0.359370496,-0.1348800957231841,1.1973642818210768,-4.156934008775256,-4.551809678507462,7,32
0.364568832,-0.1556143696406068,1.1733917991907017,-4.14699335927237,-4.772671885478252,7,32
0.369723648,-0.1741268128055905,1.1508307374007196,-3.7100369987943664,-4.793395381606724,7,33
0.374841344,-0.1917880786732501,1.129946097184282,-3.5352745507996923,-4.641624733771302,7,33
0.379745024,-0.2060705098848002,1.106814326860759,-2.869079487309044,-4.431670674643904,7,34
0.384367104,-0.2226389896250835,1.082443507908342,-3.306625170453314,-4.456414244338304,7,34
0.389396736,-0.242744243735565,1.0609911102409673,-4.016587213974672,-4.334821137241453,7,35
0.394771456,-0.2557409291932495,1.0404985950473475,-2.6266610385224136,-4.248737180836889,7,35
0.399711744,-0.2702563318367154,1.02186679365031,-2.897523765017747,-4.104163501732828,7,36
0.404462848,-0.2805116458028799,1.0010900381234784,-2.0699161853060257,-4.091935934609729,7,36
0.409524992,-0.2949221944394006,0.9802817483765756,-2.8723117463022265,-3.904987019984705,7,37
0.414554368,-0.3017617712028748,0.9622637782857568,-1.3820544266081702,-3.706980017742004,7,37
0.41967872,-0.3133381750067672,0.9445370523056176,-2.299175971415708,-3.539956396550012,7,38
0.424448512,-0.3209138831763382,0.9259241479781124,-1.520659535147459,-3.357069617436005,7,38
0.429397248,-0.3274028210208167,0.9083252086039308,-1.2991037753864318,-3.334391438534753,7,39
0.434825728,-0.336466965506082,0.8944197496796693,-1.8033590220531972,-3.1337038435270377,7,39
0.439955456,-0.3435485989232266,0.8793117083200134,-1.423189946519312,-3.1809332073986583,7,40
0.444562688,-0.3516805508400367,0.8627298689908268,-1.6248311184240918,-2.933332800683736,7,40
0.44950784,-0.3518508326743067,0.8483430069984929,-0.0521091101485988,-2.8694288764200038,7,41
0.45469824,-0.3608714647489091,0.8366424672594556,-1.771040993461284,-2.62520155143242,7,41
0.459643136,-0.3587325209455636,0.8247424248826012,0.3862577624813201,-2.483633574808849,7,42
0.464872448,-0.3614060768781904,0.8111859375531452,-0.5289425752216431,-2.4408421900022543,7,42
0.470636544,-0.3603125547707333,0.794829083942558,0.2146555989398911,-2.503760406794354,7,43
0.474792448,-0.3596589956787919,0.7868889062068655,0.1328016760324185,-2.5855902609378765,7,43
0.479513344,-0.3586856506642322,0.7742854833516539,0.1934557700932123,-2.773105706598426,7,44
0.484894464,-0.3563376679992442,0.7583817061972363,0.4677207962334502,-2.56513072779458,7,44
0.489529088,-0.3529938544524938,0.7410929855950266,0.6663852925357061,-3.45496916241632,7,45
0.494760192,-0.3477664684444703,0.7280587142872748,1.0394449292426131,-2.9913164689935634,7,45
0.5000192,-0.3413797886804867,0.7165681321504958,1.2729803711884833,-2.3672983758162878,7,46
0.50486272,-0.333197660185891,0.6940665664212696,1.6336380335808962,-4.1692491928531865,7,46
0.510721024,-0.32365503769324,0.6686604663472163,1.9071908559956696,-3.960490869357012,7,47
0.514804992,-0.3094445761443242,0.6477584479387247,2.818035427070052,-5.795643973367805,7,47
0.5198464,-0.2956282025016618,0.6307050158373038,2.7645500678850774,-4.465219423137464,7,48
0.524601088,-0.2818319673165421,0.6126743656401223,2.759269633691794,-3.05258381779318,7,48
0.529904896,-0.2623208212439228,0.5950857415097686,3.892608152423688,-3.4100438090185894,7,49
0.535234304,-0.2491743750248073,0.5792234569118035,3.0479606899732814,-3.3942318371101767,7,50
0.53986688,-0.2276302578396805,0.5613457941536536,3.4348800660389585,-3.763432185644617,7,50
0.544389376,-0.2068239872064994,0.5415126909685295,4.163225595741305,-3.615665400281872,7,50
0.549185792,-0.1842524159074106,0.519232785113147,4.511753396985066,-4.216150449698682,7,51
0.554938624,-0.1587610986648295,0.4997988252578943,5.089761585273032,-4.278962011989886,7,51
0.559847168,-0.134637367196112,0.4796801617470544,4.829383628779293,-4.496815849204895,7,52
0.564936192,-0.1041593377199839,0.4529269970434527,6.01131883098178,-5.085726040048998,7,52
0.56967296,-0.0738725446136933,0.4224000365523909,6.057826612836148,-5.773558049144095,7,53
0.574843904,-0.036500573772573,0.3939680455334048,7.450349447404507,-6.103495915937687,7,53
0.57986176,0.0043074288309707,0.3627167849057395,8.147684364797048,-6.569429762981867,7,54
0.584876288,0.0451046954261802,0.3280702301943269,8.15949501227814,-6.829788520042379,7,54
0.589473792,0.0857528597340829,0.2888647179502547,8.130069136210448,-7.311670616662562,7,55
0.594459136,0.1371843918204045,0.2543818731875918,10.241352820063492,-7.391609342035998,7,55
0.599728384,0.1849214291625319,0.2137301414501687,9.559193232840393,-8.007577568373481,7,56
0.604791296,0.2369211815098892,0.1754245562494648,10.385091801355236,-8.355647908056143,7,56
0.6093952,0.2872637840990634,0.1251429811642204,10.070908261055946,-8.554146212067515,7,57
0.614434816,0.3392947602371976,0.0776318601884588,10.404170140426418,-8.671028281998813,7,57
0.619782656,0.3885495602171522,0.0392842124866423,9.859254162916764,-8.55089608004052,7,58
0.62522624,0.4450633374088241,-0.0018641769545423,10.93275777366942,-8.41012362055704,7,59
0.629980928,0.498676373671499,-0.0424295843579216,10.733632512579836,-8.09665848097258,7,59
0.635143936,0.559219968785938,-0.0813262800431489,12.09427820968276,-7.606855637227311,7,60
0.640328704,0.6143319751315675,-0.1116050370384987,11.04198702844117,-7.279320669157684,7,60
0.644674816,0.6678172889906324,-0.1497082830709162,10.69949299245146,-6.863099948983839,7,60
0.64965504,0.7196851753998247,-0.1843487347176236,10.375589710850631,-5.99905785815576,7,61
0.654890496,0.771970422387691,-0.2093020762665892,10.45573201232299,-6.000601813412002,7,61
0.659921408,0.8344316251650948,-0.237120842178866,12.458072205760102,-6.006802924161109,7,62
0.664715776,0.8810809825933277,-0.2669436839068614,9.35375387154455,-4.846007966063104,7,62
0.66970752,0.8707965652068412,-0.2952591743923461,-1.9140045320851389,-5.596648587391239,7,63
0.689147904,0.9556189466317232,-0.3206301983768066,16.878919567166207,-0.6516157884695484,7,65
0.70310016,0.9558425522120436,-0.3396617835370439,0.154904061453621,-3.794432789176452,7,66
0.7062784,0.9402510772222572,-0.3376921506771168,-3.045523078289281,-2.8693366675230783,7,67
0.714750208,0.9278329755899838,-0.3090952306801092,-2.487847775900036,6.3273988466369175,7,67
0.721994752,0.92165607595389,-0.2973767317214454,-1.2541208291331096,4.24042875474337,7,68
0.724144384,0.8978102074289862,-0.2943538809443653,-4.596258625749075,3.258309527680688,7,68
0.730419712,0.8622883909548906,-0.2091438138898343,-7.069528236772239,7.065883415710568,7,69
0.731170816,0.8739174140779987,-0.2101465776044069,1.4289587851538492,4.757660146207218,7,69
0.732453632,0.9043648055392918,-0.2118592050664804,5.986776487212299,0.815428788510804,7,69
0.737535232,0.9217302810889594,-0.2043584140716232,3.5014470272255607,1.4657278882304203,7,70
0.745179648,0.9400106036244472,-0.2002140387613908,3.653724760568824,0.3728709442511552,7,71
0.747706368,0.9579530682484544,-0.1993349456686254,3.590884109531864,0.3920742755657304,7,71
0.752753664,0.97534538748704,-0.1956248195415421,3.4806793477009164,0.7793809932534931,7,71
0.757672192,0.9850930366605232,-0.1938183411065267,1.974784298557133,0.3890167601195391,7,72
0.762655488,0.9832105952265656,-0.1892711639412608,-0.338611482737893,0.8986757031956496,7,72
0.767879168,0.9801984648108216,-0.177071541252282,-0.5987526576644399,2.3740367648091976,7,73
0.772676864,0.9852633705833114,-0.1729884711156345,0.98394070645104,0.6309362745556788,7,73
0.777415424,0.9894539887713734,-0.1635938614504398,0.8393561050847088,1.8819155022113612,7,74
0.782829056,0.9887831841319392,-0.1610545118463691,-0.1192657743184151,0.9239171476602964,7,74
0.787743232,0.989791209094126,-0.1560453416280011,0.1957477968891252,0.9968219891201372,7,75
0.7927296,0.9933716031352264,-0.1489241805211124,0.7076721141437872,1.3470430599222365,7,75
0.797312768,0.9932173118117696,-0.1442331301578564,-0.0255443879375636,0.7851165304290156,7,76
0.80254208,0.991555927976009,-0.1359106145309825,-0.3287840166001978,1.65054067227628,7,76
0.807437312,0.9910205621892456,-0.128140313801274,-0.1108718854646845,1.787364743113014,7,77
0.81485824,0.9910127731427896,-0.119423766344801,-0.0085683391910313,1.0200157131036702,7,77
0.817854464,0.9922636355301436,-0.1158840207713741,0.2420310052945274,1.2803925993042895,7,78
0.822924544,0.992287252037041,-0.1101050001068173,0.0096493222668057,1.0590862515023376,7,78
0.82777728,0.9915411953420836,-0.1041401515974381,-0.1475293966998496,1.1410288190126323,7,79
0.832961024,0.9907866218844076,-0.098802720883814,-0.1508866087847118,1.1969908054979994,7,79
0.837502976,0.9914204665018852,-0.094889604171517,0.1216637543944628,1.0881195627106035,7,80
0.84266624,0.9918660555333468,-0.0905401942965987,0.0897923771622659,0.8030656922682796,7,80
0.847459328,0.9916579538939098,-0.0844188914328766,-0.0398918611271301,1.0795721813783377,7,81
0.852597504,0.9925901310797354,-0.0827783269021568,0.1836178299448251,1.2350916710947817,7,81
0.0,0.98806687517315,2.3413525419075474,-0.0123425474995331,-0.0226991010981336,8,-4
0.005023488,0.9871712972452424,2.341651720298792,-0.1762470252057524,0.0521920533379705,8,-3
0.01017856,0.9886804938172922,2.34181031866829,0.292570937510279,0.0424227300550658,8,-3
0.015148032,0.9882277885951812,2.341643456919423,-0.0844691198134096,-0.0326410811145474,8,-2
0.0203008,0.9880463953703889,2.340717205701736,-0.0371642650310806,-0.1807437101489885,8,-2
0.02497664,0.9882664854648991,2.3413349163974986,0.0435418373894125,0.1609570642939199,8,-2
0.03010944,0.9889237889948812,2.3406225371197285,0.1303909514787143,-0.1399454322022675,8,-1
0.035516672,0.9935970457335904,2.3416005089473124,0.921220698763036,0.1724736741808594,8,0
0.040360704,0.9935272746457886,2.3420926318541357,0.0030550539215703,0.1265371839367916,8,0
0.045164288,0.9928445754056175,2.345016850517728,-0.1350609329212345,0.581231197518795,8,1
0.050047232,0.992629694813458,2.3512766032432,-0.0440361638341965,1.334084621195397,8,1
0.055218432,0.9966125295632016,2.3526431442387183,0.7831319459001059,0.4176876553860928,8,2
0.060225536,0.991439713526983,2.3485686461263446,-1.0030323267075385,-0.7509100266024848,8,2
0.065098752,0.9913084244478324,2.351855790312918,-0.0326340695009585,0.7763929488200596,8,3
0.070007552,0.988938124364812,2.3596711492279137,-0.4692939374203093,1.626215652810209,8,3
0.075206656,0.9855586869532884,2.3535454918324823,-0.6725406393329372,-0.9753761725071368,8,4
0.080283648,0.980062119800132,2.3538742496897216,-1.091719111642679,-0.1962947659131177,8,4
0.085209088,0.9783139675568168,2.352456707116145,-0.3625445817378318,-0.2194437193424454,8,5
0.090116096,0.9734153214688134,2.348235632139355,-0.9761372056162354,-0.3936640865186884,8,5
0.094974208,0.9716251071329652,2.346866333338336,-0.3662041262678597,-0.2722295866817764,8,5
0.100254976,0.9670730315604134,2.341167601374276,-0.9010352587014164,-1.173604603589632,8,6
0.105223424,0.952149458424036,2.3371529892032683,-2.944263918999789,-0.9716893603111548,8,7
0.110094336,0.9469828876638708,2.3290206534119315,-1.06714514514865,-1.6036316077197232,8,7
0.115201024,0.9355334517856676,2.3178567900656533,-2.2816156432557246,-1.749430313981764,8,8
0.120009728,0.9289604686379624,2.302852067218633,-1.327087120235174,-2.984935224021714,8,8
0.12500608,0.9161208111292688,2.292487959381329,-2.546834816820329,-2.5873450215184954,8,9
0.130087936,0.9026083266801216,2.285227770054928,-2.700106752866798,-1.6308509966625375,8,9
0.134779648,0.8921911216616252,2.2704282437686065,-2.0877504535143103,-2.6274027022779407,8,9
0.13993088,0.8773889521927407,2.253918851194729,-2.9509758721069157,-3.101652226508932,8,10
0.144830464,0.8663264314046885,2.240753611172165,-2.2278746983112523,-3.0870234399323886,8,10
0.149988864,0.8512640514080055,2.225280378771465,-3.0001938933971166,-3.427612591124932,8,11
0.154583552,0.8354789772707598,2.203964931569154,-3.1560786424177203,-3.691219223876829,8,11
0.159919872,0.8195865480375543,2.187058825335248,-3.178258347296865,-3.8066871458767326,8,12
0.165144064,0.8030776888529456,2.168905190676353,-3.299735491633037,-3.9921761663911215,8,13
0.169663744,0.7862184321267734,2.1420766137262635,-3.371217685951304,-4.43862450701087,8,13
0.174739712,0.7656314087627255,2.1185044091011807,-4.111501012526676,-4.330510428411441,8,13
0.179804928,0.7419536959384672,2.0986848561821625,-4.720188153503811,-4.346636432047739,8,14
0.185265664,0.7208002857645968,2.0769950582147265,-4.239282197635443,-4.540288491605645,8,15
0.189927424,0.7033406489297905,2.057252323319676,-3.506055334450329,-4.24997577156317,8,15
0.194648576,0.6799921948964407,2.032560700681198,-4.661610207846564,-4.22179382203259,8,15
0.199830016,0.6590234958759515,2.007834659647482,-4.196258187901371,-4.824842501181494,8,16
0.205053696,0.6362202232590766,1.9922924767047847,-4.554103425904958,-4.167849729553085,8,17
0.210050816,0.6131803137019689,1.9716609001198704,-4.607196929068701,-4.322570147224577,8,17
0.214691328,0.5958601595693794,1.945616467459696,-3.472006390442985,-4.170376699586624,8,17
0.219615744,0.5684198741503772,1.9240309089978056,-5.475113586366436,-4.074480795373367,8,18
0.2249344,0.5448291939036161,1.904532696833584,-4.730244610633642,-4.592171045118593,8,18
0.230068224,0.5250239485727727,1.881819134611606,-3.9747306798937534,-4.631510421441034,8,19
0.235311104,0.5029938333305036,1.858257886059163,-4.39888431202977,-4.470013309907974,8,20
0.239858432,0.4814469780162819,1.8361349885071208,-4.310418409335395,-4.101109746938246,8,20
0.244980224,0.4580698193643641,1.8140663825558387,-4.669775404671608,-4.988795654387578,8,20
0.250094592,0.4316280754212401,1.7925321653973438,-5.276640697188069,-4.948450106010877,8,21
0.254881536,0.4108906617582982,1.7668146797436344,-4.172640385487245,-4.3690783890885285,8,21
0.259777792,0.3905405835484311,1.741438314797849,-4.071258015652978,-4.716059086649296,8,22
0.267924992,0.3642679718763038,1.701844168164686,-5.219264601436835,-5.041485063676337,8,23
0.269857536,0.3383317526750817,1.6926877216439618,-5.190934303308349,-5.079762208141789,8,23
0.274592,0.3157818938079549,1.6693466337224814,-4.514577045211132,-4.261332972824024,8,23
0.279791616,0.2911389594659408,1.6440822154073569,-4.922275780173503,-5.07254038555565,8,24
0.28502144,0.2657723395003356,1.62224027977721,-5.071099883442986,-4.858194912800041,8,25
0.290144512,0.2412979412213723,1.59821835297853,-4.89764443710873,-4.851741392523603,8,25
0.294754304,0.2181169960708455,1.5718432227562282,-4.639122784128506,-4.963738968953628,8,25
0.300142336,0.1993288966508367,1.5474627105847,-3.771312517335765,-5.38402169566667,8,26
0.30512768,0.1791163201591652,1.5242944704595185,-4.037371515720175,-5.072571011180224,8,27
0.3101568,0.1557169592786851,1.5018929703875403,-4.666704447707748,-4.433386826816499,8,27
0.314650624,0.1336837487250574,1.475975352049891,-4.408666622932053,-4.30583452049323,8,27
0.319823616,0.1119579323166081,1.4535824799264636,-4.346026672070613,-4.572670656044738,8,28
0.325293824,0.0924813505834605,1.4350957437588665,-3.902869042116021,-4.27846514999531,8,29
0.330124288,0.0670190663051768,1.415600495837101,-5.072736702736899,-4.519539478011975,8,29
0.335175936,0.0474178142515247,1.3884801728922995,-3.942859997297552,-4.609134941846195,8,30
0.33977088,0.0308669167932453,1.3635019366209853,-3.427894282858766,-4.335032285974831,8,30
0.344818432,0.0099192517155326,1.344299537327891,-4.1777359915382,-4.224480848006179,8,30
0.349963264,-0.0062324526347377,1.3251245814901882,-3.246651403818193,-4.261893262120912,8,31
0.355204608,-0.0256787693273319,1.302200714569617,-3.8789525712861344,-4.081355217441121,8,32
0.359895808,-0.0395096633289646,1.2820628089233626,-2.773429704805558,-3.667896112197,8,32
0.365179904,-0.0542668634785828,1.2653885893950294,-2.9486834310383827,-3.786289084529916,8,33
0.370225152,-0.0712647491952723,1.250130839541467,-3.391701550612925,-3.5929098027251123,8,33
0.374948864,-0.0854843742224117,1.2341628846482815,-2.8555536760622724,-3.514736823644769,8,33
0.379708672,-0.1028364612066898,1.2100562279545246,-3.465162504247796,-3.783659829986593,8,34
0.384971008,-0.1164963357431951,1.1909196877468864,-2.7362570892735105,-3.4345142042778454,8,34
0.39021696,-0.1271359751828962,1.175327479088882,-2.137125239598121,-3.5380703682021406,8,35
0.394751744,-0.1370912090457736,1.157167476315837,-1.9919300278310863,-3.3461099736948308,8,35
0.399776,-0.1465063767399952,1.1409304946604246,-1.8844376562479173,-3.2995700443816123,8,36
0.405028096,-0.157927773076846,1.1267934839736613,-2.2783088714096,-3.145576097641728,8,37
0.409974016,-0.163056054124955,1.114256142654111,-1.049553293785008,-3.078040363894599,8,37
0.415198464,-0.1695700518457134,1.0985102150947268,-1.2981893282232515,-2.993138821008966,8,38
0.419986432,-0.1751586235874878,1.082276446530771,-1.1200234344715116,-2.8161438916023966,8,38
0.42489984,-0.176091571867482,1.0696504390564132,-0.203891610685991,-2.659953959161862,8,38
0.4299648,-0.1826719458265032,1.0562903152684606,-1.2988971815060624,-2.713371024417843,8,39
0.434806272,-0.1846720277414503,1.0424644454271448,-0.4057875998735719,-2.431027359459665,8,39
0.439794432,-0.1855749346921451,1.03064040181391,-0.1838407124805018,-2.4083352233180286,8,40
0.444796672,-0.1870643202072235,1.0202446199395991,-0.2956414187523088,-2.352161878931054,8,40
0.449852928,-0.182990279171191,1.0095155374202458,0.794402306081798,-2.2779601953244506,8,41
0.454804736,-0.1823540368972683,0.9982651828411504,0.141716677951699,-2.272914042746966,8,41
0.459978752,-0.1779394075987772,0.9879458235751668,0.8691760526777437,-2.10609749597097,8,42
0.464896,-0.1709802915504322,0.9777967738384692,1.3828286214708687,-2.0098535063055487,8,42
0.469723648,-0.16981303009345,0.9657220531026162,0.2412803812705108,-1.9156786998420607,8,43
0.474793472,-0.160945618404481,0.9567300636403292,1.7565317130684153,-1.8577430220805435,8,43
0.48010496,-0.1522079351651081,0.9483350266731424,1.747950793917301,-1.8544777206315504,8,44
0.484927744,-0.1390417814048205,0.9399466170883926,2.618314690270031,-1.7745156816439522,8,44
0.490134272,-0.1288698782165893,0.9311978485559744,2.0433666302121907,-1.799194369568909,8,45
0.494811136,-0.1164991083301861,0.919946943471638,2.4709943368389133,-1.9371386757096976,8,45
0.499735552,-0.0984898945275436,0.9099173016929422,3.58578445363673,-2.034146183201571,8,46
0.507408896,-0.0837584508512994,0.896647553460388,2.952260049148974,-1.8666867282952528,8,47
0.510270464,-0.0615502313030744,0.8919372555617567,4.396817838325712,-1.9768928988535832,8,47
0.516994304,-0.0398170561738711,0.8757310248415753,4.347203243363791,-2.2486143107808108,8,48
0.519974144,-0.0133739745955236,0.8684383754313888,5.267291462640196,-2.3067135789406645,8,48
0.524758784,0.0088634651425102,0.8548648417542595,4.454280736193467,-2.4656385619123826,8,48
0.53021056,0.0408139772679846,0.8434301432408224,6.356873730862495,-2.6249805052261825,8,49
0.535215104,0.0686907188782437,0.8296598923549988,5.590317448100556,-3.0174091233013662,8,50
0.540228352,0.1054952432852825,0.8110717950865505,7.331489696095552,-3.2000346455794166,8,50
0.546171904,0.1511246355289683,0.7829018468133013,9.118585169533317,-4.361109894533788,8,51
0.549989888,0.1908136065256633,0.7710546825042901,7.963905079424119,-4.193210085501948,8,51
0.555378432,0.2320461811827499,0.7469475446170492,8.133523615887867,-4.596852842094712,8,52
0.560143872,0.2785921540714947,0.7180119453540262,9.288529622929309,-5.286495606205516,8,52
0.5651456,0.3301431142345689,0.686692132655364,10.299223455437522,-6.4346580646283,8,53
0.570394624,0.3827988333968393,0.652935572592755,10.52768141098367,-7.6158636263400785,8,53
0.575274752,0.4420911248973175,0.615120681050646,11.833168179376338,-8.596516718227184,8,54
0.58011136,0.5048077885846565,0.5576520951680275,12.53867048116707,-9.186263203609997,8,54
0.585013248,0.5736194693544429,0.5104292839809081,13.754314300378248,-9.172594595893251,8,55
0.590149376,0.6475648922035672,0.4674383088125973,14.770873532247272,-9.59163584486761,8,55
0.59523328,0.7212443536845016,0.4253386843432465,14.73689072201553,-9.565387044831589,8,56
0.600292352,0.7953280168965791,0.3769893023105016,14.81518675022779,-9.376839722422304,8,56
0.604922624,0.8764842645892221,0.3276848350766521,16.21576529883924,-9.195858906595827,8,56
0.610207488,0.8830963730543893,0.2850977825770983,1.4782630990838983,-8.24522867126678,8,57
0.637766912,0.9710466391454596,0.21922821154889,17.537832104619152,-5.767184605678815,8,60
0.6579136,1.0684520564017843,0.2024984683553129,19.47276943489056,-2.0094796828020334,8,62
0.66508416,1.076631240071158,0.2081525285247409,1.853756978727482,0.3533530224989274,8,63
0.681536,0.9472032229893936,0.2575172240125615,-25.74042013212695,5.196766630180172,8,64
0.687320576,0.9148830057328404,0.3124843209267788,-6.789223307590465,6.042474546662685,8,65
0.688411136,0.8954426274074171,0.3159642543748816,-4.079752733842734,5.775994012417264,8,65
0.689565952,0.8431741859866262,0.3196492261552552,-10.021336485438324,5.493812395050811,8,65
0.690637824,0.8126995883827443,0.3230695269409843,-6.395308466422225,5.231898311274854,8,65
0.693903872,0.787727380645798,0.500165819853277,-5.00432424714232,25.613743733167315,8,65
0.694146048,0.7629353643674788,0.5014371389542968,-4.961668734062536,24.544013587345678,8,65
0.697636608,0.7397758711957639,0.5197610670118074,-4.635920154713439,9.125651496142629,8,66
0.703272704,0.7192565844726574,0.555339151909035,-4.113048312468853,7.73629726311624,8,66
0.708333824,0.691985709473436,0.5810329242707021,-5.432446538082576,5.686456168652871,8,67
0.71328384,0.6703226879142927,0.6242277684144044,-4.338470574122782,7.812203688471129,8,67
0.718007296,0.6506246457849559,0.6545709722253967,-3.944159439304914,6.550124656131063,8,68
0.723230976,0.6291369021502475,0.6786129246851331,-4.291723738608079,5.345009166765428,8,68
0.72775808,0.6122433880764327,0.7023052758329706,-3.401982378067974,5.17639110652081,8,69
0.732866048,0.591821157685836,0.730122026320572,-4.07134058447643,5.595717433203457,8,69
0.737737472,0.5760213226124271,0.7631463966484529,-3.165727468983431,5.376232532768233,8,70
0.7428672,0.5546575888324676,0.7899873757541622,-4.2575945263988935,5.284984332318925,8,70
0.748038144,0.5376347404976674,0.8155412431815409,-3.4197257321300567,5.7266052340336575,8,71
0.75300992,0.5223093878629077,0.8452537351470916,-3.0713789060719074,6.363083198063572,8,71
0.758031104,0.5011779083313294,0.8764098629955104,-4.20237199347396,6.076536657499269,8,72
0.762604544,0.4843571474893,0.9073820916664552,-3.3752652830736305,5.351012341476621,8,72
0.767922432,0.4708419230361776,0.9343202190407628,-2.711651734988364,5.49906186048033,8,73
0.773102336,0.4559712109329694,0.9583361192959488,-2.968843230182099,5.312990226237442,8,73
0.779886848,0.4427277779288142,0.9988550268762496,-2.653186669967836,5.464043381525139,8,74
0.782871296,0.4316223784170974,1.0129183863536635,-2.2338640201331867,5.570375779879962,8,74
0.787691776,0.4155049632230789,1.0466377724539104,-3.216641983490116,6.11683963922739,8,75
0.792535552,0.4089284241763666,1.0742330539903575,-1.327514481442105,5.276741300131922,8,75
0.797982976,0.39699590908831,1.0986205579408257,-2.3705433162124083,5.58639684792449,8,76
0.802976,0.3855158574628765,1.1259355479797295,-2.2975178408522647,5.703848889696183,8,76
0.808144128,0.3751188244416933,1.155837985954868,-2.082999150354318,5.8124964347087085,8,77
0.812940544,0.365752036285549,1.182506183339194,-1.877030988954215,5.502892310233973,8,77
0.818764288,0.3578204134742608,1.2227082556247866,-1.5881188370725483,5.834611668743966,8,78
0.822843136,0.3519485757932798,1.2412610443593814,-1.1821731454990836,5.7681016871600574,8,78
0.827844352,0.3455140864694778,1.267148082569433,-1.2834821809104755,5.787131984074616,8,79
0.832656128,0.3365825935123167,1.303320162785076,-1.782945078882109,6.086594166936389,8,79
0.837675264,0.3355449289472056,1.3314975534249085,-0.2284818422571179,5.568226501101203,8,80
0.842698496,0.3306518102810924,1.3499401727853155,-0.965315566782642,4.62982610433388,8,80
0.849763584,0.3229679391536736,1.3958079124848102,-1.529897960270022,6.317244922219885,8,81
0.852660224,0.3261777063882056,1.4160573108041072,0.6187775823664121,6.430860292326761,8,81
0.0,0.991552425420836,2.351781564102766,-0.0347512626778012,-0.1015875064656057,9,-4
0.005177088,0.9915159114751112,2.3513584690167755,-0.0077454193966187,-0.1271814192302024,9,-3
0.010434304,0.9924971950731748,2.3517180621833447,0.1414525196090541,0.0874786634330149,9,-3
0.015270656,0.9928414452905426,2.350387950759243,0.0710700911350473,-0.2912322425417029,9,-2
0.020011776,0.9925965260284446,2.350240697716412,-0.0482804428277958,-0.0486883048416728,9,-2
0.025024256,0.9933490915100494,2.351357990567045,0.1474659549837209,0.2238067742434396,9,-1
0.030095616,0.992791823738008,2.3515108490188648,-0.1070958069165545,0.0592015190289565,9,-1
0.035059712,0.9957271085189652,2.351864088727742,0.5759494525895813,0.0681782565374713,9,0
0.040127744,0.9946884233697688,2.35527723698905,-0.1953716942986618,0.6519565152523905,9,0
0.04494464,0.9949867703568168,2.357821241577327,0.056923834092371,0.4591438801316034,9,0
0.049968896,0.995415198710634,2.355816742126842,0.0852047638923492,-0.3359992338064037,9,1
0.055071232,0.992826357613862,2.356691960933209,-0.4814746001764511,0.0849427736839532,9,2
0.060127488,0.9910712144720676,2.362500333122131,-0.3547646948695589,1.1110814211862805,9,2
0.064840704,0.9894301610675572,2.3634936365054577,-0.3284417360081253,0.0656392327034101,9,2
0.069938688,0.9866463033436318,2.359106680731689,-0.5530339855392375,-0.909071691340328,9,3
0.074887936,0.9822441968235578,2.3575348499432343,-0.8742898017622037,-0.3819656197419818,9,3
0.080167168,0.9803538458925558,2.3530014043693823,-0.3868906307194252,-0.8950745359625107,9,4
0.085005824,0.9710611809937296,2.349802109909544,-1.8379797463013845,-0.4451597527456741,9,5
0.089803776,0.9661063708735026,2.3479157228749203,-1.002267087500446,-0.3754810003511277,9,5
0.09511296,0.9618592838632962,2.3454685396161343,-0.8519207554499943,-0.5104304563892388,9,6
0.099756288,0.953693672543456,2.337237496689668,-1.627734621557091,-1.5878471004923151,9,6
0.104717824,0.9461428294910884,2.328079161658235,-1.5113134538956436,-1.78595983264641,9,6
0.110103808,0.93836077555318,2.319836967358356,-1.555534272019151,-1.9612119443810057,9,7
0.114976768,0.927981006779814,2.312395756915612,-2.067505009484994,-1.7621687724869908,9,7
0.120115712,0.9185637945345352,2.303277282488546,-1.887026766597419,-1.6726732348778062,9,8
0.124792576,0.9066027129990316,2.289238881297412,-2.38868688081426,-2.4757610434382484,9,8
0.129657856,0.8965715852430145,2.2764080364745567,-2.0105116417256643,-2.4957002801662327,9,9
0.135028992,0.8844047011320452,2.2608580525751574,-2.426815545381612,-3.453321073339972,9,10
0.140031232,0.8750635618116712,2.245972132823218,-1.877399635933887,-3.339700606828925,9,10
0.145693952,0.8618485985432464,2.223333937599888,-2.6316134709019234,-3.954396369701773,9,11
0.149664768,0.8441038314212964,2.2025641297768277,-3.541850635125348,-3.8612558181908607,9,11
0.154901248,0.830711274495801,2.183981157608947,-2.687366641437283,-3.6612714786451264,9,11
0.16018048,0.8103503468554699,2.1647739739908336,-4.047242214080941,-4.332355808343758,9,12
0.164907264,0.7914882770356901,2.147352476411728,-3.7930139041467834,-3.943750506740328,9,12
0.169788928,0.7700679731335963,2.121641025466817,-4.280252137300749,-4.513651676364398,9,13
0.175016192,0.748361252431373,2.0964799915579806,-4.340724045558491,-4.938866732059689,9,14
0.180066304,0.7242217789930008,2.0763473808557023,-4.82021024316526,-4.275460908146131,9,14
0.184932352,0.7032561497641971,2.0568185047224405,-4.204234634091463,-4.429894227122811,9,14
0.191182848,0.6816247803000169,2.0242541081171344,-4.325608262622188,-4.440063240333375,9,15
0.194738176,0.6568899322288982,2.0092148492690223,-4.93707575104508,-4.334133648983557,9,15
0.199725056,0.6291286759762097,1.98734123509045,-5.546522542082292,-4.434727953196298,9,16
0.205088256,0.6050561056576493,1.9638049757435343,-4.82557207296342,-4.9189343559351375,9,17
0.210116352,0.5799265524384192,1.9406373802693608,-5.022065702745186,-4.781308382650154,9,17
0.214786816,0.5559673162150722,1.9162758596579723,-4.793536201257587,-4.319942977917832,9,17
0.219763712,0.5327124774393363,1.8939902873730603,-4.652340356706562,-4.532947018665146,9,18
0.225094144,0.5112207633173493,1.8721307508739744,-4.303943783230662,-5.017855961929068,9,19
0.230085632,0.4895282475281748,1.8496201701607788,-4.337734440668937,-4.912324666211637,9,19
0.235383808,0.4654432897476414,1.8206112140880892,-4.814345645218274,-4.638900910580689,9,20
0.2420544,0.437426449182872,1.7928282997414815,-5.599837701336859,-5.357302239508542,9,20
0.247434496,0.4127605817172293,1.7717920194143848,-4.944584548693989,-4.901878877763244,9,21
0.252514816,0.3900762024267721,1.7505388668424664,-4.543692721163847,-4.494434684436125,9,21
0.257161984,0.3625539773022169,1.7243912528791088,-5.487369019319696,-5.07874044323691,9,22
0.262159616,0.338292469454296,1.6946524669831864,-4.861013793321989,-5.515025769489721,9,22
0.267353344,0.3124026717400771,1.671680876424274,-5.171927066420554,-5.038829287430735,9,23
0.272266496,0.2855565382119329,1.651142586407571,-5.365342400614988,-4.8475408355471625,9,23
0.277119232,0.2605771629874962,1.621022139846727,-4.998312379145169,-5.237320064127486,9,24
0.282237952,0.233139221731905,1.5931879372680413,-5.481431146622828,-5.06220195388797,9,24
0.287547136,0.2097268220247287,1.569233577881037,-4.913914978285907,-5.079773836403649,9,25
0.2924864,0.1851940215158248,1.5473229270573408,-4.900280248869005,-4.958980353284734,9,25
0.297505024,0.1628846021120513,1.5189737860976893,-4.47029875277737,-5.777884658100108,9,26
0.302476544,0.1384775790600961,1.4912273776633964,-4.874899740694387,-5.398591275450869,9,26
0.307167744,0.1118751589389113,1.4661320392984762,-5.317363982131307,-4.553818504757955,9,27
0.312371456,0.0879340391916952,1.4379151760053832,-4.793623500312236,-5.347258500878046,9,27
0.31764608,0.0604250842167445,1.416907465237366,-5.487259876056746,-4.928487711136994,9,28
0.322444544,0.0351647686190652,1.3923568960660322,-5.061366839416173,-5.090743440194017,9,28
0.327513856,0.0165303453416362,1.3654199444361177,-3.753766713443525,-5.057683502933972,9,29
0.332543488,-0.0080256578039157,1.3429841685856687,-4.889750008159549,-4.937572074094492,9,29
0.337881088,-0.0292750129920449,1.3176458710588062,-4.261878506973943,-4.818972511782624,9,30
0.34293248,-0.0523208557449365,1.293771782511258,-4.602875645614951,-4.900434988362583,9,30
0.348003072,-0.0730774986498642,1.2701621775092025,-4.15953028604713,-4.919784966150962,9,31
0.352506624,-0.0921928678595269,1.2432984597402343,-3.825493456478971,-4.715970355996472,9,31
0.357782784,-0.1147598524271213,1.2170474074224074,-4.505401665126789,-4.702109847760309,9,32
0.362968576,-0.1310646046296652,1.1985329571711951,-3.282835825301968,-4.711124317403565,9,32
0.367973888,-0.1516722499975549,1.176427207702306,-4.107288236522688,-4.7755538783346205,9,33
0.372948736,-0.1694957628764517,1.1520501132746004,-3.5737321946625915,-4.777018516999091,9,33
0.377903872,-0.1888009631775073,1.128969698212892,-3.856262646107744,-4.565940816047357,9,34
0.383799808,-0.2036607147611774,1.0959899730130906,-2.9769314296663474,-4.378488165995983,9,34
0.387747072,-0.2188968535685898,1.0793953934839429,-3.046270268157613,-4.46022383954168,9,35
0.392790528,-0.2346959843148515,1.059821572069502,-3.1586154138999785,-4.335446117941486,9,35
0.397705984,-0.2496369229848108,1.0388004046484818,-2.9909009980456878,-4.3583695389967,9,36
0.402802432,-0.2583733148929378,1.0204659811705807,-1.7681894374654687,-4.103298015620528,9,36
0.4078912,-0.2742962944405623,0.997926133714391,-3.159448272536,-3.957442780617776,9,37
0.41260288,-0.2847879082073069,0.9764248392109032,-2.1121610062406027,-3.9082335950589657,9,37
0.417871616,-0.290461738053431,0.9601882654459788,-1.154161458763682,-3.667921876933239,9,38
0.422893568,-0.2972208101349681,0.9445077741139656,-1.34704885947132,-3.5091232647846677,9,38
0.427944704,-0.3131473678727267,0.9271041120739986,-3.1496345978353952,-3.432986473897679,9,39
0.432608768,-0.3143580619520436,0.9087102530446588,-0.2648982600750447,-3.130166304562046,9,39
0.437954304,-0.3221585127085407,0.8936985154844533,-1.5374831391961297,-3.182397288251059,9,40
0.44289024,-0.3278349686419238,0.8807664418036035,-1.1427906231983298,-3.093176623692135,9,40
0.447600128,-0.3319330152727637,0.8634645489791041,-0.8222271503723191,-2.9157424485074976,9,41
0.452754688,-0.3362295579469024,0.8488089103546217,-0.8588471216008342,-2.808410521349237,9,41
0.457923328,-0.3364533954057728,0.8361431878309661,-0.0577419841750218,-2.8200614105981456,9,42
0.462931712,-0.3415994206470002,0.8241589217804762,-1.0134472004815611,-2.6038927738626487,9,42
0.468171776,-0.343922499007963,0.8108685976947538,-0.4787618121168904,-2.3279999856913824,9,43
0.472850432,-0.3408974541248885,0.7984218392983334,0.5971168327556231,-2.5622420083769235,9,43
0.477787392,-0.3360521992836265,0.7880906037931974,0.9632710393953512,-2.446708096732745,9,44
0.483064832,-0.3311071190854105,0.7759502533812245,0.9886777468959682,-2.4796561223587243,9,44
0.487651328,-0.3327879319339985,0.7605915266452765,-0.3265761075271314,-2.5630804246174974,9,45
0.492727296,-0.3214598995128625,0.7448254980321313,2.236355517148118,-2.9943460308945697,9,45
0.498267392,-0.3134969362801454,0.7301256285007179,1.6029576536978831,-3.092778065747605,9,46
0.505791232,-0.3051124577040189,0.6809771575243648,1.675824345226773,-6.7364989537404805,9,47
0.507942144,-0.2949209099501005,0.6735576908086023,2.023293789707461,-4.777507986224931,9,47
0.512664576,-0.2840874921666162,0.6574828887617913,2.1649966354632224,-3.151532270619883,9,47
0.517793536,-0.2702290758938847,0.6404097502906276,2.765092712165168,-3.20487829601378,9,48
0.522860544,-0.2527705915206376,0.6252853441492983,3.480828744534655,-3.433116235998564,9,48
0.527740416,-0.2375989394548456,0.6088478623267718,3.0464800255005846,-3.31143192549054,9,49
0.533050368,-0.2211071926640326,0.5926904089860392,3.294238114250131,-3.1258027614474218,9,49
0.537733632,-0.2018777565482614,0.5733371236296797,3.838020644922832,-3.736848897283217,9,50
0.542625536,-0.1788614142640491,0.5523488261745905,4.594019514104038,-4.196404759536554,9,50
0.547756288,-0.1571211341138928,0.5150068528603468,4.352785230230805,-8.085143255949514,9,51
0.5526528,-0.1341852477898076,0.4833533126307042,4.581853762874718,-6.912293662475176,9,51
0.557577216,-0.1046560370572861,0.4514803742153572,5.8986603316347015,-5.23785705247826,9,52
0.562613504,-0.073089896575879,0.4264149562090014,6.310868718193916,-5.022903732002715,9,52
0.567895808,-0.0424717881625824,0.404549414918861,6.126881834126847,-5.239222677821643,9,53
0.572811776,-0.0069188091169803,0.3779721825848713,7.090985691763273,-5.74789668534483,9,53
0.577546752,0.0373684821802045,0.3408747296000982,8.844250555177537,-6.145316044176763,9,54
0.582454528,0.0753188441299763,0.309950165356646,7.607994090066688,-6.268625211923831,9,54
0.587956992,0.1304338314330972,0.275396257221149,10.966200989670924,-7.2391457646762145,9,55
0.594766848,0.1780757642861516,0.2176433980821117,9.549552879372197,-7.712429535463662,9,55
0.598162688,0.2272221448454527,0.1862607767065639,9.826317148946906,-7.671006653159958,9,56
0.602339584,0.2822357246805128,0.1549999929158082,10.98938630944158,-8.404628742039156,9,56
0.607358976,0.3369516061181358,0.1121052115670368,10.94371402215411,-8.647921102616001,9,57
0.612714496,0.3909935434645355,0.0655895310133888,10.840791475130835,-9.067535671701547,9,57
0.617782272,0.4456294573028444,0.0293218696882769,10.924326142503377,-8.395456709328206,9,58
0.622868736,0.5032460672744478,-0.0140237982135622,11.513245894911371,-8.55694130864404,9,58
0.627499776,0.5667144544351962,-0.0509060818478035,12.669152502935226,-8.394375085391777,9,59
0.632559104,0.6225710259147866,-0.0981120648068713,11.465713858717432,-8.124830215332853,9,59
0.637487104,0.6831485656502252,-0.1388659557746769,12.107113120950666,-7.494338716050569,9,60
0.642623488,0.743842116424455,-0.1715128846528814,12.138309781493128,-7.186008892650072,9,60
0.647763968,0.8005363666857412,-0.2059158309720903,11.3543932807306,-7.076804069744206,9,61
0.652514816,0.8574784850578647,-0.2413009631464519,11.388025764494662,-5.928284196927932,9,61
0.657643776,0.8383783220421217,-0.2686832426032191,-3.6304838407636346,-5.861118451216391,9,62
0.662924288,0.9349285739011166,-0.2928152908586536,18.898625902396443,-5.656207727395188,9,62
0.667976704,0.9744683121228744,-0.3192484668163645,8.10182158677847,-5.537016943193828,9,63
0.672736,0.9611915444047164,-0.3260845662413347,-2.594373806896724,-3.947348708163642,9,63
0.687261952,0.9321171213501938,-0.306071074532541,-5.794267407055484,4.149309880482332,9,65
0.700888064,0.9259341503980362,-0.3024796073882715,-1.2723466413882625,1.5051385600171612,9,66
0.701893376,0.9001176984808775,-0.3024313604115928,-4.869434858053056,1.1595236370411357,9,66
0.703048448,0.8640763845189705,-0.3023759261465624,-7.054397851725523,0.762422915760812,9,66
0.705720576,0.8225365415294105,-0.302909615938315,-8.27417698491318,-0.0023363964483412,9,67
0.706472192,0.812148626110525,-0.3034041008503791,-2.81649672965833,-0.1295823809197231,9,67
0.712132352,0.8060306473598923,-0.2662334849907723,-1.2282798382533353,3.579540859686952,9,67
0.712897792,0.8238852162791286,-0.269185569043913,3.367743042834692,0.5117190651517092,9,67
0.716633344,0.8548471562543156,-0.2682715200983869,6.150129160317501,0.1319568312136603,9,68
0.720390912,0.9054007038518336,-0.2727223838931768,10.078151017617833,-0.7451364612647882,9,68
0.725874176,0.9206915180447628,-0.2776759129710748,3.161272154361245,-0.8557140777275482,9,69
0.730823424,0.939946244102996,-0.2787234715629393,3.8373422477799695,-0.2217184328089105,9,69
0.735905792,0.9508482116934064,-0.2840371218523283,2.209156981768306,-1.0508298135011478,9,70
0.740900352,0.9664910565518002,-0.2838932974923532,3.112473475748696,0.1588579977169142,9,70
0.74552064,0.9810005007616988,-0.2800042746374136,2.904619166410364,0.7123506615392109,9,71
0.750360576,0.991357116526308,-0.279059878798246,2.0831940089808216,0.2741003037987839,9,71
0.755672576,0.995343100622778,-0.2694122690147761,0.816739385907485,1.9107016868349171,9,72
0.760605952,0.9936186026788956,-0.2502664878685958,-0.3259940439591662,3.855310625220838,9,72
0.765676544,0.9903185509902336,-0.2362262689418742,-0.6548883962299119,2.8175980981818407,9,73
0.770668032,0.991563252676392,-0.2187269179994972,0.2325561382565026,3.6453184709246,9,73
0.77563264,0.9882233663737188,-0.1913256353588125,-0.6526361140499211,5.161559814635257,9,74
0.780331776,0.9871841757816988,-0.174826865419356,-0.2143536745688719,3.151141084843596,9,74
0.785387776,0.9863199395843943,-0.1582904085895883,-0.1732535737042203,3.375489477345469,9,75
0.79056,0.9674891972138688,-0.145889498583278,-3.70653137504668,2.467716999418001,9,75
0.795795712,0.9683766269150882,-0.1333842398704828,0.1128836160968553,2.55005403414484,9,76
0.802377472,0.9678016422818186,-0.1157573026270377,-0.1109054624190852,2.158433399068283,9,76
0.805733632,0.9683844266009756,-0.1084638529987766,0.110525251077908,2.409457256716011,9,77
0.810364928,0.9697866125356056,-0.0967764122238404,0.2790911285087024,2.2210022769715976,9,77
0.815585792,0.9707033722620138,-0.0854204087440387,0.1843485675011785,2.300869983144583,9,78
0.8206784,0.9758812507265028,-0.0764289389213304,1.0226554589576842,1.953179250336153,9,78
0.825845504,0.9749954883997612,-0.0665811991213906,-0.1561720464176705,1.967262811951915,9,79
0.830703104,0.9724066314446808,-0.0545660189849734,-0.5120356732538281,2.4414597070640385,9,79
0.835465216,0.9712720186023612,-0.0415776435668601,-0.2318948777790813,2.32609939292512,9,80
0.840465152,0.9699543438803936,-0.029463950105599,-0.2631260465254959,2.29370401864364,9,80
0.845811712,0.9713946459131968,-0.018126199416748,0.2793399467265086,2.505805429011892,9,81
0.850749952,0.9677029425667856,-0.0076087486355001,-0.7210414757102415,2.2854721640954967,9,81
0.855626752,0.9639650904053324,0.0035786546237621,-0.7473896934370001,2.247006139516214,9,82
0.86088192,0.9597691284909192,0.0186501459487104,-0.8377295452358617,2.932072268948838,9,82
0.867149568,0.9579608997002562,0.0357272170958036,-0.3678507032445768,2.0935249491872017,9,83
0.870585344,0.9570359143778874,0.0447543935525128,-0.1869041128803225,2.5731622128682043,9,83
0.875443456,0.9564800717017669,0.0576102483767895,-0.112101309826966,2.51633878031818,9,84
0.8805184,0.9555858127752578,0.0699167490204253,-0.1776133460458093,2.7442600764415457,9,84
0.885543424,0.9576531480805756,0.0811414590019637,0.4038779147330399,2.3610115850115028,9,85
0.890544128,0.9588785230990244,0.0949740261438134,0.2485170066975912,2.758905406758457,9,85
0.896126976,0.9599892466814064,0.1125979744375245,0.2222576998094745,2.5073344186583166,9,86
0.900777472,0.9613334259725655,0.12016143187023,0.2679009712977507,2.2873597130056096,9,86
0.905703936,0.9655628359892549,0.1307271491542667,0.8326491923697494,2.416801541672812,9,87
0.910337792,0.9683308429073436,0.1455725168719153,0.5556885153975701,2.4269906554744147,9,87
0.915158784,0.9709756111691588,0.1559186244510216,0.5291172724590063,1.9107283254867613,9,88
0.920571136,0.9724230498816328,0.1662712686842004,0.2931675184815518,2.295112156500322,9,88
0.925558784,0.9735067249246216,0.1768480431693141,0.2180514795361022,2.349150252036474,9,89
0.930813952,0.9731201821156616,0.1808324165975629,-0.0727457425178876,2.2894516646199903,9,89
0.0,0.9932025661691332,2.352148899723371,-0.0601939955468422,0.1469576110783384,10,-4
0.004958464,0.9929894601469276,2.3524958489322407,-0.0428128379319328,0.0467269128530751,10,-4
0.010177792,0.9938468743563712,2.3523712895355717,0.1690076506016534,-0.026697295431667,10,-3
0.01551872,0.9935261309057406,2.352621673358061,-0.059721211525306,0.0485438733151625,10,-2
0.020318464,0.9934087132550824,2.352078161994248,-0.024223133983021,-0.1014168075902667,10,-2
0.025032704,0.993867022582375,2.351202012753969,0.0909150311442267,-0.1319384309985632,10,-1
0.030260736,0.9942599474501118,2.350377366397318,0.0787471705140068,-0.164458634322677,10,-1
0.035368448,0.992690121192736,2.3507502802982363,-0.3061138563580122,0.0641057398689227,10,0
0.040187136,0.9934638028639003,2.3522820856877686,0.1515521858638975,0.2969669287517384,10,0
0.045264896,0.9948117276923144,2.35191374592902,0.2682943374058008,-0.0652958944927603,10,1
0.050299648,0.997654093645796,2.350979113062442,0.4643657184542995,-0.1936964283583829,10,1
0.055409664,0.9926242475647982,2.355698915748768,-0.9550215399727682,0.912751532367254,10,2
0.060175872,0.9913903846119436,2.361724842854367,-0.2592197749399217,1.2998758139827375,10,2
0.065213696,0.989914031904189,2.3640612135779047,-0.2944655656628687,0.4255496389387485,10,3
0.070432256,0.988677529317246,2.3556930374016587,-0.2480931576505547,-1.6637702834823425,10,3
0.07480192,0.9838744384003258,2.3565191703622683,-0.9509872803999644,-0.241657097663809,10,3
0.080425728,0.9795171648683544,2.3650219861006176,-0.873113112449088,1.6245191694303065,10,4
0.085049344,0.9757711300214456,2.3615541296157168,-0.7513305312072718,-0.6014553027098097,10,5
0.090182912,0.9676703557658922,2.3569900180387817,-1.6088760760422771,-0.6951183974319137,10,5
0.094618368,0.964185347853142,2.352450094717005,-0.7032336595536487,-0.8976885368796125,10,5
0.09980416,0.9562831126175572,2.3453979396549998,-1.5757351052841304,-1.5356364081529366,10,6
0.105404672,0.9474071524275356,2.3360029659260246,-1.7717904171578889,-2.0538026072771647,10,7
0.110126848,0.9405623341957552,2.332521385533122,-1.37601484109628,-0.8735726296704143,10,7
0.114898944,0.9298943371061236,2.319951331168584,-2.1205546660293635,-2.519707584036439,10,7
0.120102144,0.9225689592178374,2.3134486257041207,-1.4725755732953374,-0.8817522686432406,10,8
0.124978944,0.903704748554622,2.2993936342889314,-3.745103389146749,-2.796528206984334,10,8
0.130136832,0.8963287684419634,2.2898860791926112,-1.5137566463255072,-2.373095376495487,10,9
0.13522304,0.8810733358029216,2.275760006216657,-3.0215499638935794,-2.8428919560387595,10,10
0.139868672,0.8703732418360594,2.25466538746046,-2.1464824324022955,-4.013654081948276,10,10
0.1448128,0.8471739085013851,2.2356723037661625,-4.620858875210153,-3.523235393209017,10,10
0.14978432,0.8402324119039839,2.223659708641416,-1.4249968425110673,-2.692249965994,10,11
0.154943232,0.8218644611503784,2.2038102968921307,-3.634375100954252,-3.951318937517209,10,11
0.159706368,0.809246358510177,2.183096574860094,-2.5311914690242414,-3.304480202937857,10,12
0.164985344,0.7909414317802588,2.1627795250079407,-3.648366247665896,-4.133283936589722,10,12
0.169672704,0.7727683629532031,2.1472609171769377,-3.6348923028735465,-4.055004229856683,10,13
0.175001344,0.7527735295749768,2.126382984608899,-3.9930398358613584,-4.268914608486479,10,14
0.180165376,0.7352935788731948,2.1011502375176527,-3.505544579611946,-4.708933880246516,10,14
0.18467968,0.7195027178717205,2.0775365563497585,-3.160621846959673,-4.050041741180603,10,14
0.189668352,0.6950013978201965,2.0534472214996864,-4.888999907669121,-4.539457002675238,10,15
0.194923264,0.6777458983327,2.0360650531347018,-3.4769142888015008,-4.356638475295935,10,15
0.199950592,0.656210312232786,2.0148115057512594,-4.293261846420012,-4.299192194122021,10,16
0.204625664,0.6288025711265355,1.9879298615951368,-5.472972412644297,-4.669630311326772,10,16
0.20975488,0.6065975464115886,1.9660469904204445,-4.4889302768215655,-4.46675638527079,10,17
0.215012864,0.5820917456441692,1.9451427667242995,-4.784817434347668,-4.314004878547225,10,18
0.21998464,0.5600006952263101,1.9264268044800092,-4.432849370322712,-4.375969796467715,10,18
0.224743936,0.5417034575688278,1.900129874895911,-3.668106850877802,-5.013639114633938,10,18
0.229764096,0.5169574783658727,1.8766662432495975,-4.93577466863349,-4.91802512995275,10,19
0.235001344,0.4951437022695016,1.856898797879808,-4.371848426788923,-4.208777680053153,10,20
0.239988736,0.4732536314983266,1.8347218967661785,-4.373167089757525,-4.265529893958281,10,20
0.245209344,0.444536747265815,1.811928142882249,-5.696707604789869,-4.6065904638453725,10,21
0.249953792,0.420071541962929,1.7869475824397163,-4.9079729772559535,-4.581065581839612,10,21
0.254639616,0.3983524903013135,1.7591285095419775,-4.350449385082232,-5.247024160544806,10,21
0.259887616,0.3763823683085911,1.7354390379058455,-4.393057902831341,-5.054701377556721,10,22
0.26500224,0.3521442346229396,1.715011042750749,-4.840108843918848,-4.482667048465187,10,23
0.26978432,0.3252492601617646,1.6874617044711822,-5.375171272442265,-4.9449189893010645,10,23
0.274785792,0.3010739663035759,1.6664444917650951,-4.84181367867285,-4.714638778733338,10,23
0.280022528,0.2746867259153834,1.6442767018975382,-5.268968251566268,-4.8657354384524405,10,24
0.284995584,0.2520664397828692,1.620478827152496,-4.536936700303374,-4.679262460452705,10,24
0.290009344,0.2300476312412222,1.5931390589838916,-4.405849106317508,-5.09082107249384,10,25
0.294850048,0.2031023325671501,1.566341276996969,-5.37752290125081,-4.684840240261252,10,25
0.299814656,0.1836346540065879,1.5388469565596272,-3.910043791797704,-6.061690006376865,10,26
0.30516352,0.165320354353124,1.5078191940191972,-3.736413905855773,-5.636434900794118,10,27
0.310133504,0.1408915422079104,1.4857710743656185,-4.836214624742469,-5.07559838906755,10,27
0.315144704,0.1167403131560924,1.4591359753449902,-4.831132365865999,-4.656375380616619,10,28
0.31988992,0.0957699384358574,1.4344067834240188,-4.20210548971022,-5.043880716903796,10,28
0.325116672,0.0719421920599106,1.4129575091968376,-4.756411035104787,-4.720628718027317,10,29
0.330054144,0.0505081148025117,1.390002489072347,-4.296295084117609,-4.771443123465079,10,29
0.335912192,0.0287278438274345,1.3636000627257316,-4.355083274860674,-4.736649421438994,10,30
0.340137472,0.0102474780300519,1.3436255928066172,-3.708672797427726,-4.505497165893059,10,30
0.344996608,-0.0043116266180137,1.3238375541450902,-2.9258504864980037,-4.277931124885925,10,30
0.349728,-0.0265993540249276,1.2991745902528398,-4.439192107075271,-4.408669916949116,10,31
0.354746368,-0.0431960506407838,1.27729937053971,-3.3323988022940094,-3.870484165446778,10,31
0.36000768,-0.0606685668952496,1.2617540539308734,-3.4916465801787697,-3.568745981291205,10,32
0.365020672,-0.0782069246787314,1.2443526568118355,-3.5074647916655817,-3.65420375274792,10,33
0.37001984,-0.092514313246411,1.2255610651935132,-2.872579678627812,-3.7803072409419367,10,33
0.37505024,-0.1086592447025143,1.206976632429358,-3.2230886294971537,-3.762189465813153,10,34
0.380156928,-0.122646899208654,1.18739272004304,-2.804535538515986,-3.7270941143427976,10,34
0.385165568,-0.135710896664889,1.1698158751713092,-2.616331010350944,-3.697236643459992,10,35
0.389922048,-0.1453909907567185,1.15124316452326,-1.948247595356996,-3.622393357046078,10,35
0.39468672,-0.158828220967463,1.130958296756181,-2.67722640480241,-3.681080706989767,10,35
0.399770624,-0.1694265101551668,1.113732070206339,-2.125901359790672,-3.4823257853870104,10,36
0.40498944,-0.1769029832825737,1.0991352446610825,-1.5068411516923177,-3.319471470146357,10,36
0.409915392,-0.1818918022996694,1.0834906657828138,-1.0067259891976543,-3.272151623374101,10,37
0.414744064,-0.1927091099749454,1.0643926105697112,-2.151868134451831,-3.2184537382818834,10,37
0.41977856,-0.1994851944873356,1.0506962753318685,-1.3694824406223618,-3.0718368862806877,10,38
0.424878592,-0.2041894252363998,1.0368415711480827,-0.94877887646004,-2.970560023047223,10,38
0.430019584,-0.2059177468844288,1.0209110662386405,-0.3552362278230883,-2.92647501692484,10,39
0.434848512,-0.2088065883596706,1.0070793906325624,-0.5733113685007682,-2.8203333675033604,10,39
0.44006912,-0.2089037197774003,0.9923002902963528,-0.0286648193085203,-2.650299968257646,10,40
0.444832768,-0.2045881695431348,0.9802651541412332,0.8524684548946921,-2.453418025371912,10,40
0.449992704,-0.2050699299261013,0.9693869300825184,-0.079563381116994,-2.418637363352963,10,41
0.455011072,-0.2067918047924503,0.9570150494365156,-0.3402068406137818,-2.4251239464481564,10,42
0.459979008,-0.2052845103169112,0.944508533335388,0.2904770237951695,-2.306012950077294,10,42
0.465048064,-0.2007412182906371,0.9339327608913052,0.8987199035479427,-2.188942839955853,10,43
0.469902592,-0.191987203057639,0.9222629527947288,1.745103783599998,-2.191435922633825,10,43
0.474584832,-0.1861305944940247,0.9111292386754584,1.177570680867712,-2.1179491469838303,10,43
0.480039168,-0.1763549095337956,0.9009612644791511,1.9414908271418687,-2.2761140097069026,10,44
0.484903424,-0.1684138778797921,0.8912503710592183,1.5945177007983584,-2.06521505370531,10,44
0.489897984,-0.1565711807595849,0.8796348591252788,2.362365200363224,-1.9548706463489611,10,45
0.49494912,-0.1463021029127072,0.8695351184455363,2.057281410975719,-2.161579887184278,10,45
0.500081408,-0.1338243891078545,0.857479446507217,2.4866588865336503,-2.5460995270824167,10,46
0.505102336,-0.1122873249068034,0.8471575579387104,4.2756223937843645,-2.378966758665656,10,47
0.510166528,-0.0943207974302723,0.8366408858010698,3.605296979728262,-2.083724239823548,10,47
0.514873344,-0.0732175288340611,0.8235389511181248,4.213202864631433,-2.40080121892558,10,47
0.519829504,-0.0518948238993661,0.8110199968608318,4.263806113588062,-2.525084221748485,10,48
0.525159168,-0.0246918538933246,0.7993216153937,5.422067254717726,-2.501937427244832,10,49
0.530103552,0.003387915783989,0.7865048000676954,5.612975885424663,-2.760032731254236,10,49
0.535507456,0.0356523737639951,0.7698728482205167,6.43615678967873,-3.0468187617750115,10,50
0.539804672,0.0659263475457642,0.7525812725026613,6.059981685860628,-3.3535135623480987,10,50
0.545206528,0.1026934789443738,0.7332629875960915,7.332864562938933,-3.823606498266058,10,51
0.55010304,0.1503716745895152,0.7096612472622735,9.49988574639464,-4.986117286156703,10,51
0.555452416,0.1916838445834408,0.6847514859527261,8.28455872630737,-4.819193640024908,10,52
0.560196608,0.2372619768575397,0.6487064549113831,9.109379717353455,-6.488986909094015,10,52
0.565216,0.286929420730595,0.6131839640816352,9.9268648896861,-7.072232502621305,10,53
0.570218752,0.3417204887131312,0.5753448219615827,10.947385723197764,-7.876753504284963,10,53
0.575136512,0.3987175131418866,0.5330057083191024,11.391314023695005,-9.049649409024791,10,54
0.580214016,0.4581495010149244,0.4910019565110285,11.877464180526836,-9.1006310950565,10,54
0.584710656,0.5281532118098832,0.4374525281319922,13.986457696792137,-9.634452846723743,10,54
0.589821952,0.600743629861954,0.3874958712441153,14.512973937775774,-9.751131154096113,10,55
0.595021312,0.6701428115421028,0.3410577796309906,13.891518999567328,-9.81264489828506,10,56
0.600134656,0.7436630776758537,0.2956416629558194,14.689836177639837,-9.990591141704492,10,56
0.604986112,0.8155681776865426,0.2495462910684951,14.386447984458863,-9.914684755227729,10,56
0.61009152,0.8535668967741267,0.2025195702900665,7.739843041052583,-9.26413396017663,10,57
0.6146048,0.9193831885827808,0.1517996748602412,13.131448489372891,-7.898152105075677,10,57
0.619700992,0.9481592375131984,0.1249645059176603,5.800557599742782,-6.328168193335718,10,58
0.639959552,1.0742053944266774,0.0679642608248803,25.12294881982796,-5.434745452716994,10,60
0.67747584,0.9656426834190476,0.0989745477315442,-21.587065796601856,8.607991083708768,10,64
0.684619008,0.9506485342319364,0.1156660596207626,-3.2663601574966457,5.999339168384856,10,64
0.69015168,0.9216414754966892,0.1901572188353484,-5.762843508393573,11.592307807834302,10,65
0.694876416,0.8007156182434978,0.2925687676586638,-24.06548944370535,3.6992559289363807,10,65
0.695175168,0.6938153255568976,0.294557043797035,-21.622173775697117,3.811550940809073,10,66
0.697681408,0.6665216061719523,0.3112367553605777,-5.648669836946105,4.7535973557479405,10,66
0.702663936,0.6365518621076043,0.3334415769104529,-5.989449909256877,4.522333976110414,10,66
0.707893248,0.608274934458191,0.3556009449215064,-5.660357380670983,4.791333653840908,10,67
0.712850432,0.5792346384340342,0.3769000872681592,-5.805430157221913,4.49779988151662,10,67
0.717952768,0.5482567436318682,0.3952511454089429,-6.189218843986625,4.259511200005965,10,68
0.722612736,0.5231380450796217,0.4205145013508957,-5.032264780796819,4.37091619636372,10,68
0.727578112,0.4910070039137976,0.4536609361756639,-6.417957992616311,5.943088537667739,10,69
0.732962048,0.4680428925471399,0.4795558150509559,-4.619767321118437,6.067717327306979,10,69
0.738030592,0.4429639780882229,0.4999087791872557,-5.008865560988461,4.501105818272,10,70
0.743032064,0.4189953910123044,0.5194828967167824,-4.797534183311872,3.843387668830972,10,70
0.74779136,0.394444039001547,0.5403982451344655,-4.90891990460362,3.801593811829903,10,71
0.753065472,0.370207887854709,0.5359568157063183,-4.848306124708723,-0.6393615125610106,10,71
0.758036992,0.3472244584790276,0.5582983605310674,-4.601176934952527,4.202321091584871,10,72
0.762877952,0.3264325626402326,0.5891143036966006,-4.160914632375855,4.839478645064902,10,72
0.76784768,0.3057112927653794,0.6066032017930786,-4.144380151034354,3.4911060038541963,10,73
0.773054208,0.2878629015790716,0.6236783846207162,-3.578267400707533,3.729108589418546,10,73
0.778018816,0.2699415268367434,0.6426443850819605,-3.584016533116237,3.997808840722109,10,74
0.783009024,0.2490231288607052,0.6646881229066587,-4.173676179874824,3.84734801182865,10,74
0.7878208,0.2337586257163822,0.6844098399081583,-3.06668840384327,3.934258236383848,10,75
0.792939008,0.2186087038691545,0.7038550063479342,-3.030408828913386,4.335699557896021,10,75
0.798221312,0.2042848063610639,0.7249094655242476,-2.867687248273544,4.302424163141392,10,76
0.803039232,0.1916123079284769,0.7429067079148354,-2.539747534286001,3.910158847957898,10,76
0.80808064,0.1768668539949944,0.7619822509886589,-2.942527006148665,3.8185157669780105,10,77
0.813199616,0.1629276931098149,0.7815514222812712,-2.790736360527427,3.757991023167023,10,77
0.817915648,0.1503626950326076,0.7997926322691964,-2.517960438061447,3.740899502812937,10,78
0.822920704,0.1342599334507481,0.8181291835012912,-3.2090712452112133,3.6970027213389423,10,78
0.827919616,0.1210045576553284,0.8369705022798267,-2.660147819086832,3.6914559118151415,10,79
0.832934144,0.1064601307413986,0.8565003531811674,-2.904882813560429,3.791882491989795,10,79
0.837710336,0.0917977389350367,0.8781428224417694,-2.932188861294169,3.9552645785013865,10,80
0.842622208,0.0781229772256528,0.8995299306482561,-2.736369448320927,4.005360689677045,10,80
0.848022016,0.0618448591140897,0.9173765438278432,-3.2471425194486367,4.076071602004452,10,81
0.852666112,0.0505532297262828,0.9366356383365972,-2.2767546240168697,4.27010090041535,10,81
0.858029568,0.0391550541057237,0.9596455525151756,-2.2792863922273523,4.367298749444962,10,82
0.0,1.0083819011482775,2.342361339311388,-0.0988592022289847,-0.1609680089434978,11,-4
0.003802368,1.007301763313016,2.341847632534871,-0.2150497182679587,-0.1430920833055831,11,-4
0.009206784,1.0082892722982828,2.3413233913247176,0.1910619195317301,-0.1309244921650831,11,-3
0.014055424,1.0083318766307656,2.340903892462938,0.0128280676236325,-0.0939429657403049,11,-3
0.019479552,1.008617934874796,2.3422356589243543,0.0567607221415941,0.2765923141275801,11,-2
0.02414208,1.0076648188127586,2.3421498802293392,-0.1861394690734663,0.0606630530470354,11,-2
0.029046528,1.00723175452427,2.3427201664179984,-0.0884419809841272,0.1088295689729101,11,-1
0.034195712,1.0105230456838734,2.344579190792711,0.6462519519825632,0.3624292186112544,11,-1
0.039394816,1.009157279345558,2.3467132821594,-0.2501088781311434,0.3839556648410721,11,0
0.044180992,0.9912250176205374,2.3502088346570997,-3.563298865618848,0.6767302682791735,11,0
0.049431552,0.9939031183599404,2.352930999874028,0.4933845680234094,0.5899110886688179,11,1
0.054459904,0.9921188868599012,2.354050167618438,-0.3399486468745286,0.245971718746762,11,1
0.059517184,0.9907187560034044,2.345541574606302,-0.2814576989155197,-1.689068223344528,11,2
0.064320512,0.9887187726906284,2.3440076359517925,-0.3982105651649314,-0.2229792646686905,11,2
0.069114624,0.9847641693672796,2.351940485096056,-0.7863760108361229,1.6058716216344833,11,3
0.07467648,0.9798016685749044,2.350968903041962,-0.9889463934780296,-0.1451485328469615,11,3
0.079219456,0.975265157989358,2.346729535276741,-0.9090800796194468,-1.0696562597530288,11,4
0.084150528,0.9679116057038788,2.3439087848879123,-1.4608363809309486,-0.5117126467901704,11,4
0.089080064,0.9643547090168874,2.341403377577398,-0.7162445438791811,-0.4571073633428447,11,5
0.093940992,0.9584375507533258,2.3362204867887333,-1.17699020061334,-1.0397337815215089,11,5
0.0990144,0.9493516864121784,2.325128513871101,-1.8070957674342452,-2.289160855088777,11,6
0.103988736,0.9426890794191296,2.3153779422728102,-1.340304960586454,-2.2217692945656378,11,6
0.109009664,0.9344147280972284,2.312168299852623,-1.6496292201304847,-0.6950550525749819,11,7
0.11360256,0.9232473848785616,2.303692533056389,-2.2285851327664723,-1.6782105451449498,11,7
0.11890432,0.9128969717876376,2.2889786798900684,-2.071851290580703,-2.827031102543253,11,8
0.124132352,0.9018622769778138,2.273023754668803,-2.2047584891321668,-3.236910534876681,11,8
0.12904064,0.8892367223650255,2.261399848702788,-2.519880289104994,-2.7385189506202217,11,9
0.133988352,0.87180268198171,2.244398700027362,-3.4705957862381203,-2.908330958306318,11,9
0.138730496,0.8610736359797726,2.228393664082235,-2.155102889734648,-3.35600610959729,11,10
0.144069888,0.8456818721986381,2.2158286992952134,-3.0634352464572165,-2.696720361528658,11,10
0.149009152,0.8339570807860472,2.200226312772647,-2.357207518502104,-3.1907898702914514,11,11
0.153858048,0.8148098159801149,2.182920743134249,-3.800911001762005,-3.860141375948211,11,11
0.158836736,0.7995365438435388,2.156540478763543,-3.0595362551947547,-4.401753220302708,11,12
0.163597824,0.7822371114836779,2.1309855481136437,-3.4572500015235503,-4.732730144197609,11,12
0.16868864,0.7646466566956356,2.1145864616802554,-3.5177455303940075,-3.7966193511500568,11,13
0.174072576,0.7454946253972927,2.0947190670731377,-3.825626973805048,-4.267512356896846,11,13
0.178582528,0.726119192445943,2.0701360276647205,-3.874796508261437,-4.101759456675532,11,14
0.183959808,0.701088342497002,2.047620797664662,-4.992425205936662,-4.457375438038206,11,14
0.188963072,0.6799458898020123,2.026967849322587,-4.240909603696786,-4.576423527689338,11,15
0.194052864,0.6595081802188291,2.005415403808566,-4.090517271478152,-4.4966190307763005,11,15
0.199070976,0.631911853015378,1.9818401470352756,-5.457140779047989,-4.226265650501803,11,16
0.203685632,0.6089157121217599,1.9599646474537755,-4.610876900963072,-4.58674235732544,11,16
0.20898816,0.5834229042239277,1.9391094421910489,-5.089941236004188,-4.381837148047862,11,17
0.213938176,0.5599311105225945,1.9174723608203927,-4.706195313560095,-4.627921344464069,11,17
0.21867904,0.5415091697074834,1.8891135394923724,-3.6914928397184728,-4.8462625720723045,11,18
0.223869696,0.5171527044247975,1.8661583525267105,-4.858530638327336,-5.122304636382847,11,18
0.228956672,0.4950376783879582,1.84687625020694,-4.430276195710412,-4.666314771834969,11,19
0.233606912,0.4692942152041618,1.821493866329912,-5.143723835055028,-4.441889401504823,11,19
0.238608896,0.4424049948884462,1.794672572695029,-5.376401531516877,-4.7310005769673085,11,20
0.243810048,0.420447486042603,1.772108185556175,-4.646391076307511,-4.8006966218034295,11,20
0.248879872,0.3915731984751421,1.7501687129152177,-5.734260287208518,-5.038477505703662,11,21
0.253615616,0.3651042609740728,1.724337259702518,-5.29766029823972,-4.637748758160374,11,21
0.258861312,0.3429539840959645,1.6959009232418407,-4.440084621979209,-5.373554555104944,11,22
0.263714048,0.3195900460567772,1.673799764564363,-4.66980309015374,-5.137358926754131,11,22
0.268998656,0.2919005604455417,1.6487821667394933,-5.522043785467243,-5.282704456183049,11,23
0.27405568,0.2656720705235291,1.625766882881284,-5.250926935819894,-4.546655233566259,11,23
0.278677504,0.2394500322473542,1.5973337030312182,-5.244419786596567,-5.102733213390072,11,24
0.28386944,0.2146583346905383,1.5651442958294497,-4.961156112986482,-6.646657737974866,11,24
0.28900864,0.1900699613227029,1.5360804169261604,-4.918408006857391,-6.036092546853637,11,25
0.293735168,0.1694406623637955,1.5072442952585865,-4.130859446500922,-5.116994108250438,11,25
0.29883008,0.14479202353739,1.4816033050944917,-4.921803326190851,-5.33076222501628,11,26
0.304027136,0.1207067401334006,1.459348831405617,-4.8188382816344255,-5.046475061627786,11,26
0.308922368,0.0957091488133885,1.4328264120801124,-4.996464353932571,-5.269482575313603,11,27
0.313754112,0.0692763497945826,1.4025883971482358,-5.284822208325775,-5.213372438941207,11,27
0.31878528,0.0472355715612313,1.3774788220028298,-4.418155188048723,-5.166935315227574,11,28
0.323972352,0.0241687914368663,1.3554070125870312,-4.61006096871154,-5.219271163875317,11,28
0.32901248,0.0043340377295234,1.333227777741935,-3.9770405534476776,-4.9611458190785775,11,29
0.334044928,-0.0205917366926406,1.3094137728828432,-4.968642066862632,-4.795515896386046,11,29
0.339062528,-0.0407522513058628,1.2842008785690315,-4.04885635823076,-4.625583493155404,11,30
0.343889152,-0.0646728712743393,1.260188885014591,-4.775488844673935,-4.460534561997605,11,30
0.34870016,-0.0867397919376465,1.23751812075116,-4.415842251727229,-4.334491972342746,11,31
0.35401728,-0.1061616282792416,1.2198956463121593,-3.923274992826856,-4.186666958748408,11,31
0.359062272,-0.1258670370093047,1.1996528123532475,-3.9401463322223416,-4.309303266359917,11,32
0.363940608,-0.1448257614971013,1.1737907500827924,-3.79416568688742,-4.338466625153536,11,32
0.368858112,-0.1648986218490844,1.1508388785549997,-4.011950574245578,-4.33513837434768,11,33
0.3740096,-0.1825626086360811,1.132979511636545,-3.5403522712761677,-4.250861560123232,11,33
0.378973184,-0.1978222389333488,1.1115989185810229,-3.0605431146381625,-4.317351912141209,11,34
0.384066048,-0.2121073723963125,1.0893003855028978,-2.8600405497239625,-4.33325659369494,11,34
0.389274368,-0.228902440513495,1.0683875368021305,-3.350226698488661,-4.139839981180038,11,35
0.394054912,-0.2417656677486007,1.0466501838308897,-2.581222928074975,-4.0186593379353726,11,35
0.399163392,-0.2560538534054957,1.0276290257585678,-2.8531217930487807,-3.9256542052978247,11,36
0.404018176,-0.2682707287021663,1.0110672561408731,-2.4526918839164016,-3.7933605374007855,11,36
0.408719616,-0.2779945604660688,0.9888535444789648,-1.948107530910479,-3.674476620603741,11,37
0.413842688,-0.2881333750808352,0.9700105821897106,-2.026912184362665,-3.7012837186237664,11,37
0.41913472,-0.2996554787457576,0.9548971835033292,-2.30027958753905,-3.508248489606728,11,38
0.424199936,-0.3013439691037085,0.9396607202245624,-0.3690026515972207,-3.305351617086287,11,38
0.4290944,-0.3070021415086201,0.9237507454407676,-1.1174118775237294,-3.192547619220889,11,39
0.434097408,-0.31752455909845,0.9085194521239908,-2.087947275887426,-3.162961478312368,11,39
0.439408384,-0.32338484270508,0.8925384682885882,-1.1953484639177012,-2.9169382440607112,11,40
0.444040448,-0.3289780308185826,0.878618826885199,-1.1197188724385108,-2.771771988668484,11,40
0.44887296,-0.3315644527456194,0.861988795280921,-0.5213493268182555,-2.9237626198299167,11,41
0.45380096,-0.3344081715546283,0.8482525061768553,-0.5683406299815088,-2.6386252028585018,11,41
0.459136,-0.3336665290571461,0.8386053107462392,0.1347276220475685,-2.3822212766438007,11,42
0.464021504,-0.3350901265537657,0.8286509757877839,-0.2776741756975646,-2.295519294909909,11,42
0.468767744,-0.3366372010158791,0.814146515937546,-0.3091310219386375,-2.5225655885652043,11,43
0.473790464,-0.3362929809640979,0.8015870484155031,0.0648331084507423,-2.574884290451704,11,43
0.479017728,-0.3326050453286073,0.7898736636200817,0.7252456971354287,-2.4955564870026934,11,44
0.48376832,-0.3239666392725825,0.7771842787596069,1.720865287334692,-2.075290918917551,11,44
0.489000448,-0.3210712000969943,0.765025818212378,0.5914503313975474,-2.3593185833823,11,45
0.494279168,-0.314485342885102,0.7540627584883483,1.304441571424115,-2.675478856738573,11,45
0.499562496,-0.3077918193560369,0.7344630729647689,1.3383250261051067,-3.987111506389226,11,46
0.504098816,-0.298508895969815,0.721556335364405,1.84732426127718,-2.9540902582177946,11,46
0.508955392,-0.2832888704652515,0.7047099638097304,3.0361016103398333,-2.9774303194132496,11,47
0.5142016,-0.2692067177113148,0.638061690005678,2.818742018978816,-13.280403054718516,11,47
0.519170304,-0.2562816858208668,0.613739316591157,2.5896020186623345,-6.445457359212583,11,48
0.524439296,-0.2398118245175198,0.6007112199546769,3.2679635418589905,-2.923008953829079,11,48
0.529247744,-0.2207036227450901,0.5867695679494173,3.8121478517079534,-3.10349817097026,11,49
0.534372096,-0.2033481379965755,0.5688890808922755,3.4775978792895903,-3.157508887994672,11,49
0.539239424,-0.1827624349501129,0.5521414871308717,4.108793526796376,-2.922797449575376,11,50
0.54392832,-0.1617028318008944,0.5348035019063524,4.179252678458885,-3.555166206922191,11,50
0.54834048,-0.1325144325890382,0.5207173488772844,5.770923075301818,-3.517279289579329,11,51
0.554076928,-0.1080580733109906,0.4919805114282214,4.905584503160933,-3.571975800622772,11,51
0.55728896,-0.0758602170087081,0.4819054653331505,6.386654698518688,-3.269181167030145,11,52
0.561977088,-0.0430761941766291,0.4597290523524949,6.555086152386745,-4.678934690069195,11,52
0.566995712,-0.0072950214598538,0.4313689423883582,7.149734330817408,-5.86823823716873,11,53
0.57220992,0.0323626123593851,0.4027836677158434,7.919373186527975,-5.634317052364142,11,53
0.577247744,0.0730801051305924,0.374555744502786,8.137023053833808,-6.006895513170659,11,54
0.582199808,0.1219296503777894,0.3413075045066298,9.74318219035413,-6.835447353011324,11,54
0.586835968,0.1722571907891466,0.2944088496734324,10.06375790087836,-7.603714340189373,11,55
0.592026112,0.2223908281602168,0.2542773029069055,10.027081861218988,-8.398441670148244,11,55
0.597024,0.2719644829687598,0.2218976286526706,9.916772327873792,-8.03892796991947,11,56
0.602075392,0.328117189059719,0.1814238707747714,11.208043599904936,-8.533587770770277,11,56
0.606758912,0.3802587295864378,0.1335821051698915,10.435085294138728,-8.69230714613277,11,57
0.612202496,0.4371048938613204,0.0888462537898636,11.353844513390415,-8.655099668155575,11,57
0.617189888,0.4961401066692344,0.0509370651413917,11.79847169559994,-8.720055595233001,11,58
0.622171648,0.5557807579614517,0.0099734206671256,11.92625564243259,-8.290900915950546,11,58
0.626812416,0.6155762896829895,-0.0325165426942427,11.958841061401158,-7.86906768105732,11,59
0.632091136,0.6785983494882358,-0.0716331634048717,12.59273992643277,-7.497028698709285,11,59
0.637204736,0.7352010070094053,-0.1067639612151406,11.692532528125415,-6.754282254242057,11,60
0.642235904,0.7935823958664802,-0.1369533291686843,11.66519118866812,-6.463875468633236,11,60
0.646884864,0.8466548008426592,-0.1679045076683083,10.626230192214216,-5.898880974688925,11,61
0.65206016,0.8353147873201634,-0.2002292442538224,-2.133624413978888,-5.983158877020543,11,61
0.657108224,0.909497563587623,-0.2260088148389784,14.732849012242577,-4.792669619040341,11,62
0.662221312,0.9407955294364228,-0.2458180785108836,6.393129767057266,-4.639428868317417,11,62
0.67586304,0.9382370019830064,-0.2734763844962746,-0.4720582065550331,-1.5405198971605811,11,64
0.684384,0.9370505326196344,-0.2642246106712069,-0.2407290515048701,3.028127034168965,11,64
0.692318976,0.9337832591395,-0.2616221317128509,-0.6512480594761444,0.5657616431077899,11,65
0.694776576,0.9184348845195066,-0.2499306870412869,-3.039585952972218,0.2658198969985372,11,65
0.69610752,0.8942768291060167,-0.2520998929366995,-4.786658558411199,-1.500320740885901,11,66
0.697143808,0.8852788565559978,-0.2385880438587404,-1.8955871197749512,3.015991046715481,11,66
0.701788928,0.8783846108705828,-0.2356228868381748,-1.3817481102731104,0.0281379148277265,11,66
0.707034624,0.8978821801581415,-0.2415015284368763,3.843865761032737,-1.271940058295108,11,67
0.712064256,0.8926438639316985,-0.2406250663752379,-0.9481159325639368,0.0268638041476738,11,67
0.7169216,0.8832336534201555,-0.2450083968260315,-1.8676075511370032,-0.8733082882618433,11,68
0.721852672,0.8787415437461097,-0.2475140982108907,-0.9094143999950616,-0.3905002544967575,11,68
0.72694912,0.8750343298201582,-0.250539044457163,-0.7431614199139344,-0.5962897253330658,11,69
0.731892736,0.870672207238332,-0.2556059737112283,-0.8703251905357334,-1.0612126958757373,11,69
0.73682304,0.8676456589630701,-0.2572270018301892,-0.609718589231641,-0.3461236915633918,11,70
0.7415424,0.8704391414470329,-0.2661967773338564,0.5488223202636708,-1.7953031011296925,11,70
0.74658432,0.8736011998054567,-0.2683059414165912,0.6319431033215925,-0.267173347533866,11,71
0.751864064,0.8769553869883617,-0.2734361368801221,0.6702268303313349,-1.0166978533426196,11,71
0.756907008,0.8875427154093085,-0.2779993513386929,2.09286940631549,-1.0455648132457052,11,72
0.761696256,0.8880745668521711,-0.2810578726156282,0.1279192861887046,-0.521966392585065,11,72
0.76672128,0.8959201414469964,-0.2881970285456106,1.5567238387116773,-1.414980983914612,11,73
0.771972864,0.9066559628518688,-0.2955002331058587,2.136676606774754,-1.6463102885640724,11,73
0.777062912,0.9031869999180988,-0.3010212604873404,-0.6420322371582783,-0.9110518197495922,11,74
0.781805056,0.9170174579326116,-0.3093604595386285,2.734006706969649,-1.6125891353527526,11,74
0.786985472,0.920118740843796,-0.3154467399842837,0.6520732641026217,-1.4224575728248776,11,75
0.792036864,0.9250206213499832,-0.3184435903870522,0.9740754664490852,-0.6790177947331381,11,75
0.796895488,0.9296435517186564,-0.321857399650481,0.9254555822994252,-0.6945240440479343,11,76
0.802007296,0.9162833195090654,-0.322283371960368,-2.609177671979733,-0.0877455145175017,11,76
0.807037696,0.9125902720742052,-0.3176211873599328,-0.7769050894315939,0.9161310460138729,11,77
0.8136832,0.9225749286828474,-0.3102632942987883,1.9624927697440115,0.9388670118204776,11,77
0.816859136,0.9267795550375544,-0.3056542492990963,0.8760007475184723,1.426739553999953,11,78
0.822114816,0.93050125821326,-0.2944680392117139,0.7460912434298694,2.0315372544738604,11,78
0.82666752,0.9204373297959902,-0.2919860217042401,-1.9790019709047977,0.5017025099056438,11,79
0.831878912,0.9267520920609532,-0.2846193446695836,1.211563930766082,1.4675964741745258,11,79
0.836915712,0.9321033413212962,-0.2754839146614321,1.0735189839615449,1.9017876573131904,11,80
0.8420224,0.935725033843224,-0.2679657030405604,0.7300620675993481,1.5584245118725435,11,80
0.846688768,0.9360699463719117,-0.2562972428390746,0.0732749129222536,2.074534192811783,11,81
0.851713792,0.9403747264661912,-0.2479210397197538,0.853756259645751,1.624546491047433,11,81
0.857054976,0.940156377819885,-0.2404118733727299,-0.0292101768437849,1.6933266250116716,11,82
0.0,1.0162931442497003,2.3404659904604888,-0.0798443839764129,0.0586197072590726,12,-4
0.004785664,1.0168596634112674,2.3406993759151558,0.1110824254081312,0.0218453441015077,12,-4
0.009865984,1.016840376665739,2.3404624109488124,-0.0026231410957762,-0.0480572504281794,12,-3
0.015080448,1.017395379413305,2.3403018113855807,0.1090074996054119,-0.0406562480764771,12,-2
0.020219904,1.0172787398998944,2.340136339343898,-0.0205658097443747,-0.0343147018873271,12,-2
0.024985856,1.0179838215637484,2.340641435896033,0.1377076853003198,0.096484678331097,12,-2
0.0298688,1.0183748980703362,2.3434938170619746,0.0793043365450655,0.5188374045731283,12,-1
0.03489152,1.017389558196934,2.346231775841303,-0.1939638065246696,0.5260078796934264,12,-1
0.03996672,0.9986421538896478,2.3475301406827804,-3.66700243959293,0.3034268554458414,12,0
0.045010688,0.9990701365744068,2.3458155008444064,0.0078598012977897,-0.3297633185836269,12,1
0.049946112,0.9967366528327358,2.3421947537572163,-0.4554915452132723,-0.7142887275357976,12,1
0.0550144,0.9929581097106126,2.341064769206594,-0.7508188029052585,-0.2257331217656496,12,2
0.059706112,0.9916010136968572,2.350287489214031,-0.2750522416030718,1.830993702623432,12,2
0.064756992,0.987601833161496,2.351451291958901,-0.7941008536809204,0.5952276594554848,12,2
0.069961216,0.981752138358344,2.354035653940973,-1.1639292693762806,0.4912801584286931,12,3
0.0746368,0.9792810186461628,2.345248510657534,-0.49875291364334,-1.8933806448203836,12,3
0.07984512,0.9709972156605317,2.343260217393121,-1.6423970783667898,-0.1347472262324638,12,4
0.08502656,0.9637623321736868,2.339607893188385,-1.4521864946453629,-0.6637498980339055,12,5
0.090038528,0.959770928736796,2.336994237987178,-0.8105951656005081,-0.6204518078199573,12,5
0.094694144,0.952991381763462,2.324888886549103,-1.3519935936793506,-2.35642442624844,12,5
0.0997696,0.9440305428212652,2.321949513313021,-1.7882830102687222,-0.460224847233933,12,6
0.104978176,0.9362937881834807,2.311276969203407,-1.5514095229393627,-2.0893067069256546,12,6
0.11007744,0.9294452025021984,2.2965673502223813,-1.3728192870756253,-3.043836318844554,12,7
0.114996736,0.9199061293834638,2.2842437013681445,-1.8961793293583291,-2.571019906905021,12,7
0.119697664,0.912264164303759,2.2691673653994147,-1.5309758294757556,-2.6544104351182187,12,8
0.1249472,0.8987379729958578,2.2548358748997184,-2.6922764046777647,-2.739897957329622,12,8
0.130045696,0.8889494942293189,2.243929519433676,-1.9713382643039223,-2.5269664230426705,12,9
0.134980864,0.873153081858035,2.226418782580395,-3.1339073509572417,-3.614690694938142,12,9
0.139957248,0.8543993616655671,2.208797849881665,-3.740242733817583,-3.430129462852979,12,10
0.144683264,0.8408776324393141,2.1922329713653967,-2.713279141269081,-3.0076034280344808,12,10
0.149852416,0.8243642128449883,2.17399325636445,-3.2967410442890683,-3.5855058684569743,12,11
0.154930176,0.8012578834476476,2.154205513793337,-4.595261591963113,-4.155216509945619,12,11
0.15968384,0.7800848719602773,2.127361913906193,-4.237390432119702,-4.973770514653204,12,12
0.164731136,0.7617099065634542,2.109320504206745,-3.6808741786656993,-3.555134288191848,12,12
0.16982528,0.7383750954879202,2.0883729617549687,-4.656692041615159,-4.6546766268427575,12,13
0.175059712,0.7135665220725195,2.062954113703918,-4.956789016381935,-5.073390200359488,12,14
0.179549952,0.6900713038569111,2.0390535710668827,-4.70120997097877,-4.261194292722879,12,14
0.184760832,0.668175107264474,2.012339802741266,-4.382713751298837,-5.118889016599235,12,14
0.190034176,0.639521143191172,1.991486859182975,-5.705155528179628,-4.811262593384801,12,15
0.19499264,0.6154003916110556,1.968451400181828,-4.84185872632064,-4.770290559871613,12,15
0.199961856,0.5873354601471905,1.9465221209099792,-5.596868542759148,-4.845229343585823,12,16
0.204752384,0.5675256495913431,1.9200588047865788,-3.984457082247391,-4.677920264571108,12,16
0.209698304,0.5397352465547156,1.889995339317197,-5.54809810774043,-5.30122260150506,12,17
0.215025152,0.5133090709935242,1.8693644816256003,-5.289850822001212,-4.731059821207158,12,18
0.220042496,0.4879892842915489,1.843995849224323,-5.068220272852967,-5.392744395831137,12,18
0.225169152,0.4598216226766229,1.8177512295190583,-5.623060520747334,-5.056382977820173,12,19
0.229831936,0.4369516102085381,1.7895943622368975,-4.588928746668662,-5.363203350615849,12,19
0.234738688,0.4056247039863478,1.7657900505526745,-6.246281609861652,-5.221611380422678,12,19
0.239910656,0.3824196067908804,1.7397100488012134,-4.670464787205695,-5.525804866041502,12,20
0.245082112,0.3512859212711838,1.7148083235474847,-6.187969743054465,-4.991767164153878,12,21
0.25006336,0.3237579612891081,1.6862471537978077,-5.521110497284028,-5.44938438969629,12,21
0.254781184,0.2993136116307083,1.6554643390885109,-4.896144592563172,-5.618022978151039,12,21
0.259803904,0.2690745221173962,1.628550356422173,-6.032146093385755,-5.513643246739551,12,22
0.265030656,0.237850335034922,1.59961723398644,-6.241634550936038,-6.307899053452898,12,23
0.270655744,0.2118062128144809,1.557709198876817,-5.214537750921353,-5.445912705018231,12,23
0.274796544,0.185230538132689,1.5352387105398615,-5.314021051385446,-6.013397798018973,12,23
0.280156672,0.1590593413480222,1.5114568477757062,-5.235598914320833,-5.9391607442100085,12,24
0.285163008,0.1305873831540069,1.4779428563739052,-5.686732646095524,-5.931609664107907,12,25
0.28984704,0.1033823996396358,1.4468829624310606,-5.4444183273246685,-5.980711108309502,12,25
0.294934528,0.0725859549509208,1.4200615391374398,-6.147978383520611,-5.8821753653533655,12,25
0.30000512,0.0416957605428584,1.393330410584799,-6.1776988836377145,-6.14340543585167,12,26
0.305093632,0.0189944712656005,1.3624032712894207,-4.583239086792231,-6.026667843379521,12,27
0.309819904,-0.0116731074092763,1.3276833150142513,-6.120913496092041,-5.872681049633579,12,27
0.314752512,-0.0418339161479367,1.2986632621060248,-6.03294527705133,-5.616458764502438,12,27
0.320078336,-0.0689932516749367,1.273961153963658,-5.442178599779606,-5.4910689444905465,12,28
0.325075712,-0.0941360574350976,1.2509631264907244,-5.04094576849872,-5.3319957272346565,12,29
0.330041088,-0.122056748200942,1.2237038845535846,-5.573408809757398,-5.311992765190274,12,29
0.334784512,-0.1506284706335628,1.1933172261008351,-5.712890974307986,-5.316046165690419,12,29
0.339787776,-0.1757129407335328,1.166094384544696,-5.02371496413673,-5.495869756384221,12,30
0.345622016,-0.2011349598642847,1.141068463274851,-5.083411900589032,-5.429382386045973,12,31
0.3501376,-0.2280150616147117,1.1162282201401428,-5.370303027030007,-5.4932656310055,12,31
0.35467264,-0.2563609500344039,1.0823582750571956,-5.667482841882405,-5.522038993325815,12,31
0.359680512,-0.2733129121844404,1.0532089123782404,-3.4049358874126545,-5.4930834302195,12,32
0.364989696,-0.2948584545276927,1.0329643189354691,-4.22567723663148,-5.4134346206706425,12,32
0.370040064,-0.3167552815645113,1.0078408003248185,-4.377813906447927,-5.4488443622920215,12,33
0.376740608,-0.3377378595000944,0.9649337816538528,-4.198951438184493,-5.127354128316855,12,34
0.379864832,-0.3577402510519979,0.948795254326112,-4.004843316542553,-5.160370450814816,12,34
0.384823808,-0.3777596895274516,0.9249888394025744,-4.003842431537152,-4.857467085333044,12,34
0.390122752,-0.4006917264057619,0.9051726826285325,-4.57577643345588,-4.716267629517386,12,35
0.395049216,-0.4172924511687818,0.8818411672015702,-3.342952177922971,-4.762377021275679,12,36
0.402550016,-0.4324306027065048,0.8456617189256666,-3.030857490328172,-4.086082831103539,12,36
0.404902912,-0.4484270924654669,0.8344235965021879,-3.1384110286324898,-4.425374105833432,12,36
0.409846016,-0.4708833513909479,0.8148888395840033,-4.471076019423341,-4.0886484475522895,12,37
0.415072512,-0.4883350974558792,0.7974934619478348,-3.5102729909425245,-3.905727951797829,12,38
0.42028544,-0.5035131282713553,0.7743909970261956,-3.042364218690023,-4.639168918924767,12,38
0.424884736,-0.5180283650827024,0.7486167745136506,-2.9041339708214786,-4.690681583887474,12,38
0.43007872,-0.5343542906671855,0.697237893660798,-3.2605878382745006,-10.134453287763296,12,39
0.435192064,-0.5484895940646695,0.6692467695573404,-2.836029093478438,-7.635578226621355,12,40
0.440068608,-0.560110562441413,0.6473519785279999,-2.333437359349954,-5.007381804702245,12,40
0.444986112,-0.5710217611819387,0.6180037035884253,-2.184738989036921,-4.837805027196409,12,40
0.449890816,-0.581572962491287,0.5620944182440307,-2.111064669033863,-10.961957858357705,12,41
0.45504128,-0.5951152802672457,0.5294236111844944,-2.698066349876512,-7.117560800850929,12,42
0.460029696,-0.606365723906275,0.5083066199166157,-2.2588534692122693,-4.420359096416909,12,42
0.465073152,-0.6126841112739592,0.4888881866263763,-1.288066489309966,-3.933364196349697,12,43
0.46997632,-0.6198963213721654,0.4665726099624077,-1.4403967237061652,-4.091277735193195,12,43
0.474913792,-0.6290811741469937,0.4479457819929469,-1.834401474588726,-3.5570873739495656,12,43
0.480109056,-0.6323027121935424,0.4344248091768975,-0.6641368664754435,-3.26132116781163,12,44
0.485390336,-0.6387699641520765,0.418733648000351,-1.283712304525516,-3.312730546462312,12,45
0.492526336,-0.6455519301999,0.390063603948576,-1.3556597681031484,-3.390892277722168,12,45
0.494705152,-0.6501900707060925,0.3792578305471498,-0.9342292479627888,-4.027689374222988,12,45
0.499869952,-0.6501274023562772,0.3628843465071434,0.0020070485729617,-3.493040239899754,12,46
0.50493184,-0.6532793653531367,0.3441522643024494,-0.6201319324344176,-4.03019634939845,12,46
0.510106624,-0.6540996667729302,0.3213514028186993,-0.3247124886854516,-4.47484357950309,12,47
0.51495936,-0.6575922018039846,0.2960133050348704,-0.6898459874453626,-4.688029570414061,12,47
0.51985792,-0.6577781351851263,0.2739202418345475,-0.0414070601932859,-4.33129025079287,12,48
0.52489728,-0.651906899578098,0.2545797518774892,1.1609568719573986,-4.495750542046778,12,48
0.530135808,-0.6477412209223099,0.2339999906696813,0.8389487183876558,-4.109475415299101,12,49
0.534706688,-0.646317714397906,0.2057365554138429,0.3814443841689731,-4.920789248405436,12,49
0.539864576,-0.6421078629746231,0.1842267401134774,0.8343617162451088,-4.705396990678136,12,50
0.545014784,-0.6394039579145447,0.1630211209293669,0.5458134888633925,-4.537989606852948,12,51
0.549951488,-0.6311345181771756,0.1419351754724767,1.6327924038544397,-4.673432415717151,12,51
0.55499136,-0.6217313862717607,0.1159355963955627,1.8762755445986716,-5.055977830631129,12,51
0.559600896,-0.6144488648321069,0.0865983428828014,1.4592532052904232,-5.285372392834143,12,52
0.5646848,-0.6061338744042134,0.0658440380395975,1.661781642583648,-4.239904280022844,12,52
0.570098432,-0.5969863545931281,0.0430080330274463,1.8265028757218047,-4.914119688202422,12,53
0.575049216,-0.5840036007277252,0.0155077029275967,2.581551875221892,-5.573762811168727,12,54
0.579956736,-0.568855092282548,-0.016295099580377,2.943440694777723,-5.698753103818916,12,54
0.584673024,-0.5582745541709919,-0.0442494988844854,2.123685214642512,-5.8118742656567495,12,54
0.589880832,-0.5466193690245797,-0.0715038937833603,2.3286310638820136,-5.760927428118927,12,55
0.595069696,-0.5339891282516798,-0.1005494560697191,2.5219330311856747,-5.788727433632465,12,56
0.600047872,-0.5162672961557261,-0.1335091563603473,3.5232825737862496,-6.533946417548629,12,56
0.604972288,-0.4985890766985876,-0.1683296892033272,3.5357446028850226,-6.5748037857874655,12,56
0.609772288,-0.4852885640312028,-0.1983369934863396,2.670052397919328,-6.658720613815775,12,57
0.615098112,-0.4675476643458578,-0.2336410747551111,3.5320045893279985,-6.974666149775522,12,58
0.620088832,-0.4550322398651902,-0.2940103934574758,2.592397291133799,-12.492071014863548,12,58
0.62498176,-0.4373770277872263,-0.3485719178205347,3.512173329631371,-11.413204637701392,12,58
0.62973184,-0.4272719725497215,-0.395469728522226,2.0293305526382803,-7.41863781341805,12,59
0.634732288,-0.4125671598636762,-0.4283663108311786,2.9351760870308774,-7.114769675448637,12,59
0.64004352,-0.4012103401189853,-0.4638832328826234,2.2839473945049127,-7.317231293515656,12,60
0.64517632,-0.3891247804674879,-0.495395172694503,2.414361831115412,-7.215791658685306,12,61
0.650013952,-0.3868300763625107,-0.5302664228450947,0.4992268671938202,-7.144467138763365,12,61
0.654716416,-0.3830118263164637,-0.5779660675734365,0.7616298377958312,-7.73522294718388,12,61
0.659907072,-0.3814169801747344,-0.6154631016012535,0.3242879592542235,-7.738544968751525,12,62
0.665023488,-0.3851964559451355,-0.6405110594034304,-0.7349156804127934,-6.024806337556447,12,63
0.670004736,-0.3890345491919064,-0.6678701111652965,-0.7674037497960906,-5.245439818497715,12,63
0.675027712,-0.3948873480234173,-0.6693145201015713,-1.163753606386404,-0.4347018284110957,12,64
0.680118016,-0.4121182309979445,-0.6820559676124838,-3.4120154032816403,-2.758112499457811,12,64
0.68487936,-0.423862226437376,-0.6988442431772623,-2.360955274471133,-3.3203702020906944,12,64
0.689985024,-0.4410167897085451,-0.7103456278761465,-3.409946670286514,-2.702932495331805,12,65
0.695086592,-0.4628784959261623,-0.7209901610689997,-4.357543978039399,-2.2735732493182312,12,66
0.700082432,-0.4884028804871961,-0.7335504978044024,-5.09216943131004,-2.145690374551868,12,66
0.704837376,-0.511128824672866,-0.7421437697267347,-4.551800878556282,-1.709494222114323,12,66
0.710024192,-0.5410807545788863,-0.7488357465658239,-5.965791404990596,-1.5444018775119823,12,67
0.715168256,-0.5726453105714128,-0.7556943798032508,-6.306350929661051,-1.4508667280686312,12,68
0.719736832,-0.6058586382540105,-0.7607207369125989,-6.640243771099467,-0.8238950847095439,12,68
0.724796416,-0.6403600611761928,-0.76945197000569,-6.897931483524417,-1.723130919917478,12,68
0.729951232,-0.6796863462850345,-0.7698236332525843,-7.614422879457887,-0.1371594925624339,12,69
0.734951936,-0.7223364551483243,-0.7612453060514219,-8.512906252080448,1.7248449600089315,12,69
0.739932416,-0.7701984518043141,-0.7538577004184662,-9.553454796044289,1.2928551169639164,12,70
0.744757504,-0.8166262340762327,-0.7488013404383571,-9.288973987189696,0.9948681426265112,12,70
0.749766912,-0.8654006521336153,-0.741549080994187,-9.749440260533328,1.4377903164418664,12,71
0.754927104,-0.916538113877318,-0.7350668093135957,-10.219198515039151,1.456685569124358,12,71
0.759949056,-0.9721562569867114,-0.7284528732131895,-11.098837735025263,1.4480962354483735,12,72
0.765271808,-1.0271739248504328,-0.7213575547062311,-11.005448368394491,1.3619593667238823,12,73
0.770234112,-1.0713731300085072,-0.7185759239912853,-8.876562973633533,0.5619955630715925,12,73
0.774867712,-1.1029004148308466,-0.7090995163651413,-6.336030754915441,1.8566619198014056,12,73
0.780035328,-1.1264562477052535,-0.7183745201717708,-4.725487495998776,-1.5772832905930474,12,74
0.785096192,-1.1300799992979975,-0.7423872885743029,-0.8222317858459793,-5.030210596440057,12,75
0.790147584,-1.1190137990752107,-0.7834029405175558,2.152673715683437,-8.072327953173104,12,75
0.795182592,-1.0947178448361636,-0.8452918242503524,4.812768290747207,-11.414402514242695,12,76
0.800276736,-1.0673180798426034,-0.910597758935,5.467448795441872,-13.09123215235725,12,76
0.804958464,-1.0347890047206116,-0.9826661176621406,6.494414666839724,-13.759393490600685,12,76
0.810299136,-1.0076466870220735,-1.0393577568823635,5.444844622816086,-12.558767929950534,12,77
0.815221248,-0.9822856083261764,-1.09134032175036,5.078653952441999,-11.664100297789616,12,78
0.820011776,-0.9476226055268656,-1.147424509196534,6.894109155264231,-11.299641872695586,12,78
0.82522496,-0.9378634841588408,-1.2045591856552398,2.0486428191261616,-10.893772633163945,12,79
0.83012096,-0.9260643992698449,-1.2561653821054215,2.3529210851557525,-10.204070886613136,12,79
0.834996736,-0.917250354073326,-1.3034009994629805,1.774561656312895,-9.662279671706932,12,79
0.83976576,-0.911022297272269,-1.3608722602245724,1.249017309877782,-9.716204164530104,12,80
0.845702912,-0.909578732963614,-1.4184542734211671,0.2968960504373635,-8.857962723722686,12,81
0.849803776,-0.9108858505408632,-1.4483824136720709,-0.0974933724381033,-8.363535875379212,12,81
0.854849024,-0.9172439215124768,-1.4808044943337786,-1.2476289020750726,-7.385788533832886,12,81
0.0,0.9866902699200604,2.357635052824369,-0.3788894666183484,-0.1186985076394632,13,-4
0.005085952,0.9877329976248655,2.3573583395861184,0.1972105816228876,0.007022424921455,13,-3
0.010157056,0.9865469594022828,2.357723258449857,-0.2327101347975907,0.0497010659341876,13,-3
0.014937344,0.9870671128091872,2.3578897406888863,0.0985781382240353,0.0380327413489532,13,-3
0.02029824,0.987507173023235,2.35742597649528,0.0883217912844146,-0.0905967968776041,13,-2
0.024826624,0.989621223405164,2.358465410112648,0.4205204972813877,0.2281872374661885,13,-2
0.029808128,0.998769650001319,2.358573770452661,1.8193592318868317,0.0077756315622761,13,-1
0.03514752,0.998063377412899,2.360023138255878,-0.1072179819293321,0.2816754760734416,13,0
0.04015104,0.9999880014753684,2.3603602082817554,0.3739918439732356,0.1069480246678908,13,0
0.04531072,0.9980938070725894,2.3619741372609537,-0.3657249366896581,0.3157188003776351,13,1
0.049876992,0.999269615355206,2.364973495713002,0.2300792164273133,0.4788988679437681,13,1
0.055004928,0.9972456113490508,2.3649456666459336,-0.3988386161174916,-0.0074992818731565,13,2
0.060100608,0.994723952973146,2.360132940836564,-0.5027177683788533,-0.9659227563644626,13,2
0.065000192,0.992830368012218,2.357782709027929,-0.3807790483577656,-0.6361090239140489,13,3
0.070420736,0.9915199436685866,2.363911679907308,-0.2639499703750447,1.2081220059140831,13,3
0.075268608,0.9925540195792408,2.3660146487078846,0.1990055529857837,0.5000624748650291,13,4
0.080033024,0.9834902035578996,2.36247400672872,-1.7682867078390772,-0.6865857163683379,13,4
0.08496256,0.9784830733067312,2.36039701253182,-1.0078757427979737,-0.2985341910518209,13,4
0.089949696,0.973131509277231,2.356033527453622,-1.0698561333330792,-0.8747462877316334,13,5
0.095342848,0.9681085097317712,2.3528448719271715,-1.0057561206202592,-0.7277263467794216,13,6
0.100320512,0.9596116771458936,2.34521724748849,-1.446363978766696,-1.4911735404856103,13,6
0.10543744,0.954986760467762,2.333150360040116,-0.9525751635160412,-2.3930885637846235,13,7
0.10968448,0.9446544414425058,2.32862978204168,-2.05197343709025,-0.7101058961556694,13,7
0.11488128,0.9344262799791584,2.3123071138838487,-2.052261561498301,-3.2200508876028477,13,7
0.119954688,0.9260635740860732,2.3068368007802804,-1.6847770739639067,-1.7904414722641655,13,8
0.1249536,0.9150658396908432,2.298286808066131,-2.187356499059513,-1.6943484907635478,13,8
0.129914112,0.9053495569279946,2.284106201447368,-1.9466511264303623,-2.406116479451549,13,9
0.134745856,0.8965967997843013,2.2690169132415656,-1.751795616347832,-2.854295217511469,13,9
0.139960576,0.8840810210887736,2.255392110602758,-2.490116831078698,-3.2240048146600344,13,10
0.145114624,0.8699011920235321,2.2379618540206097,-2.830291880180746,-3.960782995628841,13,11
0.149670912,0.8542582611117665,2.215010486707722,-3.126621281449578,-3.634023582128837,13,11
0.154882816,0.837253539835715,2.1996602125328195,-3.3972935206599058,-2.862648788267977,13,11
0.15991296,0.8147487896565415,2.1808973252402475,-4.480883040748823,-4.296786944501698,13,12
0.164979968,0.8031017125519131,2.158786507583544,-2.371923641024807,-4.4311308279398816,13,12
0.169762048,0.7745026713505005,2.1360323345842125,-5.679697169706142,-4.217960012608087,13,13
0.174702848,0.7598181419724377,2.1153878384540774,-3.060525386703429,-3.762698469263688,13,13
0.179967488,0.7376836823287944,2.0963424976602063,-4.395464504267341,-4.245677288054424,13,14
0.185113344,0.7131231655606131,2.074866589713284,-4.902128623995319,-4.341341367039183,13,15
0.189975808,0.6910300874001564,2.0493012819050365,-4.428658667917581,-4.718099788457763,13,15
0.194664192,0.6693391519596692,2.024442855348231,-4.339284484604393,-4.936588605896057,13,15
0.199757312,0.6426395833597501,2.004234653336722,-5.322824027094416,-4.7709578178508485,13,16
0.204753408,0.61827914530592,1.9840164616004357,-4.880285414186252,-4.390087113083441,13,16
0.209529856,0.5951515203907382,1.9536774023264896,-4.627461583492507,-5.15789613706463,13,17
0.214672896,0.5691985753196812,1.927156445346675,-5.184479607932752,-4.726403266055836,13,17
0.21999872,0.5501366743833791,1.9059487097339345,-3.834254426219583,-4.76037537428276,13,18
0.224826624,0.5279764523890775,1.8825226656985887,-4.421911318044132,-4.984852827524706,13,18
0.229957376,0.4998650517543841,1.8598976427852147,-5.603054063727129,-4.789615140748161,13,19
0.234521344,0.4747449324212525,1.831658562178124,-5.028804491885824,-5.100359441682006,13,19
0.239725568,0.4474644647044577,1.8070115646630152,-5.45043287297549,-4.827056668363985,13,20
0.244935424,0.4208828034298398,1.7854150459082392,-5.318840440393304,-5.045854971551366,13,20
0.249906688,0.3925003663487841,1.7549242172222517,-5.67287557177734,-5.10322282338444,13,21
0.254441216,0.3653312904046882,1.7281167908653812,-5.435397684206187,-5.242429943718621,13,21
0.259814912,0.337587441915208,1.7033380843100814,-5.547071611089637,-5.394019269721545,13,22
0.265089024,0.3134555279675375,1.68082897068455,-4.839801092287003,-5.214762093456675,13,23
0.269652736,0.2838593437506265,1.6489888949261349,-5.911399196914864,-5.476271731146932,13,23
0.274749696,0.2588396783576446,1.6179840220339496,-5.010501475162052,-5.691150555762747,13,23
0.279895296,0.2314852366250172,1.5876824535053995,-5.463269941868313,-6.773064652606397,13,24
0.285007616,0.2074166151790817,1.5647474003316704,-4.8271311177710725,-5.31627176545531,13,25
0.290081536,0.1835977616779681,1.535945453647837,-4.77922456971839,-5.414764494687593,13,25
0.29499136,0.1573292724957249,1.5116833905809506,-5.04518622160079,-4.959445939157125,13,25
0.299686144,0.132235647164285,1.4817554001429063,-5.021232028927038,-5.623312087556367,13,26
0.304777472,0.107378429677056,1.4582061304141354,-4.9719590727763086,-5.419567761709123,13,26
0.31000192,0.0788891822940585,1.4333905739164294,-5.684915803298743,-5.422830334105947,13,27
0.314560256,0.0529909787973236,1.4013564734732542,-5.184264145276895,-5.558988710360014,13,27
0.319716096,0.0244073729383537,1.3732271313616606,-5.709430366683755,-5.566152533454824,13,28
0.324893952,0.0041346775166583,1.35037855361614,-4.086007421458973,-5.332058721782441,13,28
0.329961472,-0.0213134837811692,1.3239836700807222,-5.071195218897594,-5.1135639593904125,13,29
0.33493888,-0.0443363492669114,1.2969288837556014,-4.61357506906046,-5.196781357709008,13,29
0.339914496,-0.0665122864121867,1.273461234274733,-4.438913149502764,-4.96337211764006,13,30
0.344823296,-0.0877437569495402,1.2475229775015728,-4.247763822088439,-4.688401836745193,13,30
0.349807616,-0.1124353530434219,1.2224504788552626,-4.928539067968589,-4.826924282180995,13,31
0.355066368,-0.1344212185731739,1.2022010755067918,-4.411218715223464,-4.681967192713208,13,32
0.36013312,-0.1495123509511305,1.175058978815346,-3.0392457132305566,-4.758852767559444,13,32
0.364708096,-0.173126014650621,1.151576405190498,-4.701090039986109,-4.795198231293105,13,32
0.370079744,-0.1925973838352348,1.1279456095072231,-3.910205738903063,-4.945522643854685,13,33
0.375096832,-0.2109153143009237,1.107577154771686,-3.6680421188494097,-4.769843002810278,13,34
0.380347136,-0.2287638246987818,1.085950221490265,-3.571549128097585,-4.613171395411405,13,34
0.385077504,-0.2470748386833895,1.059574847444033,-3.660273506267671,-4.520343821070032,13,35
0.389759232,-0.2612976332291594,1.034721318122294,-2.8540831920466982,-4.5632452481337085,13,35
0.39485696,-0.2790465009412212,1.0137315484463174,-3.5425113231016776,-4.376872892134104,13,35
0.400361216,-0.287073182070592,0.9930568506563554,-1.6357152502335035,-4.236162061582828,13,36
0.404818432,-0.301166163959173,0.9701934343413792,-2.796480019571626,-4.331753225223136,13,36
0.409948672,-0.3094476604976397,0.951292042370244,-1.671766365606499,-3.8785216986638815,13,37
0.414725376,-0.320890262827423,0.9342310582548476,-2.2813836362391213,-3.845896850773808,13,37
0.42005888,-0.3333784133795674,0.9139056299161772,-2.494160238395871,-3.838168110784705,13,38
0.42500864,-0.3430459957446963,0.8956842945075154,-1.9372059981762364,-3.559878608188771,13,39
0.429859072,-0.3525952045389797,0.8764722035003368,-1.9101017565058367,-3.457669692779488,13,39
0.435189504,-0.3588482593247677,0.8611343397187197,-1.260750547229117,-3.457004981571359,13,40
0.442377984,-0.3669097036747708,0.8369716679909178,-1.608166890795915,-2.895625234224932,13,40
0.444696832,-0.3699396819988473,0.8296163470903474,-0.6198520723810527,-2.911577966601856,13,40
0.449750272,-0.3792415222583558,0.8141765334899177,-1.844958382057326,-3.065644477918532,13,41
0.455201024,-0.3807196732669026,0.8017355291142872,-0.326671382867121,-2.9312685199059247,13,42
0.4603136,-0.3830204971981766,0.7877288954017456,-0.4573433896275265,-2.982727687722244,13,42
0.464978432,-0.3846348151164869,0.7712290506623332,-0.3253886112679417,-3.24397666625661,13,42
0.46991488,-0.3862314501699005,0.7553965961322867,-0.3193703352226887,-2.564028235514023,13,43
0.47511168,-0.3893490492723362,0.7371512686126633,-0.6202207118769747,-3.644105921783528,13,44
0.48033792,-0.3892169983525776,0.7109278715546357,0.0164595270989219,-5.678118542352751,13,44
0.48550912,-0.3830884228864777,0.694916364066349,1.2053798525319088,-3.3931065157388614,13,45
0.490489856,-0.3791606432011065,0.6680066068903087,0.7926925509401038,-5.497070887175889,13,45
0.495200512,-0.3737944198858152,0.6397004788967188,1.0712229129250677,-4.577483444307747,13,46
0.500393984,-0.3641881834551634,0.6210876001688176,1.9115579662413904,-3.645220403689279,13,46
0.505010176,-0.3608776229685057,0.6079723013090405,0.6801714623719104,-3.41962225081022,13,47
0.510211072,-0.3531752203292322,0.5885399864344513,1.5261354230305533,-3.668993184554609,13,47
0.515152384,-0.3416185157566869,0.5671646378071543,2.3062543259404094,-3.8217842805939344,13,48
0.520022784,-0.3254902064838287,0.5481207356106994,3.2154245981925555,-3.561267404577822,13,48
0.525184256,-0.3124442974181707,0.5060536415533339,2.6204379820067656,-8.976852432868295,13,49
0.530153984,-0.2975013108758382,0.472738592813602,2.980199625598461,-7.20594183807206,13,49
0.535201792,-0.2756006709419273,0.4508249523385008,4.352825041535909,-3.540235124054264,13,50
0.54004736,-0.2614712240796129,0.4313312240375818,2.8485223114681637,-3.79437058785878,13,50
0.545370624,-0.2385406254777733,0.4182247612261709,4.55469455788437,-3.318613543476796,13,51
0.550128384,-0.2160720783023615,0.399187030131331,4.495680894228922,-3.939186758750465,13,51
0.55468032,-0.1935697931931811,0.3721583019528846,4.500407319404107,-4.473016133041202,13,51
0.559863296,-0.1664089209417092,0.3499654721502274,5.421868854905377,-4.5089785402478215,13,52
0.564870656,-0.1362417095773445,0.331201158179978,6.022002626324642,-4.6029480564502325,13,52
0.570043648,-0.1044603689900191,0.3052545702461262,6.350120422447627,-5.139371617169067,13,53
0.57502336,-0.0747111337768964,0.2738072768963923,5.960434709180635,-5.987727914974582,13,54
0.579779072,-0.0369069103075594,0.2369922466396582,7.550039167810357,-6.390432067717749,13,54
0.584773888,0.0003410591250599,0.2041794335073159,7.4508139907668305,-6.893672401591656,13,54
0.58990592,0.0473630426362431,0.1710385643508053,9.369735017837169,-7.450386602828785,13,55
0.595112704,0.0929073301185802,0.1336945968738567,9.113773695667668,-7.938639178885313,13,56
0.599739904,0.141578908478877,0.0831512645067632,9.730008205340567,-8.582025162885392,13,56
0.604790272,0.1931396345961021,0.0456072341754052,10.304869605824951,-7.581155195151807,13,56
0.610110976,0.2440398223891346,0.0042322805031053,10.182351022976396,-8.732983252915613,13,57
0.614887936,0.2947729141040266,-0.0449526509433904,10.146915273922325,-9.272765438682546,13,57
0.619965696,0.3483236015715276,-0.0816883669651525,10.70334503726369,-7.229723866428598,13,58
0.625171712,0.3955397780078327,-0.11858736471654,9.464008242040038,-8.170436709764255,13,59
0.630162176,0.4478450700231427,-0.1553200786426473,10.440957112568306,-8.461338942882357,13,59
0.635236096,0.4983188368689799,-0.1992338996620121,10.102357807037269,-8.105371088626306,13,60
0.63993472,0.5542182021087804,-0.2413069924245423,11.167201164523709,-7.711833489138596,13,60
0.644981248,0.6050936763227079,-0.2780913221506135,10.1888164610849,-7.4556916880484865,13,60
0.65044352,0.6590657564227725,-0.3105102206766093,10.78313097106633,-7.235253637232563,13,61
0.655221504,0.7086927723956227,-0.3410514893091165,9.943334909533874,-7.015488221293601,13,62
0.659937024,0.7596148272179775,-0.3820347124740366,10.18245828647864,-6.226362846271743,13,62
0.665520128,0.8128166583358594,-0.412247376946892,10.635866665098366,-6.366689915042508,13,63
0.670499072,0.8599754844837434,-0.443081096754749,9.457353199117431,-6.891069178646269,13,63
0.675335936,0.8683763242013071,-0.4781617162956266,1.8149604089497424,-5.902121327014383,13,64
0.680433408,0.8759931411891154,-0.4915460731534299,1.5247206347229214,-5.754310351483665,13,64
0.694812672,0.8941021607586302,-0.5152695345758608,3.608621632124416,-6.599000649899553,13,65
0.708863488,0.9063346734105214,-0.5083034773348458,2.453912681599118,0.1618253579088229,13,67
0.709830912,0.9039120565482992,-0.5075371954280938,-0.2374697087229487,0.7025510713643959,13,67
0.710721792,0.8920687896072709,-0.506831542865115,-2.1742590215001263,1.2004937765312107,13,67
0.711581184,0.8858870461828107,-0.5061508314703105,-1.3303605030899537,1.6808367826360948,13,67
0.719811584,0.8721938518284182,-0.3725346625958278,-2.7310899095818613,18.009859120107244,13,68
0.720166912,0.8610938361094241,-0.3644090613648922,-2.268649183192556,17.108816803893536,13,68
0.722072576,0.847556987602941,-0.3028324890075299,-2.698412199502002,7.017907333642805,13,68
0.724417792,0.8339939976954905,-0.2809655880169348,-2.712525985500535,6.975530620466149,13,68
0.72789376,0.8244705103172932,-0.2437275216856761,-1.9118407161863276,6.973624464300549,13,69
0.733051904,0.8120338060419343,-0.2109936255682488,-2.477530984703373,7.097211885282666,13,69
0.737998592,0.8046731934367275,-0.1791431071202269,-1.4930764598242412,7.020262857028062,13,70
0.74264192,0.7939741346460941,-0.1409248885971055,-2.136217602762753,7.082465179843359,13,70
0.747863296,0.777674960972996,-0.1023029168224924,-3.2496114566089656,7.363710101968669,13,71
0.752963072,0.7636235149455746,-0.0644628200672924,-2.929984150051614,7.586482821563198,13,71
0.75814912,0.7517855208665754,-0.0318058327189794,-2.378189337121106,7.399557563158174,13,72
0.762994176,0.7395686124220558,0.0051739918394439,-2.441533810771054,7.586510711112427,13,72
0.767629568,0.7268693441586787,0.0491317121077502,-2.5392936857964044,7.4085200672949,13,73
0.772743936,0.7130645849161926,0.0857620903877258,-2.759098608119116,7.350262746363542,13,73
0.777980416,0.6994565075299196,0.1184716081420702,-2.722269494478849,7.133608312880703,13,74
0.782872832,0.6874912417579379,0.148364950371117,-2.398612089511496,6.91437611550106,13,74
0.787563776,0.6681850796511514,0.1854565391210482,-3.851831924864088,6.763063992291218,13,75
0.792588544,0.6594860647589896,0.2304769619726399,-1.752125558504367,7.744647324474608,13,75
0.7979584,0.6488238167331334,0.2594219801439645,-2.1254981440330147,6.826033979674123,13,76
0.80311296,0.6402371055067014,0.2881273046186394,-1.7247699827265492,6.341065761918368,13,76
0.80796416,0.631437804613245,0.3207769372935488,-1.758971169392211,6.184058811312491,13,77
0.812866304,0.622963262416399,0.3514830650456546,-1.6957865811444444,5.824568268164683,13,77
0.817853184,0.6157953936569956,0.377486266170822,-1.4378791890447151,5.803116871322612,13,78
0.823150848,0.6088373433809053,0.4144902433765243,-1.3923546376853635,7.308805809880068,13,78
0.827993088,0.5970169401986443,0.4286253013400979,-2.346523856051916,3.158825999829194,13,79
0.833022208,0.586829601953845,0.4587557938197643,-2.0435286454738883,5.939557811328429,13,79
0.83805568,0.5830350647351628,0.447660257869914,-0.7848720110355047,-2.505216415205547,13,80
0.842585088,0.575090901304589,0.5607885054011236,-1.583208013287201,23.12481922221151,13,80
0.850162176,0.5714285834573195,0.6107705388791437,-0.7421708858879688,10.531706058589236,13,81
0.857208576,0.5640647079775628,0.660601719471328,-1.463498346109642,8.935588295690144,13,82
0.0,0.9931932991160808,2.365744390132252,0.0757261331472802,0.3499461223078981,14,-4
0.005032192,0.9939043587618042,2.3665973084499288,0.141125911540411,0.2971190404344829,14,-3
0.010192384,0.99319865896758,2.3667265942154003,-0.1363369084041173,0.0376558165682039,14,-3
0.015084288,0.993545047281712,2.365231425580248,0.0655658360622307,-0.2986401849129115,14,-2
0.020286464,0.9939770129035166,2.366281948663404,0.0861175714131658,0.2079757857972898,14,-2
0.025212416,0.9936315934567798,2.366096370164428,-0.0666405288779945,-0.0202014813591419,14,-1
0.030899968,0.994045190396212,2.36663918908381,0.0819475184966167,0.281412950882745,14,-1
0.035124736,0.9939365444316712,2.367981866034757,-0.0193564938094872,0.3641773553213822,14,0
0.040267776,0.9966171976030984,2.3680324737204343,0.5256055011458884,0.0853815388346883,14,0
0.045202176,0.9993236678137376,2.3701975943797944,0.5411956685267281,0.4205198994604336,14,1
0.04985984,0.9978028946071388,2.370903103840855,-0.294821218041896,0.0317753910505238,14,1
0.055232256,0.9964218254338264,2.3670289001726257,-0.276523549598305,-0.7412803701099366,14,2
0.060365056,0.9935822174904176,2.364366627779369,-0.5619663092744819,-0.6346074343212271,14,2
0.065416192,0.9917978811800388,2.368756741550596,-0.3612116170038656,0.8403014760337577,14,3
0.07011584,0.990225872580944,2.366205605751897,-0.3146836955311761,-0.7325754002785505,14,3
0.07504,0.9857884578515996,2.3722289897668,-0.8838780993127803,1.2570293341003174,14,4
0.08043392,0.98146843423094,2.365092639330974,-0.8644478546752449,-1.261598521604938,14,4
0.085285632,0.9757643796323306,2.3657145227936955,-1.1355552911933522,-0.1184777315651617,14,5
0.089984256,0.973178648895468,2.3701886936448884,-0.5207983470227467,0.7568259177428669,14,5
0.09481984,0.963525213937308,2.3624218705573403,-1.9177864553344348,-1.56891564896309,14,5
0.099907072,0.9604918035110884,2.365609863571368,-0.6271297819689319,0.3229487345916624,14,6
0.105307904,0.953208097034328,2.3523867698430587,-1.4416785819470672,-2.595190383579187,14,7
0.110231552,0.9459040973938564,2.3519482828011573,-1.460717486128383,-0.3142689009126758,14,7
0.1151744,0.938774571899758,2.350550589870959,-1.4265105153163888,-0.1701676271596213,14,8
0.120783616,0.928251425073326,2.3368588574710323,-2.1009066427702376,-2.061901525978145,14,8
0.124927744,0.919271417821356,2.329535542804386,-1.8011386386230843,-2.193178099659821,14,8
0.130240768,0.9087202520664898,2.3134208043803604,-2.105577866520204,-3.393668342627657,14,9
0.135132672,0.8935657634998461,2.297547700727607,-3.013270214665109,-3.228866272349601,14,10
0.140246528,0.8768847804571389,2.286818455544547,-3.331520693956723,-1.844833497424748,14,10
0.1449344,0.8526018261873795,2.271118568802609,-4.839476818134346,-3.105092003462635,14,10
0.149848576,0.8387159217691077,2.249263709596877,-2.796167461177155,-4.852447080347617,14,11
0.155050496,0.8285909827829977,2.2302825477325743,-2.0372556077043678,-3.662379864608951,14,12
0.15983488,0.8061845654091911,2.2048559344869467,-4.462558469866574,-4.768943546965263,14,12
0.16493056,0.7840235984920331,2.182107047859534,-4.432830789731342,-4.391548775757703,14,12
0.170018816,0.7662541688997362,2.162419307843847,-3.5743096393248863,-4.589042925221938,14,13
0.17503744,0.7389514135904016,2.139506443930874,-5.422279120845062,-4.593876125964752,14,14
0.18009472,0.7198062484888195,2.1161336498959105,-3.856861339619997,-4.669717560285207,14,14
0.185088,0.7018530872664723,2.0950509318013264,-3.5954814042173244,-4.6632498067309625,14,15
0.19003136,0.6755908565929911,2.064269212294745,-5.206230059303619,-5.039939228769999,14,15
0.194825728,0.6547522133189584,2.038264250854895,-4.174485542009837,-4.714783277979918,14,15
0.199769856,0.6266790608404389,2.015508805744165,-5.605940844472001,-5.302717501071657,14,16
0.205071872,0.5991042982966853,1.9909294263132435,-5.521237650005303,-5.276380628102086,14,17
0.210037504,0.5750203032126439,1.964810055519128,-4.833669388884271,-5.1738167410153615,14,17
0.215093504,0.5553832988736291,1.9359322862928248,-3.946868845122072,-4.998655752573505,14,18
0.2197504,0.5329521952715941,1.9097850947208517,-4.482252805765349,-4.998325478739752,14,18
0.225119488,0.5088830025704465,1.887255389757443,-4.8080339836253705,-5.288301519914331,14,19
0.23027712,0.4834219692777936,1.8606291213054789,-5.086335250975181,-5.421297684578074,14,19
0.234841088,0.4574557467318918,1.8310335034918044,-5.192204422109462,-5.218376458804218,14,19
0.239766272,0.430095909253352,1.805397721436797,-5.47012241781956,-4.845348764790532,14,20
0.24480256,0.4017013056215782,1.7801422380942549,-5.67672087929888,-5.19828413310915,14,20
0.250152192,0.3756252197086477,1.7585715706880654,-5.223883716253609,-5.055037935108788,14,21
0.255124992,0.3486942628137889,1.7356359794796394,-5.382783869753457,-4.7611367281996255,14,22
0.25980288,0.3195007036899948,1.7052788682695998,-5.835072788397051,-5.2985541724780045,14,22
0.264937472,0.2920451820228134,1.6776299606330516,-5.495278244962531,-5.337525941736073,14,22
0.2701504,0.2639718300586629,1.6569278193523815,-5.612587411764378,-4.935045052781538,14,23
0.275087104,0.2365316371116817,1.629621738493043,-5.49007796074356,-5.117986291149697,14,24
0.279838208,0.2077440602789502,1.5953586918927027,-5.755725797834069,-6.351161839560673,14,24
0.285085184,0.1873884056584077,1.5783114822846616,-4.097208193924867,-4.852198992118984,14,25
0.29015808,0.162974969440614,1.559886618474145,-4.869259556271636,-4.093483779677597,14,25
0.295136256,0.1334646430344165,1.5372784643585045,-5.881481284373656,-3.7564870341748735,14,26
0.300018176,0.1059899503280293,1.476564047720054,-5.499252238458651,-11.677053922770172,14,26
0.305349632,0.0777890113946982,1.449729849332567,-5.637458446866562,-7.345083670648686,14,27
0.310286848,0.0510724180130829,1.424934978199793,-5.348385176567218,-5.327466818613718,14,27
0.315588608,0.0251025321118038,1.391447457611569,-5.1949019630341375,-5.753781127472262,14,28
0.320018176,-0.0013347193478388,1.36406493901773,-5.286241657360064,-5.647777742945266,14,28
0.325174272,-0.0248500644947608,1.339473073177879,-4.71437740676289,-5.307926920803695,14,29
0.330138624,-0.0493760836075448,1.31477726990816,-4.901158415853809,-5.367153637648733,14,29
0.335014912,-0.0727492383277187,1.2873089112680982,-4.752914076230129,-5.239304748847916,14,30
0.340141568,-0.0936477571701638,1.257603741826849,-4.196520570028268,-5.509647611312487,14,30
0.3453632,-0.1190895574824174,1.2316074583994974,-5.07455531320865,-5.357447271232179,14,31
0.349892352,-0.139997616975501,1.2043233998614955,-4.191670829777695,-5.449975501453713,14,31
0.355190272,-0.1620197530781775,1.1788316191694768,-4.401181869261863,-5.355309373112293,14,32
0.360074496,-0.1849399445214233,1.156093750553849,-4.581083973542423,-5.321135703913017,14,32
0.365184,-0.2031047151518713,1.1244661465243495,-3.650582634498352,-5.431255545924844,14,33
0.370075904,-0.2229110329053057,1.0942964262917256,-3.958174151364711,-5.395052497142727,14,33
0.37543936,-0.243359590046534,1.0690000226488816,-4.087380096535936,-5.418370888034016,14,34
0.3802176,-0.260206519097107,1.0462448461628897,-3.385337391067061,-5.221456289310265,14,34
0.385318912,-0.2818096899544753,1.0193259654018365,-4.302791687374949,-5.158634043584173,14,35
0.390256896,-0.2923236549527971,0.9904343482111287,-2.146244018786559,-5.095138727733783,14,35
0.395027712,-0.3022896828835052,0.9658727212735988,-1.9946040196655408,-4.831650514076777,14,36
0.400356608,-0.319037518584451,0.9459612139496636,-3.32580313148456,-4.771430515669436,14,36
0.405124864,-0.3279498780004583,0.9245911840128888,-1.808301732306653,-4.604847177517673,14,37
0.41011456,-0.3434759749213343,0.901811483578286,-3.0818528768615376,-4.277679894852717,14,37
0.414947072,-0.3526482925295662,0.8764177234724906,-1.842571395092368,-4.36534969769672,14,37
0.420144128,-0.3612271393281989,0.8554533459333522,-1.7170147289484856,-4.094837592651892,14,38
0.425671168,-0.3717746787831849,0.8388824192067578,-2.102293118369081,-4.008344538348529,14,39
0.430870528,-0.3818334539001896,0.8193959506983971,-2.01340097085554,-4.220024566117278,14,39
0.436434176,-0.3914321205223827,0.7880726321349881,-1.9202976649079944,-4.080030491564608,14,40
0.44063744,-0.3982398335293266,0.7743864908793563,-1.3655914064627197,-3.5047448110215225,14,40
0.445930752,-0.4031753121787085,0.755163182957193,-0.9929761557049824,-4.6167968809583,14,41
0.450832896,-0.4062621189262662,0.7324841695034917,-0.6245464554756852,-4.784446863615251,14,41
0.4559872,-0.4113821694960686,0.7006189531416319,-1.0172511845090904,-6.150447745311375,14,42
0.460422912,-0.4161381916566842,0.6703982185333082,-0.9517487418757632,-5.08654247288358,14,42
0.46520448,-0.4167596134368367,0.6450213134392333,-0.133889459216147,-5.023789612094943,14,43
0.470539264,-0.4171830598986529,0.6267857128116606,-0.0854704271522622,-4.358358582337174,14,43
0.476205312,-0.4187164251350858,0.6011689818148279,-0.3053420997880658,-3.5932485668013445,14,44
0.4799488,-0.4219024542069128,0.5837175886498642,-0.6346260022712662,-4.2405120208455305,14,44
0.48522368,-0.4182132745155557,0.5660360952107658,0.71623738638784,-4.1909490212454426,14,45
0.490224128,-0.4139222089008809,0.5479847285690403,0.8557632123672189,-4.062726291658931,14,45
0.495109376,-0.4087808984162904,0.5230075125777119,1.0266484211325395,-4.539700331741588,14,46
0.499972608,-0.3982845145332381,0.5006614113714256,2.0870115318020472,-4.539316767714438,14,46
0.505316864,-0.3925429041859321,0.4818221109409542,1.1643432938249418,-4.190435936398775,14,47
0.510421248,-0.3890498061123139,0.460164730329217,0.7064042282150821,-4.239716538259464,14,47
0.515259904,-0.3725042661135344,0.4396104046435561,3.2632226681257164,-4.492916153042537,14,48
0.520336384,-0.3616260848387049,0.4124383513221109,2.1999826318990543,-4.766799660333538,14,48
0.525052928,-0.3434038869002465,0.3878345691322668,3.627098820214004,-4.622604314462591,14,49
0.530212352,-0.3286581075846165,0.3660387800535348,2.96185651609566,-4.631645318662989,14,49
0.535338752,-0.308975647355607,0.3440086707855706,3.9177161493407295,-4.655727748948303,14,50
0.540210688,-0.289534245352381,0.3150888985182752,3.888799520359139,-5.162450869224231,14,50
0.545069824,-0.2718645782831702,0.2887780374340546,3.537575308240864,-5.327984062565366,14,51
0.550352896,-0.2453258426396259,0.2633029116329528,5.275877109043218,-5.8065948403209005,14,51
0.554944256,-0.2172698819941213,0.2281787755364205,5.608605171385284,-6.318626743549983,14,51
0.560085248,-0.1907629926262851,0.1915287105777687,5.305124821688685,-6.918017801241131,14,52
0.565041152,-0.1550368929990001,0.1608233630715212,7.113089646049655,-7.224326657610317,14,53
0.570226176,-0.1266182998382999,0.1220025134056252,5.713834155003204,-7.615882327400404,14,53
0.57501696,-0.0934312741575615,0.07630320137408,6.631087616818312,-8.25555216358127,14,54
0.58008192,-0.0532972628159046,0.0294964349352812,8.010324167763748,-9.051951806845356,14,54
0.585255424,-0.0101766530580955,-0.0065412656438834,8.612509275703438,-9.127663793477792,14,55
0.5902592,0.0315716143964364,-0.0496646830720035,8.354053560772012,-9.351028015517503,14,55
0.595241728,0.0790273476442169,-0.1029818723152947,9.47244421927314,-9.9710725017487,14,56
0.599987456,0.1307980395796382,-0.1679838080972092,10.348631731690997,-11.30070083952217,14,56
0.604985856,0.1828956721833023,-0.1964245926498328,10.41885956710525,-5.777978242772237,14,56
0.610263552,0.2291159881090748,-0.2337377363275326,9.268310006333548,-7.751597681367894,14,57
0.616167424,0.2816358273526192,-0.2885873319820923,10.496992368103912,-9.576876556920194,14,58
0.620510208,0.326718130943287,-0.3353093800706064,9.032367081104466,-9.444425457166073,14,58
0.625404416,0.3718815579632975,-0.3794725328841209,9.032554518636788,-9.334262593108,14,59
0.630253056,0.4242762286456435,-0.4224126017145542,10.465057224337762,-8.75139883354417,14,59
0.635284736,0.472335367164048,-0.4714703610774334,9.61858747562712,-9.051573043172816,14,60
0.640822272,0.5211802759799821,-0.5170522509929555,9.767848545414653,-8.871600677831605,14,60
0.645371136,0.5708419524829732,-0.594701859168091,9.930837403062332,-15.844892864246845,14,61
0.651521792,0.6189324053787538,-0.6626198264396824,9.62015754830761,-9.244518724700972,14,61
0.65533824,0.6644323511834699,-0.7012361895646847,9.10616695116574,-10.769906251873046,14,62
0.66028032,0.7063809381073096,-0.7437073568269581,8.3965578834149,-8.991638276155996,14,62
0.665083136,0.75065799296179,-0.778622508070729,8.851976689119473,-7.006457906200972,14,63
0.670422784,0.7867478783309535,-0.8096903177968201,7.229200438031517,-5.984428743203798,14,63
0.675550976,0.8312863622208693,-0.8192774280148236,8.89379412758,-2.1011460865068883,14,64
0.68145408,0.8508433280712298,-0.849069883870221,3.941329341394246,-5.223436286716627,14,64
0.685512448,0.8463986504138133,-0.8716763736083737,-0.8354710097002904,-5.981433407668771,14,65
0.690568192,0.8801633125984364,-0.8997395068320313,6.683292084843126,-5.612078832119949,14,65
0.69517184,0.910717588467582,-0.9271919605605382,6.116148886432216,-5.6088421273757145,14,66
0.70006016,0.9203455224810372,-0.956318987353911,1.9673563846164104,-5.7059519158558745,14,66
0.70535808,0.9328901434146856,-0.9834905731292062,2.501508881000351,-5.460678596247049,14,67
0.710332416,0.939837795443072,-1.0105105581175131,1.4040567578491605,-5.395072462732052,14,67
0.71526144,0.9503571586037948,-1.031270345879011,2.094742946581806,-4.175855775126447,14,68
0.721165056,0.962155416263658,-1.0570703124754848,2.3578039493012604,-3.9844954645420176,14,68
0.724938496,0.971070431902386,-1.072887197309626,1.7881013522117182,-4.284235777710882,14,68
0.729905152,0.976893780385512,-1.0897632615160413,1.1684011290287917,-3.9975814880254994,14,69
0.735183872,0.9896986367925732,-1.1084973473140622,2.5329424774352702,-4.044517120236884,14,70
0.739981824,1.0021439400231738,-1.130689043566522,2.489555667567436,-3.7693102595096857,14,70
0.745080576,0.9943790514086714,-1.152648072852518,-1.5065407186609647,-4.239863817563674,14,71
0.750205696,0.9901071274417133,-1.1736667289210845,-0.8651933303339637,-4.845474190614355,14,71
0.755258368,0.9609873081589604,-1.1998165512141128,-5.746896595587291,-5.466431489380079,14,72
0.76012544,0.9726664733581066,-1.229636700598875,2.20576736253936,-6.081012595026314,14,72
0.765089536,0.9188347165454734,-1.2675441817402515,-10.67636757786946,-6.750529931729395,14,73
0.769942784,0.9098289372778808,-1.305070198241208,-1.8645174673480085,-6.947973153705178,14,73
0.7752896,0.8972538690438469,-1.335982320859204,-2.501150038006461,-6.8649295888776285,14,74
0.780180736,0.8728572364927473,-1.3679828429627034,-4.8305267161927405,-6.907306587987335,14,74
0.78537344,0.8578549513933601,-1.403010652798409,-3.058230356869106,-6.9980886712921295,14,75
0.790217984,0.8736559568315588,-1.4356892324512,3.049085025364489,-6.771014182738605,14,75
0.79517696,0.8665455898877092,-1.470305123536464,-1.3463137487569448,-6.707118354966169,14,76
0.80009216,0.8544775418744044,-1.506720253328384,-2.4029077028358867,-6.620796140920135,14,76
0.80512128,0.8361846865200138,-1.537521670225933,-3.641515938886719,-6.650729655465268,14,77
0.810465536,0.8424156183607826,-1.5760657176433153,1.1589813286018875,-7.705601035602017,14,77
0.815828992,0.8410233174405789,-1.5150550035340602,-0.2531052667051923,11.377948859567676,14,78
0.820334848,0.8355810013393777,-1.4314128244701896,-1.0732157791015815,18.529621634250013,14,78
0.82502656,0.8322029779864527,-1.4410643580588534,-0.6780222490991732,-4.905041071103579,14,79
0.8310592,0.8275740505485426,-1.4007783215639218,-0.9236077040070624,9.000298810011094,14,79
0.83740672,0.8150349729865091,-1.3774602869350534,-2.481495796736759,4.026189707846309,14,80
0.840142848,0.8077837467063353,-1.369043551161932,-1.9046305222094388,3.479124048796426,14,80
0.8452992,0.7788628400986289,-1.354910416798113,-5.660296392109855,2.618862734807494,14,81
0.851480576,0.7729351352974885,-1.3334985846815546,-1.2088208315241733,3.50424120679232,14,81
0.85503488,0.758930455445469,-1.3213622833250285,-2.7638940430798296,4.011784071793886,14,82
0.860493056,0.7589549765819498,-1.3096410322673309,-0.0391569205137889,2.3557630195733346,14,82
0.865218048,0.744854582605356,-1.3010752191113466,-2.7715121909384277,1.7736377590953754,14,83
0.870199808,0.751859615507982,-1.2876396393167462,1.3303263281997006,2.3886658782043377,14,83
0.8749632,0.7486925669745833,-1.2832455285805944,-0.6104138708751989,0.8327642494960701,14,83
0.88001408,0.7476924408375338,-1.274473128640096,-0.2069289676654407,1.7690377891280813,14,84
0.88509824,0.7470746966029961,-1.269943611627655,-0.1248754269906774,1.1241827538920308,14,85
0.89026816,0.735995349678169,-1.2673859805104588,-1.9180771341720024,0.4048051169922275,14,85
0.8949952,0.7343411705929265,-1.2638556725772996,-0.357901332804077,0.7113978651242931,14,85
0.900257536,0.7610624904377851,-1.2767702321118393,5.251207045905991,-2.47169752251936,14,86
0.905129984,0.7571036460636726,-1.289484699430658,-0.6919933578655622,-2.7645444171499234,14,87
0.910405888,0.7567026669354061,-1.292111431213841,-0.0923918583542791,-0.3977275574352403,14,87
0.915092992,0.7626283436005418,-1.286572596631826,1.1699566507736603,1.0855053590513948,14,88
0.0,0.992770876383304,2.29986010347796,0.0705132162118538,-0.0775288150860475,15,-4
0.004877312,0.9924533806615043,2.299546350101632,-0.0611242595555797,-0.0970167699511186,15,-4
0.0096576,0.9930514416334748,2.299440213696508,0.1183525724667726,-0.0005662012264119,15,-3
0.01474304,0.9929903050580514,2.299602084360991,-0.0108720977430758,0.0306593895464682,15,-3
0.020110592,0.9926639305846584,2.2993038842743005,-0.0643189694160898,-0.0557657320140184,15,-2
0.02483968,0.9934467696771326,2.2991873583070737,0.1484975882366588,-0.0273968457433732,15,-2
0.02968704,0.9942500547296172,2.29847443227379,0.1606151007692295,-0.1428853924484036,15,-1
0.03482752,0.9946910236423676,2.297847943089612,0.0897794501561299,-0.1351843492696507,15,-1
0.040028416,0.9966111801669396,2.2956922002918096,0.3795302582613209,-0.4301341574856932,15,0
0.044818432,0.9966785192846718,2.295699843836377,0.0198397898499705,-0.0428254649051771,15,0
0.04991232,0.9951784638494804,2.301443353443684,-0.2978482861129764,1.085256216739163,15,1
0.054749184,0.9936545217383532,2.3028242292629737,-0.3047317978553808,0.2289132576303449,15,1
0.06210048,0.9923797603879024,2.303254948400981,-0.2555126349449853,0.0414897226477386,15,2
0.06495616,0.9917772897870878,2.3021025969898656,-0.1253982960787653,-0.2745780441439965,15,2
0.069868032,0.9904893437820012,2.2947447586751126,-0.2546317020087437,-1.4846070785552017,15,3
0.07542528,0.9895526970586522,2.294310475738705,-0.1877524190043235,0.6526540899704737,15,4
0.079970816,0.9903094093204824,2.2933228552518,0.1478061050776321,-0.1611879732276689,15,4
0.08486144,0.9864573389742404,2.294207033428822,-0.7517488457800517,0.1146323816094763,15,4
0.089596672,0.9842582511109176,2.2911448148600826,-0.442138311480108,-0.6409407550835214,15,5
0.09479424,0.9806139522134352,2.277997443703381,-0.7255737603861059,-2.610987866494571,15,5
0.099874304,0.9713625890007362,2.275654607641374,-1.8275833179890264,-0.8400864149938276,15,6
0.10485504,0.972248335517918,2.2722993913330827,0.1369889078199069,-0.6594181641572932,15,6
0.109918464,0.9590492932872406,2.2645589654284053,-2.590853868028183,-1.3690887768836038,15,7
0.115965952,0.9541005780078196,2.249187362301716,-0.99827508067888,-2.5616066963756787,15,8
0.122337536,0.9310854450042404,2.239582125394485,-4.556938800399124,-1.67644339344508,15,8
0.12465536,0.9251006483927738,2.233399920304948,-2.477064218829019,-2.291002249453285,15,8
0.129612032,0.9087196567383414,2.220976083593737,-3.237139363912283,-2.3403798357582954,15,9
0.134712064,0.8889590396258036,2.2081733278198548,-3.943532161609296,-2.8576885429091137,15,9
0.13973632,0.8719113170793124,2.1918149653773824,-3.5065937617775127,-3.659216954265882,15,10
0.14460288,0.8572515758409376,2.174526297819082,-2.936236501431153,-2.754918291695385,15,10
0.149755904,0.8416126191814675,2.152916266191138,-3.119328976403078,-4.219231753749619,15,11
0.154934528,0.8249197159430136,2.1335467491106077,-3.334904775235725,-4.13527678568949,15,11
0.159820288,0.8019467503839149,2.11558100260798,-4.573572809838876,-4.08429077407485,15,12
0.164858112,0.7851720946314169,2.095862971603099,-3.378425301383043,-3.8683051532514736,15,12
0.17087744,0.7566701098020087,2.066854851292623,-5.687293241785226,-3.93245690616221,15,13
0.174483968,0.7352275605942474,2.0519520818795263,-4.299250824296878,-3.9705924978945424,15,13
0.18007936,0.710915478601826,2.0306765275403817,-4.852179636687572,-4.688453308600746,15,14
0.18481408,0.6855664282041513,2.0135411587899097,-5.065677478569681,-3.932485108094242,15,14
0.189782272,0.6622312319917045,1.993503128712515,-4.674085341867944,-4.246820917437796,15,15
0.194697216,0.6372082079202528,1.9707520825651084,-4.938995102556278,-5.029391500246264,15,15
0.199770624,0.6110020768898645,1.9430040140426776,-5.235450527377158,-4.936096924164474,15,16
0.20502656,0.5867115470019115,1.9092556805808345,-4.860637068189488,-4.643563636110184,15,17
0.210584576,0.5619656550053203,1.886024114522208,-4.948649664805161,-4.544484153009839,15,17
0.214713088,0.5377422299683566,1.8676044396157736,-4.846852893553235,-5.107040303884,15,17
0.219861504,0.5111348264670875,1.8466511691084744,-5.313466928787534,-4.717907506842255,15,18
0.22484224,0.4871973450114941,1.8196171134374803,-4.926069981613892,-5.1486253651566205,15,18
0.229554176,0.4611410470467021,1.7900761854619855,-5.206959610189865,-5.337980178517419,15,19
0.234605568,0.4318454173863532,1.766640627192452,-5.85323385744164,-4.45305737296983,15,19
0.239778816,0.4095981479352515,1.7473155598108203,-4.472100058615557,-4.748354279741253,15,20
0.2448128,0.3809910232260756,1.7232225121203433,-5.70078194399916,-5.2905636706287,15,20
0.249792512,0.3539118968681874,1.6929721721817093,-5.421484524730552,-5.9320876922723125,15,21
0.254796032,0.3250565420448006,1.6641115767808092,-5.765135029467175,-5.258418664125743,15,21
0.259874048,0.2961708546926396,1.6402025551414272,-5.777028758258201,-4.736207318127371,15,22
0.26476416,0.2703522008751982,1.616852605636498,-5.411581705923985,-4.81820255748598,15,22
0.27008768,0.2415457580411991,1.5935110748618384,-5.738811687160905,-4.422929813378925,15,23
0.274587136,0.211083690003962,1.571160299990927,-6.087872464032816,-4.458511136459927,15,23
0.279900416,0.1881504056642688,1.5477655304453224,-4.610565794388682,-4.851454496465992,15,24
0.28486016,0.1647554966675533,1.5251135836198164,-4.67715687662423,-4.953219244129649,15,24
0.289525248,0.1367424648512542,1.494324204713237,-5.594802965243311,-5.064170132698372,15,25
0.294622976,0.1094391194136034,1.4389952002720456,-5.462267000421139,-10.996877132859352,15,25
0.29988992,0.0777498006044012,1.4102820144184458,-6.323823556946983,-8.09416431477403,15,26
0.304546304,0.0494480697259544,1.378523828749586,-5.665055606722496,-5.45607497776032,15,26
0.309647872,0.0236377422946432,1.3506515704477895,-5.168081147366808,-5.382025768986605,15,27
0.314831616,-0.0006375649864327,1.3251547898304528,-4.860354629147049,-5.559449104771902,15,27
0.319958528,-0.0306830235750098,1.3002276367146164,-5.98604215180111,-5.394647198119396,15,28
0.324852736,-0.0568959345379667,1.2744588113965214,-5.259365610809762,-5.2202570758584885,15,28
0.329553664,-0.080470769634167,1.249327469239107,-4.718471991605108,-4.186942412472526,15,29
0.334563584,-0.1110456338593008,1.2188371531576498,-6.100511888295738,-6.255812597668189,15,29
0.339855872,-0.1340743491514276,1.1960748790848357,-4.632182649119372,-5.050997347409062,15,30
0.344982784,-0.158495940382039,1.170039188622393,-4.87977474446181,-5.504550594075845,15,30
0.349756416,-0.1855692284385832,1.145373735112757,-5.405274093507563,-5.414979196171769,15,31
0.354846464,-0.2098694555419476,1.1135956694452585,-4.972879301800359,-5.247456619151013,15,31
0.35983744,-0.2349596427053813,1.0851074836097063,-5.014960914805735,-5.64563882468993,15,32
0.364807936,-0.2563317239208184,1.057323939601529,-4.282947710999102,-6.03516551592622,15,32
0.370018816,-0.2793145572246739,1.0333992475598193,-4.59084568931007,-5.44445465441025,15,33
0.375139584,-0.2973166771951104,1.0067870888259658,-3.617425227787948,-5.091767547458503,15,34
0.37963392,-0.3161348038581509,0.9759955780679976,-3.762504935741597,-5.1787818394233,15,34
0.384844288,-0.3340129390006017,0.9518597253386344,-3.577676381856649,-4.93306781436467,15,34
0.389799936,-0.3513812254266407,0.9294266982338996,-3.475008678773381,-4.722622502023792,15,35
0.394883584,-0.3692527889848118,0.9085087862733,-3.572690866845389,-4.67677776779067,15,35
0.40009216,-0.3864730269062477,0.8845004437732179,-3.446127985583877,-5.0544298995960615,15,36
0.404809728,-0.4050911884387439,0.8608842407674872,-3.7217759768576943,-3.7051151374615534,15,36
0.41002752,-0.4230001892610716,0.8320323802371421,-3.5833579225421497,-5.674378279118726,15,37
0.415254528,-0.4361322724809403,0.8128543921307652,-2.641732947367258,-4.961421468201236,15,38
0.420145664,-0.4485024138037308,0.7854607026149883,-2.476848058939638,-5.656051085601655,15,38
0.425114624,-0.4614211683942109,0.7596811830578422,-2.581544842221429,-4.825895710036026,15,39
0.429820928,-0.4796927533329218,0.735384622425493,-3.638489750223444,-4.59000188243565,15,39
0.434777856,-0.4889064491867912,0.712336906619889,-1.8651355652625816,-4.334458026263995,15,39
0.439984896,-0.5038395359429846,0.692057476186751,-2.9675909542249257,-4.623472281934978,15,40
0.445132544,-0.5114204441632356,0.6690762815213659,-1.5408290866427223,-4.951286575063407,15,41
0.449981184,-0.5229913834341964,0.6437497791847271,-2.2980898673342365,-5.015323755472072,15,41
0.454626048,-0.5276449728486874,0.6160075503999417,-0.9410774792185924,-4.706064550907925,15,41
0.459716352,-0.5374231205083174,0.5942431372192752,-1.937883027106538,-4.185318887226995,15,42
0.464839936,-0.5462534303692325,0.5742381046678682,-1.7692277504307166,-4.6229333464743565,15,42
0.470132224,-0.5514631721908388,0.5543653627098925,-1.0537163049375544,-4.333001842962783,15,43
0.47499392,-0.5585441312532389,0.5338917011887138,-1.408894202931657,-3.917016944405676,15,43
0.479975424,-0.5593109050303597,0.5128599234958877,-0.1743044479729614,-3.9145387984794335,15,44
0.484694784,-0.5642657653583778,0.4911762349767079,-0.9814625191532372,-4.225979810848059,15,44
0.489834752,-0.5681236429010114,0.4707493182853168,-0.7805758499125884,-4.074427281621934,15,45
0.495104,-0.5688576356955294,0.4513067747198857,-0.1581451399869182,-4.032075279756621,15,46
0.500068352,-0.5678812089825345,0.432739157048497,0.1894534633048852,-4.1211387613636274,15,46
0.50453632,-0.5670287676417876,0.4087254373548432,0.170667977930586,-4.129057147047855,15,46
0.510002944,-0.5678545814535594,0.3881724214699493,-0.1599024086514732,-3.846918166129036,15,47
0.515187968,-0.5669691338761595,0.3719269256081343,0.1707808731975596,-3.839838224087149,15,48
0.520043008,-0.5611414075168831,0.352742068064786,1.1493333632538156,-3.893328087051722,15,48
0.52455296,-0.557169950974575,0.3297988085219992,0.7968688692586551,-4.052611116114076,15,48
0.52977536,-0.5543699141259664,0.3082777499227273,0.561476882347723,-3.9929357085445214,15,49
0.535156224,-0.5454314637925711,0.2880620414820437,1.7696818920373294,-4.363213005165651,15,50
0.540044544,-0.5384179554626828,0.270347114317199,1.4091701965521326,-4.235803503196176,15,50
0.545142272,-0.533115883253579,0.2475041085621361,1.0658475723629404,-4.230768759390082,15,51
0.549865216,-0.521623749179225,0.2261864009281649,2.279402189459553,-4.032701739909114,15,51
0.55496832,-0.5125123293652741,0.2065233521731076,1.8283126016247464,-4.411530442360734,15,51
0.5600832,-0.5003691121954342,0.1831642614821748,2.417302846962268,-4.65562043929985,15,52
0.564969984,-0.4868718065436781,0.1579799897162091,2.6933225770410254,-4.571800083445414,15,52
0.570107136,-0.4781970373145897,0.1333368413215511,1.7899428057956464,-5.109674531214407,15,53
0.574665728,-0.4600150427388572,0.1081924732542971,3.6227684845420023,-5.064232673356543,15,53
0.579705088,-0.4420566307590277,0.089752777931134,3.592190794996492,-3.219943200158668,15,54
0.58517376,-0.4238304157647527,0.0780578349962427,3.628902058104404,-2.4358075857496235,15,55
0.589978624,-0.4034936449088772,0.0568854672047382,4.04983016189999,-4.351958792211368,15,55
0.594951168,-0.3828162812395876,0.0287168979247407,4.134162085767504,-5.444442441068474,15,55
0.59989888,-0.3680381227992674,-0.0003313213008234,2.970869714277826,-5.609817341139208,15,56
0.604763648,-0.3460211939151476,-0.0266853031464306,4.376640058102369,-5.781970382049414,15,56
0.609955584,-0.3206605427247999,-0.0570825534628479,5.061366404043368,-5.988630799559824,15,57
0.614908672,-0.3040682454785365,-0.0909771651378769,3.368610385915807,-5.867634900510409,15,57
0.619777792,-0.2808938828282399,-0.1270613226306628,4.617560565027851,-7.396017077842761,15,58
0.624812032,-0.2618059466139553,-0.1620946688341275,3.829490261096409,-8.022806021794919,15,58
0.629972736,-0.2405615370076056,-0.1921136314784981,4.242109896253486,-6.33672199406448,15,59
0.63501824,-0.2245570909679882,-0.2202457102191775,3.221030682284792,-5.515327089409643,15,60
0.640173312,-0.2057535290015484,-0.2516976585222242,3.7571367774892495,-5.209185384767127,15,60
0.644762624,-0.1919518978265895,-0.2746616152291781,2.771716357871573,-4.921985518249147,15,60
0.649749248,-0.1788191509039274,-0.3007806941842811,2.628106604421371,-5.2323047895895405,15,61
0.654977536,-0.1701013131483391,-0.3236332582578077,1.7567888076585656,-4.842616888447591,15,61
0.659931648,-0.1620345052686224,-0.3476539572361177,1.6155462399563367,-4.461588674635959,15,62
0.664796928,-0.1565960302287527,-0.3696079033177913,1.0938138780772908,-4.26465761317649,15,62
0.669968896,-0.1530170698266949,-0.3854353091711649,0.7220679194430355,-3.8601810905913143,15,63
0.67488512,-0.1504335614833968,-0.4008412425439516,0.5208463709289961,-3.5181198318043454,15,63
0.680011776,-0.1556737000212312,-0.4174086815778997,-1.0212266134280872,-3.085949905701402,15,64
0.684984064,-0.161878271320985,-0.4302146129667724,-1.237556947282447,-2.5670935533255665,15,64
0.68964352,-0.1674189951431925,-0.4427497473438733,-1.10927960943837,-2.224128864337437,15,65
0.694696704,-0.176679183453131,-0.4524586413879549,-1.8425875934197775,-1.8234920436265176,15,65
0.69983488,-0.1847657810886696,-0.4590630334833823,-1.622462637796502,-1.578615622045834,15,66
0.705032448,-0.199073395075862,-0.4674994538956195,-2.8426422519030825,-1.6831759058998603,15,67
0.710024704,-0.2097731829765405,-0.4729862441779432,-2.151462080421835,-1.1484242935534,15,67
0.717144576,-0.2276796968626564,-0.4850900225469217,-3.5636496376424422,-1.8445376027668527,15,68
0.720056064,-0.2425783087214341,-0.4965684328289406,-2.986515626020549,-3.64146685688073,15,68
0.72487552,-0.2624534949550246,-0.5021866535292416,-3.964296438714901,-1.4530318261752186,15,68
0.730256384,-0.2882896668682171,-0.5040573411500571,-5.148850376853053,-0.4354027381295989,15,69
0.735056128,-0.308287680480259,-0.5044386499216604,-4.019905027663873,-0.1159269568968837,15,70
0.739597312,-0.3329997905338036,-0.5049508335612609,-4.935808942023856,-0.1039659338848681,15,70
0.74498944,-0.3584661242517765,-0.5148448699861922,-5.091585625491021,-1.9773629003967443,15,70
0.74988288,-0.3803030143387794,-0.5155579083602241,-4.3806645252067415,-0.3997607523814221,15,71
0.75505408,-0.4111562819533221,-0.5115361496605264,-6.1434504783633646,0.7640887145736978,15,72
0.760338944,-0.4452078563937218,-0.5072000652831166,-6.799038558773608,0.883624971647206,15,72
0.764842752,-0.4785808666320876,-0.4986931727244973,-6.675548572181168,1.5884608709787718,15,72
0.769895936,-0.5166031932197934,-0.4912793543528542,-7.594756278607349,1.4257326695076238,15,73
0.77517056,-0.5546387421908674,-0.484290233284341,-7.607069826991287,1.6175452476277412,15,74
0.780180992,-0.5972340053289362,-0.4752811027475004,-8.504056172256304,1.9525295060778856,15,74
0.785174784,-0.6376857223736518,-0.4630898840739172,-8.097052301282504,2.3188923730848643,15,75
0.790053632,-0.6865548399989175,-0.4501764814690425,-9.745058153815028,2.619632242850129,15,75
0.797591552,-0.7328132259093971,-0.4240532186953578,-9.25745811970176,3.145424736523355,15,76
0.80014464,-0.7811998734902288,-0.4184356490271249,-9.662879672259876,2.801644435180513,15,76
0.8047296,-0.831852996247661,-0.4037114912827826,-10.127371728032616,2.838592918519651,15,76
0.810048,-0.8813982307581412,-0.3887096893969978,-9.911288279152531,2.811888286896494,15,77
0.815229184,-0.934317504007343,-0.3754975978946522,-10.573111837818502,2.9582820780833736,15,78
0.820172032,-0.9903601310404708,-0.362800712512846,-11.198233970470875,2.7452930269625955,15,78
0.824756736,-1.0395380481588123,-0.3486463956581621,-9.845270584871152,2.3752257104225465,15,78
0.829827584,-1.0869404872256023,-0.3405716367103449,-9.532804576946033,1.515118929709422,15,79
0.834962688,-1.12240336627996,-0.3402306262521456,-7.140614981745035,0.3630109007499051,15,79
0.840271616,-1.1523514004424595,-0.3480185761121095,-6.007115966101086,-1.537610936073288,15,80
0.845095424,-1.16138078893709,-0.3589205926832832,-1.8900217166437756,-2.330222973776064,15,81
0.850499584,-1.1466732600061502,-0.3989570844794967,2.895467528533615,-7.04970082651819,15,81
0.0,0.992556027627958,2.3004537986286904,-0.2256935930726511,0.2389773751754613,16,-4
0.005171712,0.99360662154509,2.3004540490790992,0.206014238854819,-0.0787882337101695,16,-3
0.010064384,0.993439321608966,2.300118088453277,-0.031734381954166,-0.062420527876519,16,-3
0.015428096,0.9942016601384422,2.3000550603712004,0.1491604141944983,-0.0212476376320089,16,-2
0.020479232,0.9937445886902933,2.299488762322583,-0.0298245020911409,-0.1109576648873354,16,-2
0.02503808,0.993905453106219,2.2991911316586697,0.0307741513643859,-0.0291574758708458,16,-1
0.03005824,0.9946870431900708,2.29984321401785,0.1549441582434539,0.1288379262684894,16,-1
0.035395328,0.9945621412778916,2.300813724043167,-0.0221174574734168,0.1956440144583565,16,0
0.040366592,0.9957802288676418,2.303615918973592,0.239025627994931,0.5617997017754781,16,0
0.04514304,0.9961518213036626,2.309122166237909,0.075465437442264,0.9763495145972684,16,1
0.050194432,0.9945989970943512,2.311260231984722,-0.3064286083057261,0.4462932905736033,16,1
0.05547008,0.992987413215428,2.312672364228949,-0.3221251897302536,0.305673396015402,16,2
0.060355072,0.9914438087689792,2.3080065224861634,-0.3090320290578381,-0.8927543386996304,16,2
0.065329152,0.989914810369952,2.300654266555937,-0.3058622975797,-1.452763176558267,16,3
0.070093568,0.9890132231303682,2.304841237612837,-0.1817424526149264,0.9421736101676244,16,3
0.075378688,0.9837980681368644,2.305116686867113,-1.0341732268697477,0.063503144511483,16,4
0.080471552,0.9811328394327886,2.304933496412669,-0.5431291188410118,-0.0897575724880177,16,4
0.085091584,0.9761261249198284,2.298467453422433,-0.9982852379085928,-1.2791454334422006,16,5
0.090050048,0.9744599418137924,2.288251382935802,-0.3390842280565869,-1.9333670562459733,16,5
0.095269632,0.9683610714552824,2.289026999118253,-1.205876741530199,-0.0356045857736118,16,6
0.10038144,0.960594835142326,2.2841387931430712,-1.5482151559858854,-0.9069652941864668,16,6
0.105315584,0.9614147052922638,2.273636219848206,0.1291259473694086,-2.0238215892023907,16,7
0.110003712,0.950275890847033,2.2624479584068227,-2.20922229277458,-1.9452199525120175,16,7
0.115077632,0.9456176613145764,2.257215957366092,-0.9393059401812058,-1.1556123592934844,16,8
0.120239616,0.9301098304371912,2.2471619035995096,-3.0682073815579938,-2.0899696167027364,16,8
0.125178112,0.926304161803093,2.2331275067500957,-0.7751086534457832,-2.4666515263949016,16,9
0.13009408,0.9060561803353412,2.220971157748965,-4.029223165403694,-2.297793046332802,16,9
0.135346688,0.8878903569391279,2.211819904188976,-3.639556784921588,-2.097433947888884,16,10
0.140438272,0.8744387257629779,2.194941896042104,-2.707170240151389,-3.654849214121386,16,10
0.14555136,0.8611732494869532,2.1799259755125915,-2.653690995705943,-3.12021671436195,16,11
0.15037696,0.8399165342799453,2.158515235552968,-4.224879457614849,-3.976102010367925,16,11
0.15512064,0.8278403123261359,2.142554162827233,-2.436758837357207,-2.999173869701416,16,12
0.159948288,0.803832325609257,2.1215810710102763,-4.763554765689468,-4.36803299107807,16,12
0.165205504,0.7845912271217017,2.1043815272831536,-3.8633821161773554,-4.259400778367901,16,13
0.169923328,0.7640337240750223,2.083486417214534,-4.109652010503531,-3.588208710536538,16,13
0.175170304,0.7386957165731001,2.0594416362646517,-5.060426783630657,-4.30491761485136,16,14
0.180072704,0.7174939324153338,2.0426557549164697,-4.255197026977156,-4.294251816320545,16,14
0.185171968,0.6893138792095418,2.01801457675511,-5.626520251912122,-4.285563176967342,16,15
0.189923584,0.667209156857343,1.993846834802296,-4.42939152454746,-4.587602997123256,16,15
0.194989312,0.6435308012429206,1.9787957727970316,-4.731173675233729,-3.693521755035089,16,15
0.200238592,0.6180158994690396,1.955679980934094,-5.095994850269051,-4.976593007308663,16,16
0.205350656,0.592944969008454,1.933774960106966,-5.015741306292975,-4.538416907711777,16,17
0.210258688,0.5687032340563201,1.9102603211379412,-4.851797837884309,-4.474142596437707,16,17
0.214914048,0.5431116661158467,1.878463663042237,-5.116459339071152,-5.632567357493325,16,17
0.219886336,0.5219446074754909,1.8525157877562368,-4.2404167083551005,-4.559284977106201,16,18
0.225275136,0.4961784264359512,1.8329866436717164,-5.137785337945961,-4.729770445691297,16,19
0.230396928,0.467735687122031,1.8073901686065532,-5.679521994585051,-5.292675420692242,16,19
0.235261952,0.4427414850697339,1.781905238039036,-5.010999761923932,-5.179533996475421,16,20
0.240119296,0.4164895320513469,1.7570870783688413,-5.245728096805055,-5.209456777388701,16,20
0.24482944,0.3869555278909106,1.7269396291569865,-5.902034555056071,-5.146077572387139,16,20
0.250212608,0.3627764239441299,1.7007702295434537,-4.8491827331784805,-5.166373654195783,16,21
0.255023104,0.3358557498630805,1.677514572151706,-5.380051689148239,-4.964789412205262,16,22
0.260176896,0.3071137241884165,1.6506459310614396,-5.744547370385528,-4.779304804047878,16,22
0.26495104,0.2786303101472658,1.6266745009917838,-5.697314683624682,-4.85494621499746,16,22
0.270330112,0.2516283041147416,1.6065015158792628,-5.40523897225785,-4.895255828542627,16,23
0.275363072,0.2232744513318601,1.581725628297049,-5.668631932100916,-4.335507357359518,16,24
0.280306688,0.1966703290367788,1.5586170063796745,-5.326131579044025,-4.663255463287011,16,24
0.285255936,0.1756896908299002,1.534324347761432,-4.213804605110738,-4.7948687120013895,16,25
0.290107904,0.1501523207721813,1.5102893446306742,-5.099241433674147,-4.620214097218651,16,25
0.295017216,0.121304928312768,1.4782587823377016,-5.76384955446507,-8.040247042835452,16,26
0.300469504,0.0917329761915557,1.4372922917672386,-5.91337595901405,-10.459085082663226,16,26
0.30505088,0.0655849468175931,1.3980209648334547,-5.2384046972935145,-5.557966860607554,16,27
0.3100608,0.0389226160112288,1.3676998768700066,-5.3311897314079415,-5.529130797353274,16,27
0.315091712,0.0096472498217651,1.3405340527710752,-5.848322375996716,-5.499187819259118,16,28
0.320128256,-0.0130330974377575,1.3139522768711285,-4.552038670597447,-5.251930148201426,16,28
0.325261056,-0.0376707715047988,1.2869021562631155,-4.92273371265396,-5.34229313496941,16,29
0.329947136,-0.0637770946137582,1.2594411754126291,-5.21884496825475,-5.371158051986232,16,29
0.334939904,-0.0933791397007794,1.233184829351663,-5.9152097181241166,-5.277593862662414,16,29
0.33999744,-0.11418714919098,1.2075261976499232,-4.176629117614058,-5.145892203724471,16,30
0.345163008,-0.1373856613793035,1.1799603262491047,-4.634292563982816,-5.439467368093634,16,31
0.350527232,-0.1619105357554182,1.160343145903282,-4.900767600701615,-4.720965603461971,16,31
0.355416832,-0.1871239020809351,1.1333405462449595,-5.039834641649351,-5.504932296803824,16,32
0.360168192,-0.2085891199867029,1.10211772973165,-4.29849230494661,-5.315848302925155,16,32
0.36511232,-0.2324357978959894,1.072180894072992,-4.766374180816669,-5.840839059427418,16,33
0.370155008,-0.2536632093263786,1.0447828435789546,-4.249755064872124,-5.474123193637362,16,33
0.376097536,-0.2750198600774873,1.0135113391960378,-4.271177441722552,-5.147281856860212,16,34
0.380173312,-0.2888947405602202,0.997203450538744,-2.7970197642536414,-4.983417721582852,16,34
0.388164352,-0.3055325925779615,0.957467769587488,-3.321292325574998,-4.80178074213394,16,35
0.390368256,-0.3241380548473617,0.9464000600514072,-3.702641137049597,-4.66398961658601,16,35
0.395181056,-0.3423647836564657,0.9242358081466564,-3.646441540156425,-4.464564082897176,16,36
0.400192,-0.3563170452928767,0.9026535080625968,-2.796913143429297,-4.54023659460558,16,36
0.405420544,-0.3681402040731787,0.8835714841622828,-2.371125256102341,-4.428485657161128,16,37
0.410102016,-0.3866746277470029,0.8607964802094462,-3.696804310384485,-3.975258908650684,16,37
0.415115008,-0.3982876142131676,0.8377190127119545,-2.333403761856576,-4.398375922933125,16,38
0.420199168,-0.4124841259702405,0.815411055100895,-2.8323443187428143,-4.595975156775043,16,38
0.42542208,-0.4266684506060615,0.7971301472112702,-2.8369028275559534,-4.364468044039974,16,39
0.430506752,-0.4344176288721263,0.7709071442115731,-1.5706328541663244,-5.685568186225515,16,39
0.43506304,-0.4444352415591153,0.7399389517683898,-2.000198352003052,-4.7328201695735,16,40
0.440221184,-0.4569710222854289,0.7179889032933054,-2.502544800672016,-4.03869013527992,16,40
0.445536768,-0.4676649426438717,0.7005991057784611,-2.146031483387594,-4.306968394807083,16,41
0.452355328,-0.4761480639777073,0.6664225090430387,-1.729336940825486,-4.465605959744647,16,41
0.455070208,-0.4876127581394548,0.6553414905624668,-2.2824747577745046,-3.849103407086291,16,42
0.460098048,-0.4899909279184614,0.6327897829485131,-0.4889638204214821,-4.35129408245048,16,42
0.465190656,-0.498235641140301,0.6099362514556972,-1.6386370320160175,-5.355923898510516,16,43
0.470459392,-0.4987282839672806,0.5878924938873584,-0.1232024005647418,-4.649308303878721,16,43
0.475380224,-0.5019129812083066,0.5663542849253295,-0.6261589418889738,-4.1228700122771205,16,44
0.480050432,-0.5089929864382335,0.5430803248838211,-1.4057966910238535,-4.128070835987809,16,44
0.485059584,-0.5062548276654197,0.5232341270045745,0.5328115039245425,-4.011780528243281,16,45
0.490421248,-0.5092711243494035,0.5038998178201154,-0.2263652066002087,-3.9818614559405385,16,45
0.495058688,-0.5073992108040252,0.4816329999783643,0.3577798783680067,-4.119433667591783,16,46
0.500056832,-0.5078856670477958,0.460291760229531,-0.0941973537760497,-4.13866587410446,16,46
0.506173184,-0.5032455505335839,0.4354519093041854,0.9221888769420864,-3.859433192301697,16,47
0.510252288,-0.499941042322882,0.4214368961077082,0.6657819409376808,-4.036273415474818,16,47
0.515043328,-0.499318099393324,0.4028362950670025,0.1313442445851617,-3.899532139771713,16,48
0.519986176,-0.4908060983889992,0.3810408144556171,1.691392403894912,-4.398609769414065,16,48
0.525270528,-0.4805036444717656,0.3591524254841496,2.0546339611214126,-4.568228797856682,16,49
0.529894912,-0.4723710039901322,0.3341640723818071,1.6296880778045997,-4.451164745426135,16,49
0.5350016,-0.4672488275081397,0.3102156827745688,1.0283591014912925,-4.738959107877943,16,50
0.540286208,-0.4527941714874154,0.2905985691111311,2.167002606323924,-4.361676829605299,16,50
0.544942592,-0.4362514219439124,0.267330215296982,3.2988086146139053,-4.368185774593451,16,50
0.550144256,-0.427811184616838,0.2511186585926658,1.7084107124285997,-3.26976608825077,16,51
0.55524096,-0.4052512001162299,0.2330739855952297,4.465915835164434,-4.083572453637752,16,52
0.560220416,-0.3873888912545409,0.208730000867602,3.588113444989449,-4.878124889086049,16,52
0.565307136,-0.3704348820681321,0.1826834205782562,3.393772975065139,-5.035454998201801,16,53
0.57013376,-0.3511575150382091,0.1544323856880385,3.8499475015573,-5.412741279244703,16,53
0.575265024,-0.3265607237227983,0.1287198079577403,4.898416269258282,-5.6663078657086325,16,54
0.580374528,-0.3034162914166337,0.0999943903728883,4.633561828497731,-5.72294197692484,16,54
0.584948736,-0.2780321134535262,0.0673659241027163,5.073340343264299,-5.753424040211012,16,54
0.59002752,-0.2483532257097591,0.0348166521190008,5.930491218800923,-6.002842221478554,16,55
0.595503872,-0.220647876094662,0.0060833509556064,5.659348349867569,-6.490727614587012,16,56
0.600130304,-0.1938813946608644,-0.0275861982522534,5.356647184800941,-6.259036841838695,16,56
0.605092352,-0.1649129960138691,-0.0495845141370275,5.78871836441434,-4.714039626509416,16,57
0.610188288,-0.1340659229577146,-0.0771140277660472,6.162244384038992,-6.066661249456606,16,57
0.615427072,-0.1071225329142358,-0.1115183284530212,5.401488880651543,-6.691372111038592,16,58
0.620178432,-0.0747716742623152,-0.1489874828102259,6.457620092201934,-7.031995583540766,16,58
0.624967424,-0.0446434401740759,-0.1962983538370947,6.028299057236854,-8.801886687779417,16,58
0.63006976,-0.0130095770980098,-0.2447693493330656,6.324825388390522,-9.746905799818324,16,59
0.63518848,0.0180953272944736,-0.279081507813107,6.222139605076283,-7.176814195131632,16,60
0.640170496,0.0461329446967294,-0.3128191397359475,5.615018878609947,-6.727949572481742,16,60
0.645429504,0.0737743480206748,-0.3428967151116836,5.529755216941322,-6.858531752336971,16,61
0.650431488,0.0985911111529827,-0.3724355582482921,4.973348019723953,-6.657304674612739,16,61
0.655206912,0.1287472536662229,-0.4088078665287918,6.018549313659909,-6.583690249702314,16,62
0.6601728,0.1534294721845857,-0.4421711994338758,5.24876724692741,-6.333270195303037,16,62
0.665239296,0.177513275129629,-0.4687781917918345,4.820431381023907,-6.320943584951725,16,63
0.670112256,0.1949558138165169,-0.5049168146971525,3.498684295538524,-6.341473401104133,16,63
0.675149568,0.2120691698120949,-0.5431796278792159,3.423069863274621,-6.777551090647312,16,64
0.680509952,0.22788041610918,-0.5714400632643368,3.166179180357645,-6.414230518374738,16,64
0.68558336,0.2424301268984508,-0.597942858271896,2.9168636455024024,-5.960739623051286,16,65
0.690114816,0.2563758728237695,-0.6329176182113527,2.7900092948039856,-5.966028186601839,16,65
0.695142912,0.2682559646470394,-0.6653340215024959,2.378459190525807,-6.051387923609014,16,66
0.70034816,0.2792687841695511,-0.6912795603553348,2.2052499779539336,-5.982731442410971,16,66
0.705413888,0.291469083598745,-0.7190313848552643,2.4361016194831784,-5.918994132049744,16,67
0.710362368,0.302151375964618,-0.7494720881062926,2.142349995220516,-6.369281935620654,16,67
0.715296,0.3094515220232383,-0.7791863256447319,1.470981963341233,-6.070332661372093,16,68
0.720434432,0.3177622200565736,-0.8084492449972023,1.6590378077910568,-5.601825066974871,16,68
0.725421568,0.3300879649978556,-0.8384415137865461,2.451764125756828,-5.57206021730252,16,69
0.730232064,0.3382973850228233,-0.8699504278820307,1.6477271589773537,-5.661656885511033,16,69
0.735351296,0.3462938538510444,-0.8928028718677045,1.6001200053551596,-5.467528010855725,16,70
0.740408832,0.3542190019185911,-0.9195339095757068,1.585289974243939,-5.857740741731796,16,70
0.745101056,0.3619957586717332,-0.9544762803623964,1.555580792165961,-5.704987261291951,16,71
0.750253312,0.3676574589392859,-0.98626329493362,1.1367800176153506,-6.267939523906801,16,71
0.755574528,0.3680473447678815,-1.007211466694616,0.1017703326962204,-5.314749524836333,16,72
0.760550144,0.3675711834776626,-1.0278338792142212,-0.0921546144284388,-4.506469081957321,16,72
0.765166592,0.360432357056959,-1.046457812973017,-1.4185640512091624,-2.573180260358822,16,73
0.770185216,0.3483662228791107,-1.0481165524122376,-2.402519104063896,-0.3879491350099018,16,73
0.77553792,0.3354053091841504,-1.0425923257921683,-2.586904026590409,1.1001480193661757,16,74
0.78088192,0.3126931628519426,-1.032953138145517,-4.50770649558949,1.956187657016482,16,74
0.785401344,0.2974241241690725,-1.019490697104698,-3.065258014112742,2.325128196515784,16,75
0.79030528,0.2763256493493092,-1.0091701837878366,-4.205287842451302,2.1045900228194485,16,75
0.795538432,0.2501268237345345,-0.9997103359971008,-5.223029635705853,2.035620030050976,16,76
0.800475648,0.237051539817904,-0.9894192529600744,-2.657841314221765,2.154020420178976,16,76
0.805511424,0.2135065756229649,-0.9801445014169328,-4.6715954321385205,1.8504635141750656,16,77
0.81048448,0.1981903824065883,-0.9721310662087572,-3.0964631462246794,1.6467922745697283,16,77
0.815484672,0.1805255978029821,-0.962145848155357,-3.5242847539495687,2.001127484621485,16,78
0.820368896,0.1590766511823409,-0.9518815886811616,-4.2858076891012935,1.6403114545833983,16,78
0.825099008,0.1418836680058741,-0.9432398146596984,-3.445487767813073,1.8065253848140768,16,79
0.83279232,0.1226688649637502,-0.9309066982737508,-3.8384938281950505,1.6636269035767912,16,79
0.835392512,0.0955661418529847,-0.927311353116339,-5.370020892899875,1.6714281819145502,16,80
0.840263424,0.0669801730581903,-0.918302059038968,-5.7122186748602,1.8299500949263665,16,80
0.845323008,0.0432112109315218,-0.9109565159610248,-4.7677568864059605,1.1827455005497574,16,81
0.0,0.993714990414092,2.304954709460024,0.1533299650895436,0.2106779293671756,17,-4
0.005029888,0.9929873116700076,2.304550851602995,-0.1409508512768268,-0.0050844998632002,17,-3
0.01010944,0.9927863912060276,2.304348553376034,-0.0420276275823087,-0.0478342746546311,17,-3
0.015255808,0.9930234878752032,2.304152145782829,0.0457318925635888,-0.0386269403696211,17,-2
0.019945216,0.9934510107814598,2.304604522503125,0.0851886085127974,0.1023811135591096,17,-2
0.025053184,0.9934007029721852,2.305923717770602,-0.0088889711419637,0.2737456392423344,17,-1
0.030018816,0.9954417106496682,2.310107248397119,0.4008210530401382,0.869346395728464,17,-1
0.035075072,0.9940822611855232,2.31309940700552,-0.2607561101960201,0.5342177942515729,17,0
0.04001664,0.995124684064047,2.313106116881642,0.1984969106983669,-0.0133764478424185,17,0
0.044589824,0.9907883704683528,2.3108928429686952,-0.8561052857362099,-0.4390414968779627,17,0
0.049731072,0.9981472267421058,2.3031806650680986,1.4570544725320005,-1.5116528686134152,17,1
0.054802688,0.9952675526921818,2.3018481931285506,-0.5361537208068672,-0.5082229677147279,17,1
0.05946752,0.9923238637752804,2.30214080102664,-0.5886437067554501,0.0599138281565272,17,2
0.06457088,0.990499275356481,2.311871058765849,-0.3675205028461242,1.9378422645947,17,2
0.070053376,0.9892176446604372,2.3136721651410874,-0.257967028737247,0.6677088088821135,17,3
0.074753024,0.9873986411032522,2.312723484232102,-0.3618980403413598,-0.1962616790721095,17,3
0.080044288,0.980822397898698,2.307618012181314,-1.2998804424175257,-0.9978226835401068,17,4
0.084907008,0.9744415691250504,2.302558030493458,-1.2766783442780718,-0.9011256030097194,17,4
0.08972928,0.9704917539013233,2.296335406959765,-0.7933396328269522,-1.1721307227066884,17,5
0.095027456,0.9667273793957047,2.295990244418882,-0.7534536267038385,-0.2622629311786265,17,6
0.100060672,0.9572672385025944,2.2883340673803705,-1.8713194560635469,-1.4820415248213268,17,6
0.105088256,0.9467715571454324,2.2788310436800905,-2.0954541153249022,-1.6954198416177906,17,7
0.1098112,0.9445345233430406,2.2724895033117805,-0.4823332781779494,-1.2176425810112368,17,7
0.114688,0.9203190081099588,2.26248883613968,-4.783610672878504,-1.8929687920635907,17,7
0.119649792,0.9244396805473084,2.2569272775327764,0.7123059573779891,-1.441497767236192,17,8
0.124682752,0.910123523157433,2.248478197724249,-2.798946461908282,-1.6393729601639506,17,8
0.12971136,0.8956309854744251,2.2346056098555644,-2.898056459180638,-2.5058600774558983,17,9
0.13475328,0.8842868575273554,2.220704947792762,-2.383440842042285,-3.2332257154403297,17,9
0.13973888,0.8714077363831141,2.205313702258261,-2.5694730803727595,-3.1547546369705297,17,10
0.144603648,0.8540015264268497,2.189454524584486,-3.4704204557775284,-2.830615269262227,17,10
0.149509888,0.8364607384431682,2.1787011869338238,-3.5078596431901463,-2.131501566703755,17,11
0.1548928,0.8262904401196111,2.158726338085215,-2.0572710611254665,-4.057030890958608,17,11
0.15962752,0.8081191145641942,2.138524880424124,-3.62133062686366,-3.2808757097072845,17,12
0.164670976,0.7893895828269896,2.1206199560707826,-3.7446530298949594,-3.663259711362652,17,12
0.169871616,0.7721371289040903,2.098929492875787,-3.455434857126889,-4.579008676885911,17,13
0.17486848,0.7542151109019395,2.083639522779457,-3.5820640026125,-3.702581895622508,17,13
0.179762176,0.7317594793508774,2.0666304975024965,-4.47569778242817,-3.491648278475903,17,14
0.184789248,0.709026714878666,2.041625984432226,-4.5455662550118845,-4.335002478040597,17,14
0.18958208,0.6890611212450322,2.0225390885511643,-3.9968884696790905,-3.349429619621396,17,15
0.194432768,0.6663371472710062,2.0016879905642218,-4.540635043804119,-4.225480563231024,17,15
0.199753472,0.642704739029191,1.9821824553882383,-4.72256301362808,-4.4233475695563484,17,16
0.204727296,0.6223874258848408,1.9647213700873756,-4.075774418452527,-3.9408537731857063,17,16
0.209403648,0.599782378552912,1.9398893120287577,-4.516556455801645,-4.548540124692207,17,17
0.214504704,0.5730288104169227,1.916479212049116,-5.338054598816919,-4.806155879826084,17,17
0.219906816,0.5495480160182069,1.897031465438174,-4.706444385998119,-4.057700899753991,17,18
0.22477952,0.5318821841710838,1.8747889091453251,-3.5547710791566107,-4.653299753397892,17,18
0.229249792,0.5078358725629483,1.844376156609485,-4.800300245463864,-5.127402494103078,17,19
0.23469312,0.4833004167573413,1.821230054771396,-4.891305055644883,-4.211165015625007,17,19
0.239714304,0.4587317072287759,1.8002882121886292,-4.913596287296206,-4.73799647830304,17,20
0.2447232,0.4359878751845571,1.7776618634152754,-4.554872675790596,-4.716675634211052,17,20
0.24969472,0.4099633368110287,1.7550767488028158,-5.193494173194626,-4.632455106925672,17,21
0.25493504,0.3872996234364707,1.728704031077171,-4.543582986217063,-4.8266805163058,17,21
0.259686912,0.3645240819963761,1.7043729298495665,-4.554848814897093,-4.681095261259101,17,22
0.267185408,0.3361326738700498,1.6687959842230753,-5.665451031945475,-4.757102776802019,17,23
0.269747968,0.3101563061717199,1.6595820443770164,-5.211672855534139,-4.70383345296716,17,23
0.274350848,0.2814683759067091,1.6375661949880904,-5.724329658195472,-4.343067301489626,17,23
0.279560448,0.2555186287169745,1.6138638396439464,-5.19561201579199,-4.343138728633822,17,24
0.284710144,0.2330537099735753,1.59631373039025,-4.504077320204512,-4.291323013080317,17,24
0.2896832,0.2089413755369705,1.5753210858787854,-4.816372871193189,-4.2572707026406205,17,25
0.294696448,0.1865719054968699,1.5525338220030016,-4.480860134386982,-4.236476340583111,17,25
0.299742208,0.1645381152277611,1.5316151184657805,-4.408213244158879,-4.341939967030649,17,26
0.304766976,0.1393592107912026,1.5084767911429224,-5.025342278519921,-4.439560460953289,17,26
0.309548032,0.1160155301541367,1.4583384152483343,-4.674135583239024,-9.80131204539661,17,27
0.31468416,0.0917294150968048,1.42520647504337,-4.853598443343647,-6.966626427304788,17,27
0.319657728,0.0678031990290159,1.402992429449374,-4.786850977978335,-4.91699183394527,17,28
0.324443648,0.0432167943585894,1.3745970267446743,-4.916368942433209,-4.83344004594001,17,28
0.32949504,0.0230755927273224,1.349761854153185,-4.039346056910837,-4.746204233857923,17,29
0.334686464,0.0005126984157457,1.3280739702524635,-4.503445323111587,-4.836692931041513,17,29
0.339713024,-0.0197642406289089,1.306355421619503,-4.062794645130803,-4.5123961060629645,17,30
0.344749056,-0.040689964504042,1.2834647778617343,-4.183086292623511,-4.530016647052774,17,30
0.349603328,-0.0630229203233718,1.2659028215627437,-4.464613157086768,-3.0271687707081334,17,31
0.354500864,-0.0806301355781631,1.2417343349899328,-3.5344447250612774,-5.023452371761986,17,31
0.359646464,-0.1013159121657833,1.2197643439106869,-4.126718999183081,-4.875441282993263,17,32
0.364467456,-0.1173892147181776,1.197107170612708,-3.2218384952935573,-3.910892734253454,17,32
0.36978688,-0.1343098941553441,1.176432198067273,-3.382726782794792,-4.061042906686034,17,33
0.374843904,-0.1547872138399152,1.158119082345734,-4.085082721356397,-4.279290693214025,17,33
0.379983104,-0.1699314584647247,1.137867030464618,-3.0464517575894394,-4.029900627374236,17,34
0.38498304,-0.1870420096972735,1.1150811587944476,-3.4195461623433965,-3.908308524599924,17,34
0.389814016,-0.1998785172447866,1.0985252913754764,-2.576994752037256,-3.5838418608673512,17,35
0.395165952,-0.2125695258279177,1.077465937694648,-2.5386898475369493,-4.613342350140142,17,36
0.400146688,-0.2250197652393875,1.0590854739727702,-2.4908070699546,-4.387389831137484,17,36
0.405122816,-0.2373576076173645,1.0386526252785209,-2.4679745909289093,-3.812907780448865,17,37
0.409649664,-0.2487317315796647,1.01805526592436,-2.2761392049696623,-3.446685457145229,17,37
0.41498368,-0.2600616426720301,0.9994874708007266,-2.26603609521922,-3.355870620030281,17,37
0.420098048,-0.2672938063586943,0.9847254507025566,-1.4622236714588532,-3.4543638690201486,17,38
0.425282048,-0.2749256413355472,0.9692304245540344,-1.525126752334547,-3.416882581873751,17,39
0.431602688,-0.2797860777447668,0.9448972775768224,-0.9811676015667924,-3.0664303119257417,17,39
0.434824448,-0.2855375109409238,0.93507340195309,-1.148576667354381,-3.163573816601476,17,39
0.439762176,-0.2900014515229866,0.9233455043482082,-0.8962599470516339,-2.966713103805529,17,40
0.445002752,-0.2925713434265321,0.9098107466346926,-0.5201554280932845,-2.854891001096725,17,41
0.450404608,-0.2972589020767512,0.8931652417673133,-0.9292722485098708,-3.054809807900549,17,41
0.455240448,-0.2999617628395747,0.879819408923847,-0.5490033602859313,-2.824644335373176,17,42
0.4598528,-0.3034925717529329,0.8654884909881134,-0.7050506935268608,-2.680426868202413,17,42
0.465003776,-0.3030641403729573,0.8509599023609881,0.0725660244699285,-2.7902056801540613,17,43
0.470328576,-0.2963811485622603,0.8392983524190959,0.9455543944663642,-2.257099790306178,17,43
0.475129856,-0.2950393170344456,0.8262314327603664,0.2814316568716835,-2.368355308646991,17,44
0.48026752,-0.2878505144239103,0.8142622723712309,1.4250068671576472,-2.5469186654023046,17,44
0.485042176,-0.2858519743553177,0.8048489676180447,0.4205154252275891,-2.3104975426569463,17,45
0.489972992,-0.2764333059074969,0.7929571593598393,1.8552910845474224,-2.305149531148573,17,45
0.49518976,-0.2664314115045464,0.780607154890183,1.9985258215353436,-2.298918744403221,17,46
0.499885056,-0.2496056366631089,0.7685961383376264,3.3506169405577984,-2.4180286851878403,17,46
0.505049856,-0.2415704352198226,0.7560783536386569,1.6377312166307345,-2.613434602802189,17,47
0.509895168,-0.2286011417920097,0.7463678539801263,2.576732948304115,-2.107886746225576,17,47
0.51510912,-0.2145007291627567,0.7337004265051048,2.816493963803018,-2.4000242399450658,17,48
0.519771392,-0.1980332968279662,0.722138459301218,3.28412214790386,-2.667054777707062,17,48
0.524708352,-0.18024305522938,0.7080114212141904,3.5530690096870954,-2.757789582361163,17,48
0.529741824,-0.1610410248706084,0.6909752406651652,3.8364960589386814,-2.872193012615561,17,49
0.534927104,-0.1361802552590795,0.6774827258694345,4.960052064101861,-2.9719488364187105,17,49
0.53986688,-0.1169329184467054,0.6628240731271926,3.871220604652757,-3.347414174216772,17,50
0.54507136,-0.0905691325819548,0.6403192274421309,5.247532719064864,-4.125541302878375,17,51
0.549592064,-0.0605852462889275,0.6162236180788846,5.990306497599318,-4.157424156708869,17,51
0.554813184,-0.0291095618189804,0.5942519622932528,6.292058464499633,-4.256839495375665,17,51
0.559986176,0.0035814004795844,0.5717867486094977,6.534470084131163,-5.057858595234565,17,52
0.564826112,0.0424852419293168,0.5459099631678199,7.754537877863753,-5.498072652228127,17,52
0.569883392,0.0792156369604915,0.5130969327142141,7.353518460229694,-6.190457609029596,17,53
0.574546176,0.1306358948562301,0.4785030828003832,10.261869584481856,-6.369491350274228,17,53
0.579795968,0.1768832424028414,0.4440921203165084,9.260722064973672,-6.530308113235769,17,54
0.585030912,0.2242790186506236,0.4140220974465873,9.475445775131302,-7.232700582110301,17,55
0.59005568,0.2734301654789208,0.3795618130781688,9.824238339787378,-7.792688870824001,17,55
0.595022336,0.3302913320662024,0.3388443462268272,11.346310602507586,-8.200934034503282,17,56
0.599853056,0.385720250594618,0.2865621774164202,11.087793071099046,-8.651334196944783,17,56
0.605904384,0.444741892420862,0.2284423004139369,11.800497424314289,-8.804448786740371,17,57
0.610168576,0.5088881278310614,0.1998958369786882,12.804796703440312,-8.984755963303561,17,57
0.61521152,0.5763089211543025,0.1553936410758358,13.29733565021398,-8.88651498634581,17,58
0.619902976,0.6428990007108545,0.0945271228679201,13.320008882779662,-10.886004691507429,17,58
0.624851456,0.7046075947381556,0.0498612778380253,12.347380550184251,-8.475150826194586,17,58
0.629950976,0.7687229106973598,0.0165960620716779,12.817989828259918,-7.851691020761282,17,59
0.6352576,0.832097217667626,-0.0159601165503595,12.67713026066045,-7.402513660597591,17,60
0.640100864,0.8638105085946156,-0.0507923413484854,6.440200461281606,-6.930252862921251,17,60
0.659266816,0.9320479282050969,-0.1081663258827762,13.615205265644263,-4.529726996664564,17,62
0.669673216,0.972858990451696,-0.1284703805989348,8.215696405864996,-4.267414069707204,17,63
0.671830784,0.972440329756056,-0.130048898088045,0.2606277947649635,-3.5504905480792743,17,63
0.673476352,0.9776347846492592,-0.1242923148896382,0.983576371711646,-1.1908347358168343,17,63
0.683230976,1.066816238643432,-0.1439230437844336,17.78091086061848,0.9844529797811652,17,64
0.69013248,1.0517709120655363,-0.1358550248298081,-2.849493231866102,1.8490173170610784,17,65
0.6945728,1.0307585936695935,-0.1226044588908023,-4.178646213133828,2.0110875902298258,17,65
0.704739328,0.9743482682959436,-0.1084082762094813,-11.2600124758582,2.5470017295214054,17,66
0.71208192,0.9887284175274966,-0.1118062092488987,2.7702402304065643,-0.5014384728664445,17,67
0.716678656,0.9666204383201538,-0.1039156422372515,-4.291504745224045,0.9319236714759,17,68
0.718083328,0.9710454420520074,-0.1055277369098406,0.5446247376562621,0.0314188765298957,17,68
0.722551296,0.960673705381397,-0.1003707196485052,-2.050143849241024,1.2407352423861566,17,68
0.727563264,0.9537357206040034,-0.0985064804994688,-1.3963866906312488,0.4132220765907781,17,69
0.7333568,0.949430609695098,-0.1007935368648264,-0.8638539838973867,-0.4277129074563391,17,69
0.737636608,0.9460731001182672,-0.0981355080088856,-0.6749438653063928,0.4602517177194366,17,70
0.742618112,0.9375006757837469,-0.1001951002340127,-1.697186613073702,-0.33264320163626,17,70
0.748039424,0.9338373348211688,-0.1034029037548912,-0.7504656132811588,-0.6926615623554196,17,71
0.752395776,0.935457770232054,-0.1037260858736579,0.3159538305550973,0.0057782673400607,17,71
0.757550592,0.9482587774439976,-0.1102586728824289,2.5368648052335128,-1.2887268461633017,17,72
0.76279808,0.964224771342164,-0.1137911968252184,3.179880879761693,-0.8519750768627171,17,72
0.76774144,0.9654037305378456,-0.119592644823581,0.2538570948023064,-1.105205980432833,17,73
0.772618496,0.9682916001487194,-0.1266917804827851,0.5741253681165283,-1.435471634811615,17,73
0.777810176,0.9596740540167426,-0.1316128654445042,-1.6821111037518195,-1.0958809603731183,17,74
0.782795008,0.9640393072436128,-0.1378574850147552,0.8242401208199994,-1.3012386549287285,17,74
0.787939584,0.974718730051194,-0.1479937416071719,2.115110125208787,-1.9971028290807404,17,75
0.79292416,0.9695339432008064,-0.1500707447383092,-0.9862297410046388,-0.5780809753799605,17,75
0.79784064,0.9765580829894,-0.1504616311063811,1.363661423937604,-0.0860153632462052,17,76
0.802715136,0.9639950039707442,-0.1522518109619481,-2.4681276139619017,-0.2875781693923289,17,76
0.80746112,0.9788857918041516,-0.1612356751957918,2.9391821501805744,-1.7837181990332909,17,77
0.812817664,0.9779106371581914,-0.1643517148398509,-0.1476766381080851,-0.9304710390790678,17,77
0.817995008,0.9753510769833508,-0.1670922903057161,-0.5067144396360117,-0.5610380895800312,17,78
0.822791424,0.9741688118158368,-0.1720686134478831,-0.2410739399275869,-0.9862652770768214,17,78
0.827859456,0.9743985704846024,-0.1790495612142757,0.0416551387801724,-1.3093529016667806,17,79
0.832590336,0.9755805366989596,-0.1870339228884527,0.2339832454988649,-1.4659270822767545,17,79
0.837959936,0.9769694691817352,-0.1930067427589612,0.2771905281128973,-1.2949839490272494,17,80
0.842676992,0.9775219203635216,-0.1986706317706396,0.1134820407178275,-1.2414460851908178,17,80
0.847785472,0.975421546460586,-0.2050556095504659,-0.4135064652447244,-1.1213602613159326,17,81
0.8528704,0.9763568314304168,-0.2113327471370055,0.1812026841448606,-1.2380005897879685,17,81
