timestamp (ns),I0,I1,I2,relative_time
1763394250748260946,0.0,-0.1800000071525573,0.0900000035762786,0.001921961
1763394250758228007,0.0450000017881393,0.0,0.0450000017881393,0.011889022
1763394250768272173,0.0450000017881393,0.1800000071525573,-0.0450000017881393,0.021933188
1763394250778245519,0.1800000071525573,-0.0900000035762786,-0.1800000071525573,0.031906534
1763394250788242053,-0.135000005364418,0.0900000035762786,0.1800000071525573,0.041903068
1763394250798230346,7.739999771118164,-4.724999904632568,0.675000011920929,0.051891361
1763394250808236727,8.1899995803833,-5.130000114440918,0.675000011920929,0.061897742
1763394250818158321,8.145000457763672,-5.175000190734863,0.7200000286102295,0.071819336
1763394250828217293,8.324999809265137,-5.21999979019165,0.7649999856948853,0.081878308
1763394250838163332,8.324999809265137,-5.085000038146973,0.9900000095367432,0.091824347
1763394250848231942,8.1899995803833,-5.21999979019165,0.7649999856948853,0.101892957
1763394250858248102,8.234999656677246,-5.400000095367432,0.8999999761581421,0.111909117
1763394250868281861,8.1899995803833,-5.489999771118164,0.8999999761581421,0.121942876
1763394250878249970,8.1899995803833,-5.400000095367432,0.7649999856948853,0.131910985
1763394250889206131,7.829999923706055,-5.400000095367432,0.8999999761581421,0.142867146
1763394250898146656,7.199999809265137,-5.085000038146973,1.034999966621399,0.151807671
1763394250908204232,6.389999866485596,-4.545000076293945,1.034999966621399,0.161865247
1763394250918365103,5.534999847412109,-4.320000171661377,0.9449999928474426,0.172026118
1763394250928265116,4.724999904632568,-3.9600000381469727,0.8100000023841858,0.181926131
1763394250938207522,3.9600000381469727,-3.375,0.7649999856948853,0.191868537
1763394250948230596,3.240000009536743,-3.3299999237060547,0.7649999856948853,0.201891611
1763394250958640315,2.700000047683716,-2.8350000381469727,0.7649999856948853,0.21230133
1763394250968208718,2.2950000762939453,-2.4749999046325684,0.8999999761581421,0.221869733
1763394250978173055,1.8899999856948853,-2.2950000762939453,0.8550000190734863,0.23183407
1763394250988188306,1.4850000143051147,-2.25,0.9900000095367432,0.241849321
1763394250998171850,1.6200000047683716,-2.5199999809265137,0.9900000095367432,0.251832865
1763394251008290467,0.8100000023841858,-1.5299999713897705,0.4950000047683716,0.261951482
1763394251018101850,0.9900000095367432,-1.7549999952316284,0.8550000190734863,0.271762865
1763394251028247078,0.5849999785423279,-1.8450000286102293,1.034999966621399,0.281908093
1763394251038216722,0.675000011920929,-1.5299999713897705,0.8999999761581421,0.291877737
1763394251048208507,0.5400000214576721,-1.2599999904632568,0.5849999785423279,0.301869522
1763394251058174590,0.0450000017881393,-1.4850000143051147,1.034999966621399,0.311835605
1763394251068358440,0.2249999940395355,-0.9449999928474426,0.675000011920929,0.322019455
1763394251078242249,0.1800000071525573,-0.8550000190734863,0.5849999785423279,0.331903264
1763394251088317634,0.0900000035762786,-0.5849999785423279,0.1800000071525573,0.341978649
1763394251098180072,0.0450000017881393,-0.0450000017881393,0.2249999940395355,0.351841087
1763394251108179120,-0.0450000017881393,-0.0450000017881393,-0.1800000071525573,0.361840135
1763394251118246963,0.0450000017881393,0.4050000011920929,-0.5849999785423279,0.371907978
1763394251128242100,0.135000005364418,0.9900000095367432,-1.034999966621399,0.381903115
1763394251138178360,0.270000010728836,1.5299999713897705,-1.8450000286102293,0.391839375
1763394251148191307,0.6299999952316284,1.9800000190734863,-2.565000057220459,0.401852322
1763394251158247206,1.3049999475479126,2.3399999141693115,-3.375,0.411908221
1763394251168304992,1.9800000190734863,2.3399999141693115,-4.050000190734863,0.421966007
1763394251178226376,2.2049999237060547,2.6549999713897705,-4.454999923706055,0.431887391
1763394251188234922,2.6549999713897705,2.6549999713897705,-4.994999885559082,0.441895937
1763394251198235228,2.924999952316284,2.565000057220459,-4.949999809265137,0.451896243
1763394251208251946,3.2850000858306885,2.430000066757202,-5.175000190734863,0.461912961
1763394251218214118,3.4200000762939453,2.384999990463257,-4.994999885559082,0.471875133
1763394251228180270,3.6449999809265137,2.25,-5.085000038146973,0.481841285
1763394251238215008,3.825000047683716,2.3399999141693115,-5.264999866485596,0.491876023
1763394251248216710,3.9149999618530273,2.2049999237060547,-5.039999961853027,0.501877725
1763394251258193619,3.869999885559082,2.069999933242798,-4.90500020980835,0.511854634
1763394251268227029,3.825000047683716,2.025000095367432,-4.949999809265137,0.521888044
1763394251278276084,3.690000057220459,2.069999933242798,-4.769999980926514,0.531937099
1763394251288389882,3.4200000762939453,1.9800000190734863,-4.590000152587891,0.542050897
1763394251298234161,2.924999952316284,1.8450000286102293,-4.139999866485596,0.551895176
1763394251308200174,2.430000066757202,1.7549999952316284,-3.4649999141693115,0.561861189
1763394251318181622,1.6649999618530271,1.034999966621399,-2.4749999046325684,0.571842637
1763394251328202810,0.8550000190734863,0.8100000023841858,-1.350000023841858,0.581863825
1763394251338174760,0.0,0.0,-0.135000005364418,0.591835775
1763394251348316635,-0.9449999928474426,-1.0800000429153442,2.069999933242798,0.60197765
1763394251358314775,-1.6200000047683716,-2.880000114440918,4.275000095367432,0.61197579
1763394251368369976,-1.8899999856948853,-4.860000133514404,6.525000095367432,0.622030991
1763394251378364624,-1.6649999618530271,-6.840000152587891,8.145000457763672,0.632025639
1763394251388215119,-0.9449999928474426,-8.145000457763672,8.460000038146973,0.641876134
1763394251398263685,0.0,-7.605000019073486,7.019999980926514,0.6519247
1763394251408167679,0.2249999940395355,-4.5,3.825000047683716,0.661828694
1763394251418250607,-0.5849999785423279,4.230000019073486,-3.3299999237060547,0.671911622
1763394251428190010,-0.135000005364418,0.2249999940395355,-0.1800000071525573,0.681851025
1763394251438367574,-0.0450000017881393,-0.8999999761581421,0.8550000190734863,0.692028589
1763394251448253758,-0.0450000017881393,1.125,-0.675000011920929,0.701914773
1763394251458191904,0.0900000035762786,-0.675000011920929,0.449999988079071,0.711852919
1763394251468607280,-0.135000005364418,-0.6299999952316284,-0.0450000017881393,0.722268295
1763394251478261379,0.0,-0.1800000071525573,0.270000010728836,0.731922394
1763394251488515909,-0.0450000017881393,-0.3600000143051147,0.3600000143051147,0.742176924
1763394251498143747,0.1800000071525573,0.0450000017881393,0.0,0.751804762
1763394251508212149,-0.0450000017881393,0.135000005364418,0.0900000035762786,0.761873164
1763394251518232848,0.0450000017881393,0.8999999761581421,-0.7200000286102295,0.771893863
1763394251528343503,-0.0450000017881393,0.5849999785423279,-0.7200000286102295,0.782004518
1763394251538300297,0.135000005364418,0.8100000023841858,-0.675000011920929,0.791961312
1763394251548414445,0.135000005364418,1.125,-0.9449999928474426,0.80207546
1763394251558236095,0.135000005364418,0.5400000214576721,-0.5400000214576721,0.81189711
1763394251568342141,0.1800000071525573,0.6299999952316284,-0.9449999928474426,0.822003156
1763394251578298306,0.1800000071525573,0.6299999952316284,-0.7649999856948853,0.831959321
1763394251588278986,0.1800000071525573,0.8100000023841858,-0.7200000286102295,0.841940001
1763394251598281247,-0.0450000017881393,0.5400000214576721,-0.5849999785423279,0.851942262
1763394251608234549,0.135000005364418,0.5400000214576721,-0.8550000190734863,0.861895564
1763394251618207267,0.0450000017881393,0.9900000095367432,-0.8100000023841858,0.871868282
1763394251628288100,0.1800000071525573,0.3149999976158142,-0.5400000214576721,0.881949115
1763394251638486965,0.2249999940395355,0.2249999940395355,-0.449999988079071,0.89214798
1763394251648300444,0.2249999940395355,0.7649999856948853,-0.5849999785423279,0.901961459
1763394251658179015,-0.0450000017881393,0.5400000214576721,-0.3600000143051147,0.91184003
1763394251668471958,0.0450000017881393,0.5400000214576721,-0.5400000214576721,0.922132973
1763394251678408218,0.3600000143051147,0.8100000023841858,-1.0800000429153442,0.932069233
1763394251688350206,0.0,0.8100000023841858,-0.9900000095367432,0.942011221
1763394251698231011,0.0900000035762786,1.215000033378601,-1.125,0.951892026
1763394251708277762,0.270000010728836,0.6299999952316284,-0.6299999952316284,0.961938777
1763394251718221635,0.270000010728836,0.9900000095367432,-1.2599999904632568,0.97188265
1763394251728187648,0.3600000143051147,0.449999988079071,-0.7200000286102295,0.981848663
1763394251738236144,0.1800000071525573,0.5849999785423279,-0.8550000190734863,0.991897159
1763394251748205999,0.1800000071525573,0.7649999856948853,-0.8100000023841858,1.001867014
1763394251758223625,0.0450000017881393,0.3149999976158142,-0.5400000214576721,1.01188464
1763394251768371017,0.2249999940395355,0.5400000214576721,-0.8100000023841858,1.022032032
1763394251778399329,0.270000010728836,0.6299999952316284,-0.7200000286102295,1.032060344
1763394251788220211,0.1800000071525573,0.5400000214576721,-0.6299999952316284,1.041881226
1763394251798321019,0.449999988079071,0.6299999952316284,-0.7200000286102295,1.051982034
1763394251808232625,-0.0450000017881393,0.3149999976158142,-0.449999988079071,1.06189364
1763394251818207787,0.0450000017881393,0.135000005364418,-0.4050000011920929,1.071868802
1763394251828213121,-0.0450000017881393,0.5400000214576721,-0.4050000011920929,1.081874136
1763394251838220830,0.0,0.135000005364418,-0.449999988079071,1.091881845
1763394251848247815,0.1800000071525573,0.4050000011920929,-0.675000011920929,1.10190883
1763394251858329835,0.0450000017881393,0.2249999940395355,-0.3600000143051147,1.11199085
1763394251868250102,0.2249999940395355,0.3600000143051147,-0.4050000011920929,1.121911117
1763394251878340154,0.0,0.4050000011920929,-0.5400000214576721,1.132001169
1763394251888373983,0.0450000017881393,0.5849999785423279,-0.6299999952316284,1.142034998
1763394251898256675,0.0,0.135000005364418,-0.135000005364418,1.15191769
1763394251908192097,0.135000005364418,0.8100000023841858,-0.8100000023841858,1.161853112
1763394251918196244,0.0,-0.0450000017881393,-0.0450000017881393,1.171857259
1763394251928220086,-0.1800000071525573,-0.0450000017881393,-0.0450000017881393,1.181881101
1763394251938302176,0.0,0.0,0.0900000035762786,1.191963191
1763394251948203167,-0.135000005364418,-0.270000010728836,0.4950000047683716,1.201864182
1763394251958193485,0.0450000017881393,-0.4950000047683716,0.5849999785423279,1.2118545
1763394251968265797,0.0,-0.5849999785423279,0.675000011920929,1.221926812
1763394251978636194,0.135000005364418,-0.5400000214576721,0.5849999785423279,1.232297209
1763394251988327938,0.0,-0.7200000286102295,0.8999999761581421,1.241988953
1763394251998254351,0.0450000017881393,-0.6299999952316284,0.4050000011920929,1.251915366
1763394252008199062,0.0,-1.2599999904632568,0.9900000095367432,1.261860077
1763394252018224581,0.135000005364418,-1.0800000429153442,1.0800000429153442,1.271885596
1763394252028207705,-0.0450000017881393,-1.0800000429153442,1.0800000429153442,1.28186872
1763394252038232874,0.2249999940395355,-1.125,0.8550000190734863,1.291893889
1763394252048348628,0.1800000071525573,-1.215000033378601,1.125,1.302009643
1763394252058287333,0.0900000035762786,-1.0800000429153442,0.7200000286102295,1.311948348
1763394252068249295,0.1800000071525573,-0.9900000095367432,1.034999966621399,1.32191031
1763394252078268807,0.0,-1.2599999904632568,1.0800000429153442,1.331929822
1763394252088611477,-0.0450000017881393,-1.215000033378601,0.7649999856948853,1.342272492
1763394252098265437,0.2249999940395355,-1.215000033378601,0.9900000095367432,1.351926452
1763394252108235850,0.0900000035762786,-1.034999966621399,0.8999999761581421,1.361896865
1763394252118252289,0.270000010728836,-0.9900000095367432,0.7649999856948853,1.371913304
1763394252128297852,0.0450000017881393,-0.8999999761581421,0.7200000286102295,1.381958867
1763394252138255693,0.1800000071525573,-0.7649999856948853,0.6299999952316284,1.391916708
1763394252148284983,0.0,-0.8100000023841858,0.6299999952316284,1.401945998
1763394252158307498,0.0,-0.8100000023841858,0.449999988079071,1.411968513
1763394252168291391,0.1800000071525573,-0.6299999952316284,0.3149999976158142,1.421952406
1763394252178503107,0.1800000071525573,-0.3149999976158142,0.270000010728836,1.432164122
1763394252188342288,0.1800000071525573,-0.270000010728836,0.135000005364418,1.442003303
1763394252198252776,0.0450000017881393,-0.2249999940395355,0.0900000035762786,1.451913791
1763394252208191132,-0.0450000017881393,-0.4050000011920929,0.4050000011920929,1.461852147
1763394252218166155,0.1800000071525573,0.2249999940395355,0.0,1.47182717
1763394252228225546,0.1800000071525573,0.0450000017881393,0.0450000017881393,1.481886561
1763394252238212023,0.1800000071525573,0.1800000071525573,-0.1800000071525573,1.491873038
1763394252248286710,0.135000005364418,0.1800000071525573,-0.2249999940395355,1.501947725
1763394252258381302,0.135000005364418,0.4050000011920929,-0.449999988079071,1.512042317
1763394252268270978,0.0,0.2249999940395355,-0.270000010728836,1.521931993
1763394252278267232,0.0450000017881393,0.6299999952316284,-0.3600000143051147,1.531928247
1763394252288303367,-0.2249999940395355,0.4050000011920929,-0.270000010728836,1.541964382
1763394252298253106,-0.3149999976158142,0.6299999952316284,-0.4050000011920929,1.551914121
1763394252308181824,0.0,0.5849999785423279,-0.7200000286102295,1.561842839
1763394252318282422,-0.0450000017881393,0.1800000071525573,-0.3600000143051147,1.571943437
1763394252328239146,0.1800000071525573,0.4050000011920929,-0.5849999785423279,1.581900161
1763394252338195521,0.270000010728836,0.7200000286102295,-0.8100000023841858,1.591856536
1763394252348360234,-0.135000005364418,0.4050000011920929,-0.3149999976158142,1.602021249
1763394252358556027,-0.0450000017881393,0.4050000011920929,-0.3600000143051147,1.612217042
1763394252368314610,0.270000010728836,0.7200000286102295,-0.9449999928474426,1.621975625
1763394252378314287,0.1800000071525573,0.4050000011920929,-0.449999988079071,1.631975302
1763394252388383456,-0.2249999940395355,1.215000033378601,-1.2599999904632568,1.642044471
1763394252398279976,0.0,0.3600000143051147,-0.3600000143051147,1.651940991
1763394252408282936,0.0450000017881393,-0.270000010728836,0.2249999940395355,1.661943951
1763394252418217101,0.1800000071525573,0.9449999928474426,-0.8550000190734863,1.671878116
1763394252428204206,0.135000005364418,-0.0450000017881393,-0.0450000017881393,1.681865221
1763394252438219528,0.0450000017881393,0.8100000023841858,-0.8550000190734863,1.691880543
1763394252448347294,-0.0450000017881393,0.9449999928474426,-0.7649999856948853,1.702008309
1763394252458194716,0.2249999940395355,0.7649999856948853,-0.5400000214576721,1.711855731
1763394252468171904,0.135000005364418,-0.3600000143051147,0.8100000023841858,1.721832919
1763394252478308331,0.0450000017881393,0.449999988079071,-0.5849999785423279,1.731969346
1763394252488972413,0.0900000035762786,0.5849999785423279,-0.675000011920929,1.742633428
1763394252498392682,0.0,0.1800000071525573,0.0,1.752053697
1763394252508308130,-0.135000005364418,-0.270000010728836,-0.0450000017881393,1.761969145
1763394252518222460,0.0900000035762786,0.135000005364418,-0.3149999976158142,1.771883475
1763394252528217317,-0.0450000017881393,-0.0900000035762786,0.2249999940395355,1.781878332
1763394252538293890,-0.2249999940395355,0.3600000143051147,-0.135000005364418,1.791954905
1763394252548368856,0.0450000017881393,-0.0900000035762786,0.0450000017881393,1.802029871
1763394252558308958,0.0,0.0900000035762786,0.0900000035762786,1.811969973
1763394252568386928,0.0450000017881393,0.135000005364418,0.0900000035762786,1.822047943
1763394252578389538,0.1800000071525573,-0.3600000143051147,0.0450000017881393,1.832050553
1763394252588392427,0.0450000017881393,0.0900000035762786,-0.0450000017881393,1.842053442
1763394252598303195,0.0,-0.0450000017881393,0.0450000017881393,1.85196421
1763394252608281780,0.0,0.0,-0.135000005364418,1.861942795
1763394252618233336,0.135000005364418,0.5849999785423279,-0.270000010728836,1.871894351
1763394252628273242,0.0,0.0900000035762786,-0.135000005364418,1.881934257
1763394252638202099,-0.1800000071525573,0.3149999976158142,-0.2249999940395355,1.891863114
1763394252648385879,0.1800000071525573,0.1800000071525573,-0.3149999976158142,1.902046894
1763394252658289174,0.0,0.1800000071525573,-0.3600000143051147,1.911950189
1763394252668350800,0.1800000071525573,-0.1800000071525573,0.2249999940395355,1.922011815
1763394252678166793,0.0450000017881393,0.0,0.0,1.931827808
1763394252688396250,-0.135000005364418,-0.1800000071525573,0.2249999940395355,1.942057265
1763394252698351018,-0.1800000071525573,0.135000005364418,-0.1800000071525573,1.952012033
1763394252708245723,0.1800000071525573,-0.8550000190734863,0.7200000286102295,1.961906738
1763394252718243025,0.135000005364418,-0.6299999952316284,0.4950000047683716,1.97190404
1763394252728300531,-0.0450000017881393,-0.5849999785423279,0.4950000047683716,1.981961546
1763394252738241470,-0.0450000017881393,-0.8100000023841858,0.5849999785423279,1.991902485
1763394252748252951,0.1800000071525573,-0.4950000047683716,0.4950000047683716,2.001913966
1763394252758540236,-0.135000005364418,-0.4950000047683716,0.5849999785423279,2.012201251
1763394252768290647,0.0,-0.675000011920929,0.7649999856948853,2.021951662
1763394252778169707,0.0450000017881393,-0.449999988079071,0.5849999785423279,2.031830722
1763394252788232032,0.1800000071525573,-0.8100000023841858,0.5849999785423279,2.041893047
1763394252798702792,0.270000010728836,-1.2599999904632568,1.215000033378601,2.052363807
1763394252808241722,-0.0450000017881393,-0.1800000071525573,0.270000010728836,2.061902737
1763394252818220796,0.0,-0.4050000011920929,0.3600000143051147,2.071881811
1763394252828248898,0.135000005364418,-0.8100000023841858,0.7649999856948853,2.081909913
1763394252838258074,0.2249999940395355,-0.4050000011920929,0.4950000047683716,2.091919089
1763394252848473632,0.135000005364418,-0.6299999952316284,0.8100000023841858,2.102134647
1763394252858434337,-0.1800000071525573,-0.8550000190734863,0.5400000214576721,2.112095352
1763394252868275612,0.1800000071525573,-0.4950000047683716,0.7649999856948853,2.121936627
1763394252878236806,0.0,-0.5849999785423279,0.675000011920929,2.131897821
1763394252888425405,-0.1800000071525573,-0.0450000017881393,0.270000010728836,2.14208642
1763394252898360548,0.0900000035762786,-1.215000033378601,0.9900000095367432,2.152021563
1763394252908275996,0.0900000035762786,-1.2599999904632568,0.8550000190734863,2.161937011
1763394252918206250,0.1800000071525573,0.135000005364418,-0.1800000071525573,2.171867265
1763394252928213120,0.135000005364418,-1.0800000429153442,1.034999966621399,2.181874135
1763394252938271813,-0.135000005364418,0.8999999761581421,-0.7200000286102295,2.191932828
1763394252948236639,0.0450000017881393,-0.270000010728836,0.0900000035762786,2.201897654
1763394252958300710,-0.0450000017881393,0.0,0.0900000035762786,2.211961725
1763394252968277618,0.0450000017881393,0.3149999976158142,-0.135000005364418,2.221938633
1763394252978367112,0.0450000017881393,0.1800000071525573,0.1800000071525573,2.232028127
1763394252988239118,0.135000005364418,-0.0900000035762786,0.0900000035762786,2.241900133
1763394252998723497,-0.0450000017881393,-0.1800000071525573,0.1800000071525573,2.252384512
1763394253008281005,-0.0450000017881393,-0.0450000017881393,0.2249999940395355,2.26194202
1763394253018206650,0.135000005364418,0.135000005364418,-0.0900000035762786,2.271867665
1763394253028265901,0.135000005364418,0.0,0.0,2.281926916
1763394253038220600,0.0,0.3149999976158142,-0.135000005364418,2.291881615
1763394253048497060,-0.1800000071525573,0.4050000011920929,-0.135000005364418,2.302158075
1763394253058222538,-0.2249999940395355,0.1800000071525573,-0.1800000071525573,2.311883553
1763394253068288984,0.1800000071525573,0.4050000011920929,-0.0450000017881393,2.321949999
1763394253078360178,0.0,0.3149999976158142,-0.3149999976158142,2.332021193
1763394253088447786,-0.135000005364418,-0.0900000035762786,-0.135000005364418,2.342108801
1763394253098168026,0.0450000017881393,0.3149999976158142,-0.7200000286102295,2.351829041
1763394253108357323,0.2249999940395355,-0.0450000017881393,-0.1800000071525573,2.362018338
1763394253118217526,0.0,0.1800000071525573,-0.3600000143051147,2.371878541
1763394253128227260,0.2249999940395355,0.135000005364418,-0.270000010728836,2.381888275
1763394253138167711,-0.0450000017881393,0.3600000143051147,-0.2249999940395355,2.391828726
1763394253148327116,0.0,0.2249999940395355,-0.3600000143051147,2.401988131
1763394253158238722,0.0,0.1800000071525573,-0.1800000071525573,2.411899737
1763394253168298603,0.2249999940395355,0.1800000071525573,-0.3149999976158142,2.421959618
1763394253178498586,-0.0450000017881393,0.0450000017881393,-0.1800000071525573,2.432159601
1763394253188292509,0.135000005364418,0.135000005364418,-0.270000010728836,2.441953524
1763394253198251398,-0.0450000017881393,0.1800000071525573,-0.135000005364418,2.451912413
1763394253208372180,-0.135000005364418,0.1800000071525573,-0.135000005364418,2.462033195
1763394253218215062,0.135000005364418,0.2249999940395355,-0.3149999976158142,2.471876077
1763394253228222701,-0.0450000017881393,0.135000005364418,-0.3600000143051147,2.481883716
1763394253238173279,0.0,0.3149999976158142,-0.3149999976158142,2.491834294
1763394253248189997,-0.0450000017881393,0.135000005364418,-0.1800000071525573,2.501851012
1763394253258181153,0.0450000017881393,0.3600000143051147,-0.3600000143051147,2.511842168
1763394253268347124,-0.0450000017881393,0.5849999785423279,-0.449999988079071,2.522008139
1763394253278211587,0.0450000017881393,0.1800000071525573,-0.270000010728836,2.531872602
1763394253288315328,0.0,0.5849999785423279,-0.3600000143051147,2.541976343
1763394253298241671,0.135000005364418,-0.0450000017881393,-0.1800000071525573,2.551902686
1763394253308279551,0.0450000017881393,0.7200000286102295,-0.5849999785423279,2.561940566
1763394253318283139,-0.135000005364418,-0.2249999940395355,0.0900000035762786,2.571944154
1763394253328278835,-0.1800000071525573,-0.1800000071525573,-0.0450000017881393,2.58193985
1763394253338260981,-0.0450000017881393,-0.1800000071525573,-0.0900000035762786,2.591921996
1763394253348309547,0.2249999940395355,-0.0450000017881393,0.0900000035762786,2.601970562
1763394253358271300,-0.135000005364418,0.0,0.0900000035762786,2.611932315
1763394253368263364,0.0450000017881393,0.0,0.0900000035762786,2.621924379
1763394253378245511,-0.0450000017881393,-0.0900000035762786,0.3600000143051147,2.631906526
1763394253388315099,-0.1800000071525573,-0.270000010728836,0.1800000071525573,2.641976114
1763394253398358706,-0.0450000017881393,-0.449999988079071,0.2249999940395355,2.652019721
1763394253408298180,-0.0450000017881393,-0.3149999976158142,0.5849999785423279,2.661959195
1763394253418232275,-0.135000005364418,-0.5849999785423279,0.449999988079071,2.67189329
1763394253428218891,-0.135000005364418,-0.5849999785423279,0.5400000214576721,2.681879906
1763394253438223876,0.135000005364418,-0.3149999976158142,0.4950000047683716,2.691884891
1763394253448234309,-0.135000005364418,-0.4050000011920929,0.675000011920929,2.701895324
1763394253458210588,0.0450000017881393,-0.6299999952316284,0.675000011920929,2.711871603
1763394253468230310,0.0900000035762786,-0.4950000047683716,0.270000010728836,2.721891325
1763394253478198139,0.0,-0.8100000023841858,0.675000011920929,2.731859154
1763394253488450224,-0.2249999940395355,-0.3149999976158142,0.3149999976158142,2.742111239
1763394253498310566,0.0,-1.215000033378601,0.9900000095367432,2.751971581
1763394253508623065,0.1800000071525573,-0.1800000071525573,0.1800000071525573,2.76228408
1763394253518178198,-0.135000005364418,-0.449999988079071,0.449999988079071,2.771839213
1763394253528250720,-0.0450000017881393,-0.2249999940395355,0.270000010728836,2.781911735
1763394253538209469,0.0450000017881393,-0.3600000143051147,0.1800000071525573,2.791870484
1763394253548243997,0.0450000017881393,-0.1800000071525573,0.0900000035762786,2.801905012
1763394253558419746,-0.135000005364418,-0.675000011920929,0.270000010728836,2.812080761
1763394253568395536,0.0,-0.6299999952316284,0.449999988079071,2.822056551
1763394253578188900,-0.0450000017881393,-0.3600000143051147,0.0900000035762786,2.831849915
1763394253588420103,0.0900000035762786,-0.4050000011920929,0.5849999785423279,2.842081118
1763394253598269759,-0.0450000017881393,-0.2249999940395355,0.270000010728836,2.851930774
1763394253608239334,-0.135000005364418,-0.1800000071525573,0.1800000071525573,2.861900349
1763394253618265691,0.135000005364418,-0.4950000047683716,0.449999988079071,2.871926706
1763394253628210891,-0.135000005364418,-0.0450000017881393,0.270000010728836,2.881871906
1763394253638162517,0.0450000017881393,-0.1800000071525573,0.135000005364418,2.891823532
1763394253648222188,0.1800000071525573,-0.3600000143051147,0.4050000011920929,2.901883203
1763394253658326208,-0.135000005364418,0.0,0.270000010728836,2.911987223
1763394253668242145,0.0,-0.0450000017881393,0.0900000035762786,2.92190316
1763394253678491017,-0.1800000071525573,0.0900000035762786,0.0450000017881393,2.932152032
1763394253688642181,-0.135000005364418,-0.270000010728836,0.0,2.942303196
1763394253698356554,0.1800000071525573,0.135000005364418,0.0450000017881393,2.952017569
1763394253711212623,0.0,0.1800000071525573,0.0,2.964873638
1763394253718210776,0.135000005364418,0.4050000011920929,-0.270000010728836,2.971871791
1763394253728244326,-0.0450000017881393,0.135000005364418,-0.135000005364418,2.981905341
1763394253738205520,0.0450000017881393,0.3600000143051147,-0.3149999976158142,2.991866535
1763394253748202752,0.0450000017881393,0.4950000047683716,-0.3149999976158142,3.001863767
1763394253758396031,-0.0450000017881393,0.4050000011920929,-0.2249999940395355,3.012057046
1763394253768202036,0.135000005364418,0.5849999785423279,-0.449999988079071,3.021863051
1763394253778326241,0.1800000071525573,0.4050000011920929,-0.3149999976158142,3.031987256
1763394253788244203,-0.135000005364418,-0.1800000071525573,0.0450000017881393,3.041905218
1763394253798304991,0.1800000071525573,0.8999999761581421,-1.125,3.051966006
1763394253808267512,-0.0450000017881393,0.4050000011920929,-0.675000011920929,3.061928527
1763394253818326764,0.270000010728836,0.4050000011920929,-0.5849999785423279,3.071987779
1763394253828233761,0.135000005364418,0.449999988079071,-0.5400000214576721,3.081894776
1763394253838275483,0.0900000035762786,0.9900000095367432,-0.6299999952316284,3.091936498
1763394253848329985,0.1800000071525573,0.6299999952316284,-0.3600000143051147,3.101991
1763394253858322189,0.0450000017881393,0.2249999940395355,-0.2249999940395355,3.111983204
1763394253868276678,0.0900000035762786,0.4050000011920929,-0.3149999976158142,3.121937693
1763394253878297447,0.1800000071525573,0.3149999976158142,-0.3149999976158142,3.131958462
1763394253888370947,-0.1800000071525573,0.3149999976158142,-0.0450000017881393,3.142031962
1763394253898192317,0.270000010728836,0.7200000286102295,-0.675000011920929,3.151853332
1763394253908268820,-0.135000005364418,-0.3600000143051147,0.3149999976158142,3.161929835
1763394253918276110,-0.0450000017881393,0.0,-0.1800000071525573,3.171937125
1763394253928281444,0.0,0.0,0.0900000035762786,3.181942459
1763394253938216866,0.135000005364418,-0.0900000035762786,0.0450000017881393,3.191877881
1763394253948252162,-0.135000005364418,0.3149999976158142,-0.1800000071525573,3.201913177
1763394253958240455,0.135000005364418,0.135000005364418,-0.1800000071525573,3.21190147
1763394253968303269,0.0450000017881393,0.4050000011920929,-0.4950000047683716,3.221964284
1763394253978306088,-0.0450000017881393,0.1800000071525573,-0.3149999976158142,3.231967103
1763394253988253035,-0.0450000017881393,0.4950000047683716,-0.3149999976158142,3.24191405
1763394253998332541,0.135000005364418,0.0900000035762786,-0.449999988079071,3.251993556
1763394254008371608,0.135000005364418,0.0450000017881393,-0.0450000017881393,3.262032623
1763394254018643389,0.1800000071525573,0.5400000214576721,-0.3149999976158142,3.272304404
1763394254028238193,0.0900000035762786,0.0,-0.1800000071525573,3.281899208
1763394254038351083,-0.0450000017881393,0.1800000071525573,-0.3149999976158142,3.292012098
1763394254048383865,0.0450000017881393,0.3600000143051147,-0.3600000143051147,3.30204488
1763394254058294284,0.0,-0.1800000071525573,-0.3149999976158142,3.311955299
1763394254068348228,0.0,0.5400000214576721,-0.3149999976158142,3.322009243
1763394254078292101,-0.1800000071525573,0.135000005364418,-0.3600000143051147,3.331953116
1763394254088386483,-0.0450000017881393,0.135000005364418,-0.0450000017881393,3.342047498
1763394254098219028,0.0450000017881393,0.0900000035762786,-0.0900000035762786,3.351880043
1763394254108267874,0.135000005364418,-0.2249999940395355,0.1800000071525573,3.361928889
1763394254118194636,0.135000005364418,-0.0900000035762786,0.270000010728836,3.371855651
1763394254128255634,0.135000005364418,-0.449999988079071,0.135000005364418,3.381916649
1763394254138198110,-0.0450000017881393,-0.270000010728836,0.270000010728836,3.391859125
1763394254148208193,0.0,-0.270000010728836,0.4050000011920929,3.401869208
1763394254158275687,0.2249999940395355,-0.675000011920929,0.3600000143051147,3.411936702
1763394254168279065,0.0450000017881393,-0.449999988079071,0.5849999785423279,3.42194008
1763394254178364019,0.0450000017881393,-0.6299999952316284,0.4950000047683716,3.432025034
1763394254188308451,0.135000005364418,-0.6299999952316284,0.675000011920929,3.441969466
1763394254198257841,0.1800000071525573,-0.6299999952316284,0.4050000011920929,3.451918856
1763394254208251582,0.0,-0.5400000214576721,0.8100000023841858,3.461912597
1763394254218130642,0.1800000071525573,-0.675000011920929,0.8550000190734863,3.471791657
1763394254228234243,0.2249999940395355,-0.6299999952316284,0.6299999952316284,3.481895258
1763394254238239437,0.135000005364418,-0.1800000071525573,0.3149999976158142,3.491900452
1763394254248250010,-0.0450000017881393,-1.0800000429153442,1.034999966621399,3.501911025
1763394254258232016,0.0450000017881393,-0.675000011920929,0.4950000047683716,3.511893031
1763394254268298881,0.0450000017881393,-0.4950000047683716,0.675000011920929,3.521959896
1763394254278264824,-0.0450000017881393,-0.8100000023841858,0.675000011920929,3.531925839
1763394254288379740,-0.2249999940395355,-0.0450000017881393,0.0450000017881393,3.542040755
1763394254298252305,0.0900000035762786,-0.5400000214576721,0.449999988079071,3.55191332
1763394254308224883,-0.0450000017881393,-0.4050000011920929,0.4050000011920929,3.561885898
1763394254318350834,-0.0450000017881393,-0.4050000011920929,0.4050000011920929,3.572011849
1763394254328294986,0.135000005364418,-0.449999988079071,0.3149999976158142,3.581956001
1763394254338270707,-0.2249999940395355,0.135000005364418,-0.0450000017881393,3.591931722
1763394254348221495,0.1800000071525573,-0.8100000023841858,0.675000011920929,3.60188251
1763394254358229483,-0.135000005364418,-0.6299999952316284,0.8100000023841858,3.611890498
1763394254368329034,0.135000005364418,-0.0450000017881393,-0.0450000017881393,3.621990049
1763394254378372990,0.135000005364418,-0.4950000047683716,0.270000010728836,3.632034005
1763394254388561240,-0.1800000071525573,0.0900000035762786,-0.0450000017881393,3.642222255
1763394254398365360,-0.135000005364418,0.0450000017881393,0.0900000035762786,3.652026375
1763394254408295683,0.0450000017881393,-0.0900000035762786,0.270000010728836,3.661956698
1763394254418310865,0.0450000017881393,0.135000005364418,-0.0900000035762786,3.67197188
1763394254428291824,0.0,-0.0450000017881393,-0.0900000035762786,3.681952839
1763394254438247501,0.135000005364418,-0.1800000071525573,0.270000010728836,3.691908516
1763394254448263800,-0.0450000017881393,-0.2249999940395355,0.0900000035762786,3.701924815
1763394254458360836,0.0450000017881393,0.0,0.0450000017881393,3.712021851
1763394254468307992,0.2249999940395355,-0.0450000017881393,-0.0450000017881393,3.721969007
1763394254478354672,0.0,0.0,0.0,3.732015687
1763394254488402121,-0.0450000017881393,0.3149999976158142,-0.2249999940395355,3.742063136
1763394254498278248,0.135000005364418,0.0900000035762786,-0.1800000071525573,3.751939263
1763394254508186432,0.0900000035762786,0.5400000214576721,-0.270000010728836,3.761847447
1763394254518246452,0.0900000035762786,0.1800000071525573,-0.3600000143051147,3.771907467
1763394254528654704,0.1800000071525573,0.1800000071525573,-0.4050000011920929,3.782315719
1763394254538307476,0.1800000071525573,0.4050000011920929,-0.3600000143051147,3.791968491
1763394254548262803,-0.2249999940395355,0.6299999952316284,-0.8100000023841858,3.801923818
1763394254558316258,0.2249999940395355,0.7200000286102295,-0.7200000286102295,3.811977273
1763394254568244626,-0.0450000017881393,0.3600000143051147,-0.0900000035762786,3.821905641
1763394254578372044,0.135000005364418,0.4050000011920929,-0.5849999785423279,3.832033059
1763394254588263815,-0.0450000017881393,0.1800000071525573,-0.0450000017881393,3.84192483
1763394254598274736,0.2249999940395355,0.3600000143051147,-0.135000005364418,3.851935751
1763394254608227829,-0.2249999940395355,-0.2249999940395355,0.270000010728836,3.861888844
1763394254618209975,0.0900000035762786,0.7649999856948853,-0.5400000214576721,3.87187099
1763394254628761612,0.1800000071525573,0.449999988079071,-0.8550000190734863,3.882422627
1763394254638324289,0.1800000071525573,0.4050000011920929,-0.449999988079071,3.891985304
1763394254648287229,0.0,0.8100000023841858,-0.449999988079071,3.901948244
1763394254658243673,0.135000005364418,0.5849999785423279,-0.3600000143051147,3.911904688
1763394254668392253,-0.0450000017881393,0.4950000047683716,-0.2249999940395355,3.922053268
1763394254678486985,0.135000005364418,0.2249999940395355,-0.3600000143051147,3.932148
1763394254688396356,0.0450000017881393,0.4050000011920929,-0.135000005364418,3.942057371
1763394254698242869,0.0450000017881393,0.3149999976158142,-0.449999988079071,3.951903884
1763394254708376224,0.1800000071525573,0.3600000143051147,-0.5400000214576721,3.962037239
1763394254718192356,0.135000005364418,0.4950000047683716,-0.270000010728836,3.971853371
1763394254728223182,0.135000005364418,0.6299999952316284,-0.6299999952316284,3.981884197
1763394254738269723,0.135000005364418,0.0,-0.1800000071525573,3.991930738
1763394254748246282,0.0450000017881393,0.4050000011920929,-0.3149999976158142,4.001907297
1763394254758364271,-0.135000005364418,0.0,-0.135000005364418,4.012025286
1763394254768297458,0.135000005364418,0.0,0.0,4.021958473
1763394254778211300,0.0450000017881393,0.2249999940395355,-0.5400000214576721,4.031872315
1763394254788338647,-0.0450000017881393,0.4050000011920929,-0.3149999976158142,4.041999662
1763394254798406490,0.0900000035762786,0.6299999952316284,-0.3600000143051147,4.052067505
1763394254808239594,0.1800000071525573,0.2249999940395355,-0.1800000071525573,4.061900609
1763394254818196388,-0.0450000017881393,0.2249999940395355,-0.135000005364418,4.071857403
1763394254828315773,0.0,0.1800000071525573,-0.135000005364418,4.081976788
1763394254838368390,-0.1800000071525573,-0.1800000071525573,-0.135000005364418,4.092029405
1763394254848262117,0.1800000071525573,0.0450000017881393,-0.135000005364418,4.101923132
1763394254858378290,-0.0450000017881393,0.5400000214576721,-0.3149999976158142,4.112039305
1763394254868410024,-0.0450000017881393,-0.5400000214576721,0.675000011920929,4.122071039
1763394254878411308,0.135000005364418,-0.270000010728836,0.0900000035762786,4.132072323
1763394254888394572,0.1800000071525573,-0.5400000214576721,0.5849999785423279,4.142055587
1763394254898373156,0.0450000017881393,-0.3149999976158142,0.3600000143051147,4.152034171
1763394254908264788,0.0,-0.3149999976158142,0.4950000047683716,4.161925803
1763394254918197975,0.1800000071525573,-0.4050000011920929,0.3600000143051147,4.17185899
1763394254928180121,-0.0450000017881393,-0.4950000047683716,0.449999988079071,4.181841136
1763394254938297831,0.135000005364418,-0.449999988079071,0.270000010728836,4.191958846
1763394254948264892,-0.0450000017881393,-0.5849999785423279,0.7649999856948853,4.201925907
1763394254958192142,0.0450000017881393,-0.675000011920929,0.6299999952316284,4.211853157
1763394254968486273,0.270000010728836,-0.6299999952316284,0.5400000214576721,4.222147288
1763394254978317561,0.0450000017881393,-0.7200000286102295,0.5849999785423279,4.231978576
1763394254988208354,0.0900000035762786,-0.5400000214576721,0.5849999785423279,4.241869369
1763394254998308533,-0.135000005364418,-0.4050000011920929,0.3149999976158142,4.251969548
1763394255008331537,0.0450000017881393,-0.4950000047683716,0.449999988079071,4.261992552
1763394255018155073,-0.135000005364418,-0.1800000071525573,0.270000010728836,4.271816088
1763394255028256090,-0.2249999940395355,-0.9900000095367432,0.5849999785423279,4.281917105
1763394255038767708,-0.2249999940395355,0.0900000035762786,0.270000010728836,4.292428723
1763394255048244898,-0.0450000017881393,-0.8550000190734863,0.4950000047683716,4.301905913
1763394255058393338,0.0900000035762786,-0.270000010728836,0.4950000047683716,4.312054353
1763394255068366684,0.270000010728836,-0.7649999856948853,0.4950000047683716,4.322027699
1763394255078210683,0.0,-0.270000010728836,0.270000010728836,4.331871698
1763394255088716155,0.0900000035762786,-0.4950000047683716,0.0450000017881393,4.34237717
1763394255098382407,0.2249999940395355,-0.0900000035762786,0.0900000035762786,4.352043422
1763394255108296318,0.0450000017881393,-0.3600000143051147,0.0900000035762786,4.361957333
1763394255118254997,0.0,-0.1800000071525573,0.1800000071525573,4.371916012
1763394255128245385,0.135000005364418,-0.2249999940395355,0.3149999976158142,4.3819064
1763394255138268319,-0.0450000017881393,-0.0900000035762786,0.1800000071525573,4.391929334
1763394255148376670,-0.0450000017881393,-0.1800000071525573,0.1800000071525573,4.402037685
1763394255158381585,0.0900000035762786,-0.0450000017881393,0.1800000071525573,4.4120426
1763394255168329789,-0.0450000017881393,-0.0450000017881393,0.0900000035762786,4.421990804
1763394255178331910,0.0450000017881393,-0.0450000017881393,0.2249999940395355,4.431992925
1763394255188239814,0.0,-0.0450000017881393,-0.0900000035762786,4.441900829
1763394255198354940,-0.135000005364418,0.0,0.1800000071525573,4.452015955
1763394255208376617,-0.0450000017881393,0.135000005364418,-0.0900000035762786,4.462037632
1763394255218288782,0.0,0.135000005364418,-0.0450000017881393,4.471949797
1763394255228200179,-0.135000005364418,-0.0450000017881393,0.270000010728836,4.481861194
1763394255238289742,-0.2249999940395355,0.1800000071525573,-0.0900000035762786,4.491950757
1763394255248318333,-0.0450000017881393,0.1800000071525573,-0.135000005364418,4.501979348
1763394255258307813,0.0,0.3149999976158142,-0.135000005364418,4.511968828
1763394255268335287,-0.135000005364418,0.4050000011920929,-0.3600000143051147,4.521996302
1763394255278364507,0.2249999940395355,0.2249999940395355,-0.3600000143051147,4.532025522
1763394255288357060,0.0900000035762786,0.4050000011920929,-0.5400000214576721,4.542018075
1763394255298306101,-0.1800000071525573,0.6299999952316284,-0.675000011920929,4.551967116
1763394255308303334,-0.0450000017881393,0.3600000143051147,-0.4050000011920929,4.561964349
1763394255318250559,0.0450000017881393,0.7649999856948853,-0.5400000214576721,4.571911574
1763394255328196039,0.0,0.0,0.0,4.581857054
1763394255338231405,0.0450000017881393,0.8100000023841858,-0.7200000286102295,4.59189242
1763394255348296663,0.0450000017881393,0.1800000071525573,-0.449999988079071,4.601957678
1763394255358319597,-0.1800000071525573,0.1800000071525573,0.0,4.611980612
1763394255368304468,0.0450000017881393,0.2249999940395355,-0.1800000071525573,4.621965483
1763394255378370494,-0.0450000017881393,0.6299999952316284,-0.5400000214576721,4.632031509
1763394255388319955,-0.0450000017881393,0.6299999952316284,-0.675000011920929,4.64198097
1763394255398300914,-0.135000005364418,0.7200000286102295,-0.4050000011920929,4.651961929
1763394255408261759,0.0900000035762786,0.8100000023841858,-0.8999999761581421,4.661922774
1763394255418219391,0.0450000017881393,-0.449999988079071,0.4950000047683716,4.671880406
1763394255428257899,-0.135000005364418,0.6299999952316284,-0.7649999856948853,4.681918914
1763394255438257925,-0.135000005364418,0.3149999976158142,-0.1800000071525573,4.69191894
1763394255448374587,-0.135000005364418,-0.4950000047683716,0.449999988079071,4.702035602
1763394255458299394,0.270000010728836,0.8999999761581421,-0.9449999928474426,4.711960409
1763394255468331617,-0.0450000017881393,0.449999988079071,-0.0450000017881393,4.721992632
1763394255478605912,-0.2249999940395355,0.4950000047683716,-0.1800000071525573,4.732266927
1763394255488374761,0.1800000071525573,0.5849999785423279,-0.449999988079071,4.742035776
1763394255498213872,0.0,-0.2249999940395355,0.2249999940395355,4.751874887
1763394255508213758,0.0,0.135000005364418,0.0450000017881393,4.761874773
1763394255518188082,-0.135000005364418,0.3149999976158142,0.0,4.771849097
1763394255528210248,-0.0450000017881393,0.135000005364418,0.0450000017881393,4.781871263
1763394255538251690,0.0450000017881393,0.2249999940395355,-0.0450000017881393,4.791912705
1763394255548750876,0.0450000017881393,0.4050000011920929,-0.3600000143051147,4.802411891
1763394255558232187,-0.2249999940395355,0.4050000011920929,-0.135000005364418,4.811893202
1763394255568279915,-0.0450000017881393,0.449999988079071,-0.3600000143051147,4.82194093
1763394255578338817,0.0,0.4950000047683716,-0.3149999976158142,4.831999832
1763394255588364755,0.0,0.4950000047683716,-0.0450000017881393,4.84202577
1763394255598524928,0.2249999940395355,0.1800000071525573,-0.1800000071525573,4.852185943
1763394255608410553,0.0450000017881393,0.0,0.0900000035762786,4.862071568
1763394255618251899,-0.0450000017881393,0.0900000035762786,-0.270000010728836,4.871912914
1763394255628218401,-0.2249999940395355,-0.270000010728836,0.270000010728836,4.881879416
1763394255638220662,0.0900000035762786,-0.0900000035762786,0.0900000035762786,4.891881677
1763394255648290250,0.0900000035762786,-0.3600000143051147,0.135000005364418,4.901951265
1763394255658202345,0.0450000017881393,-0.2249999940395355,0.3600000143051147,4.91186336
1763394255668376627,-0.135000005364418,-0.270000010728836,0.4950000047683716,4.922037642
1763394255678395650,0.0450000017881393,-0.5849999785423279,0.449999988079071,4.932056665
1763394255688359567,0.0900000035762786,-0.4950000047683716,0.5400000214576721,4.942020582
1763394255698270196,0.0450000017881393,-0.4050000011920929,0.1800000071525573,4.951931211
1763394255708440077,0.0450000017881393,-0.5849999785423279,0.675000011920929,4.962101092
1763394255718262705,0.0,-0.5849999785423279,0.449999988079071,4.97192372
1763394255728228997,0.0900000035762786,-0.8550000190734863,0.7649999856948853,4.981890012
1763394255738215753,0.0,-0.6299999952316284,0.270000010728836,4.991876768
1763394255748275355,0.270000010728836,-0.9449999928474426,0.8550000190734863,5.00193637
1763394255758316168,0.135000005364418,0.0,0.1800000071525573,5.011977183
1763394255768353769,0.2249999940395355,-0.7649999856948853,0.8100000023841858,5.022014784
1763394255778240861,0.0,-0.449999988079071,0.5400000214576721,5.031901876
1763394255788225522,0.0,-0.4950000047683716,0.3149999976158142,5.041886537
1763394255798480540,0.0,-0.5849999785423279,0.3600000143051147,5.052141555
1763394255808310990,-0.0450000017881393,-0.4050000011920929,0.3600000143051147,5.061972005
1763394255818242292,0.135000005364418,-0.270000010728836,-0.0450000017881393,5.071903307
1763394255828236382,0.1800000071525573,-0.6299999952316284,0.675000011920929,5.081897397
1763394255838193664,0.0450000017881393,-0.3149999976158142,0.3600000143051147,5.091854679
1763394255848230148,-0.135000005364418,-0.1800000071525573,0.0450000017881393,5.101891163
1763394255858392067,0.135000005364418,-0.675000011920929,0.675000011920929,5.112053082
1763394255868283769,0.0,0.0900000035762786,0.0900000035762786,5.121944784
1763394255878216746,0.0450000017881393,-0.3600000143051147,0.270000010728836,5.131877761
1763394255888492857,0.0,-0.2249999940395355,0.1800000071525573,5.142153872
1763394255898353758,-0.135000005364418,0.0,-0.0450000017881393,5.152014773
1763394255908251606,0.1800000071525573,-0.0900000035762786,0.1800000071525573,5.161912621
1763394255918251143,-0.2249999940395355,-0.1800000071525573,0.0900000035762786,5.171912158
1763394255928262483,0.1800000071525573,-0.0450000017881393,-0.270000010728836,5.181923498
1763394255938187150,0.0450000017881393,-0.0900000035762786,-0.0900000035762786,5.191848165
1763394255948247170,0.0450000017881393,0.2249999940395355,0.0450000017881393,5.201908185
1763394255958388975,-0.1800000071525573,-0.0450000017881393,-0.270000010728836,5.21204999
1763394255968309242,0.2249999940395355,0.135000005364418,0.0900000035762786,5.221970257
1763394255978269458,0.1800000071525573,-0.0450000017881393,-0.0900000035762786,5.231930473
1763394255988192588,0.0,0.7649999856948853,-0.5400000214576721,5.241853603
1763394255998325733,0.135000005364418,-0.3600000143051147,0.135000005364418,5.251986748
1763394256008330298,0.0,0.2249999940395355,-0.135000005364418,5.261991313
1763394256018208869,0.0450000017881393,0.1800000071525573,-0.2249999940395355,5.271869884
1763394256028257575,0.0450000017881393,0.0,-0.3600000143051147,5.28191859
1763394256038216395,0.135000005364418,0.1800000071525573,-0.1800000071525573,5.29187741
1763394256048212649,0.2249999940395355,0.3149999976158142,-0.3600000143051147,5.301873664
1763394256058643180,0.0,0.4950000047683716,-0.135000005364418,5.312304195
1763394256068202015,0.135000005364418,0.2249999940395355,-0.3600000143051147,5.32186303
1763394256078153431,-0.0450000017881393,0.4950000047683716,-0.449999988079071,5.331814446
1763394256088580261,-0.135000005364418,0.8100000023841858,-0.7200000286102295,5.342241276
1763394256098282062,-0.135000005364418,0.3600000143051147,-0.3600000143051147,5.351943077
1763394256108285441,0.0450000017881393,0.6299999952316284,-0.8999999761581421,5.361946456
1763394256118365156,0.0,0.2249999940395355,-0.0450000017881393,5.372026171
1763394256128256718,0.0,-0.0900000035762786,-0.0450000017881393,5.381917733
1763394256138156451,0.0900000035762786,1.034999966621399,-0.9449999928474426,5.391817466
1763394256148188744,0.0450000017881393,0.4050000011920929,-0.4050000011920929,5.401849759
1763394256158267342,0.135000005364418,0.3149999976158142,-0.4950000047683716,5.411928357
1763394256168418715,-0.1800000071525573,0.3600000143051147,-0.3600000143051147,5.42207973
1763394256178414062,0.0,-0.4950000047683716,0.3600000143051147,5.432075077
1763394256188368412,0.135000005364418,0.3600000143051147,-0.135000005364418,5.442029427
1763394256198264932,0.135000005364418,0.135000005364418,-0.0450000017881393,5.451925947
1763394256208292336,0.1800000071525573,0.4050000011920929,-0.675000011920929,5.461953351
1763394256218362693,-0.0450000017881393,0.3600000143051147,-0.5400000214576721,5.472023708
1763394256228246572,0.0450000017881393,-0.0450000017881393,0.1800000071525573,5.481907587
1763394256238270623,0.0450000017881393,0.4950000047683716,-0.2249999940395355,5.491931638
1763394256248235659,0.0,0.135000005364418,-0.1800000071525573,5.501896674
1763394256258244694,-0.1800000071525573,0.2249999940395355,-0.0450000017881393,5.511905709
1763394256268213291,-0.1800000071525573,0.3149999976158142,-0.3600000143051147,5.521874306
1763394256278297198,-0.0450000017881393,0.5400000214576721,-0.1800000071525573,5.531958213
1763394256288374888,0.1800000071525573,0.3600000143051147,-0.3149999976158142,5.542035903
1763394256298264075,0.0900000035762786,0.5400000214576721,-0.3149999976158142,5.55192509
1763394256308299650,-0.0450000017881393,0.0,0.0,5.561960665
1763394256318297022,0.0,0.0450000017881393,-0.270000010728836,5.571958037
1763394256328331620,0.0,0.4950000047683716,-0.3149999976158142,5.581992635
1763394256338252026,-0.0450000017881393,0.3149999976158142,-0.3149999976158142,5.591913041
1763394256348293189,-0.2249999940395355,0.1800000071525573,-0.270000010728836,5.601954204
1763394256358230218,-0.0450000017881393,0.1800000071525573,0.0900000035762786,5.611891233
1763394256368336124,0.0450000017881393,0.0,-0.135000005364418,5.621997139
1763394256378501605,0.0450000017881393,-0.1800000071525573,0.0900000035762786,5.63216262
1763394256388297623,0.0,0.0900000035762786,-0.0450000017881393,5.641958638
1763394256398288361,0.0450000017881393,-0.0900000035762786,0.0900000035762786,5.651949376
1763394256408298304,0.0,-0.2249999940395355,0.0450000017881393,5.661959319
1763394256418274235,0.0450000017881393,-0.270000010728836,0.135000005364418,5.67193525
1763394256428248280,-0.135000005364418,-0.2249999940395355,0.270000010728836,5.681909295
1763394256438312071,0.0450000017881393,-0.3600000143051147,0.3149999976158142,5.691973086
1763394256448232897,0.135000005364418,-0.4050000011920929,0.6299999952316284,5.701893912
1763394256458223843,0.0450000017881393,-0.449999988079071,0.5849999785423279,5.711884858
1763394256468273946,-0.3600000143051147,-0.4950000047683716,0.270000010728836,5.721934961
1763394256478201755,0.0,-0.675000011920929,0.4950000047683716,5.73186277
1763394256488575784,0.0,-0.449999988079071,0.4950000047683716,5.742236799
1763394256498238265,0.1800000071525573,-0.8999999761581421,0.5849999785423279,5.75189928
1763394256508206373,0.135000005364418,-0.5849999785423279,0.3600000143051147,5.761867388
1763394256518191313,0.1800000071525573,-0.9449999928474426,0.8100000023841858,5.771852328
1763394256528319778,-0.135000005364418,-0.4050000011920929,0.270000010728836,5.781980793
1763394256538307303,0.0,-0.3600000143051147,0.449999988079071,5.791968318
1763394256548208922,0.135000005364418,-0.8999999761581421,0.5849999785423279,5.801869937
1763394256558227735,0.1800000071525573,0.135000005364418,0.0450000017881393,5.81188875
1763394256568701917,0.0450000017881393,-1.3949999809265137,1.215000033378601,5.822362932
1763394256578224155,0.135000005364418,-0.6299999952316284,0.5849999785423279,5.83188517
1763394256588364843,0.1800000071525573,-0.3600000143051147,0.3600000143051147,5.842025858
1763394256598406634,0.0450000017881393,-1.034999966621399,0.675000011920929,5.852067649
1763394256608363219,0.0,0.4050000011920929,-0.2249999940395355,5.862024234
1763394256618275174,0.2249999940395355,-0.0900000035762786,0.3600000143051147,5.871936189
1763394256628273245,-0.1800000071525573,-0.0900000035762786,0.0450000017881393,5.88193426
1763394256638228502,-0.0450000017881393,-0.0450000017881393,0.0450000017881393,5.891889517
1763394256648283424,0.135000005364418,-0.0900000035762786,0.0900000035762786,5.901944439
1763394256658194401,-0.0450000017881393,-0.0900000035762786,0.135000005364418,5.911855416
1763394256668360581,-0.135000005364418,-0.1800000071525573,0.0900000035762786,5.922021596
1763394256678432684,-0.0450000017881393,-0.1800000071525573,-0.0900000035762786,5.932093699
1763394256688393878,0.135000005364418,-0.1800000071525573,0.1800000071525573,5.942054893
1763394256698290678,0.0,-0.1800000071525573,0.1800000071525573,5.951951693
1763394256708303555,0.0450000017881393,0.0450000017881393,0.0,5.96196457
1763394256718283257,0.1800000071525573,-0.2249999940395355,-0.135000005364418,5.971944272
1763394256728299696,0.0450000017881393,0.135000005364418,-0.270000010728836,5.981960711
1763394256738218565,-0.2249999940395355,-0.3600000143051147,0.1800000071525573,5.99187958
1763394256748257354,0.135000005364418,0.1800000071525573,-0.0900000035762786,6.001918369
1763394256758288459,0.0450000017881393,0.0900000035762786,0.0,6.011949474
1763394256768199507,0.2249999940395355,-0.1800000071525573,0.0900000035762786,6.021860522
1763394256778343966,-0.2249999940395355,0.135000005364418,-0.0450000017881393,6.032004981
1763394256788332049,-0.135000005364418,0.0900000035762786,-0.1800000071525573,6.041993064
1763394256798375028,0.0900000035762786,0.3600000143051147,-0.5400000214576721,6.052036043
1763394256808318063,-0.0450000017881393,0.135000005364418,-0.135000005364418,6.061979078
1763394256818279326,0.0450000017881393,0.135000005364418,-0.270000010728836,6.071940341
1763394256828233676,-0.2249999940395355,0.4950000047683716,-0.449999988079071,6.081894691
1763394256838297468,0.0450000017881393,0.5400000214576721,-0.2249999940395355,6.091958483
1763394256848250909,0.0,0.135000005364418,-0.1800000071525573,6.101911924
1763394256858242624,-0.0450000017881393,0.7649999856948853,-0.9449999928474426,6.111903639
1763394256868215551,-0.0450000017881393,0.4050000011920929,-0.4050000011920929,6.121876566
1763394256878303299,0.135000005364418,0.1800000071525573,-0.270000010728836,6.131964314
1763394256888569632,-0.0450000017881393,0.5400000214576721,-0.5400000214576721,6.142230647
1763394256898298881,0.0,1.125,-1.0800000429153442,6.151959896
1763394256908246665,0.0,-0.1800000071525573,0.0450000017881393,6.16190768
1763394256918415080,0.0,0.4050000011920929,-0.2249999940395355,6.172076095
1763394256928298749,0.0450000017881393,0.0,-0.449999988079071,6.181959764
1763394256938190521,-0.135000005364418,0.1800000071525573,-0.3600000143051147,6.191851536
1763394256948240483,0.0,0.7649999856948853,-0.675000011920929,6.201901498
1763394256958260973,0.1800000071525573,0.7649999856948853,-0.5400000214576721,6.211921988
1763394256968309958,0.1800000071525573,0.5400000214576721,-0.3600000143051147,6.221970973
1763394256978305235,-0.135000005364418,0.3149999976158142,-0.5400000214576721,6.23196625
1763394256988256791,0.1800000071525573,0.4050000011920929,-0.3600000143051147,6.241917806
1763394256998273369,-0.1800000071525573,-0.0450000017881393,0.0,6.251934384
1763394257008208792,-0.0450000017881393,0.5849999785423279,-0.5849999785423279,6.261869807
1763394257018204208,0.0,-0.5849999785423279,0.6299999952316284,6.271865223
1763394257028248793,0.2249999940395355,0.2249999940395355,-0.270000010728836,6.281909808
1763394257038269073,0.0,-0.0900000035762786,0.0900000035762786,6.291930088
1763394257048257296,0.0,-0.0450000017881393,0.0900000035762786,6.301918311
1763394257058244262,0.1800000071525573,-0.1800000071525573,-0.0900000035762786,6.311905277
1763394257068206503,0.0450000017881393,0.3600000143051147,-0.135000005364418,6.321867518
1763394257078689765,0.2249999940395355,0.135000005364418,-0.0450000017881393,6.33235078
1763394257088431446,0.2249999940395355,0.0,-0.135000005364418,6.342092461
1763394257098274328,0.0,0.1800000071525573,-0.270000010728836,6.351935343
1763394257108310881,-0.0450000017881393,0.135000005364418,-0.135000005364418,6.361971896
1763394257118306926,-0.135000005364418,-0.0450000017881393,-0.0450000017881393,6.371967941
1763394257128311283,-0.1800000071525573,0.1800000071525573,-0.135000005364418,6.381972298
1763394257138202286,0.135000005364418,-0.0450000017881393,-0.135000005364418,6.391863301
1763394257148275366,0.0,-0.0450000017881393,0.0450000017881393,6.401936381
1763394257158256744,0.1800000071525573,0.1800000071525573,0.0,6.411917759
1763394257168287082,-0.135000005364418,-0.2249999940395355,0.135000005364418,6.421948097
1763394257178273489,-0.135000005364418,0.3149999976158142,-0.270000010728836,6.431934504
1763394257188330645,0.1800000071525573,-0.0900000035762786,0.0900000035762786,6.44199166
1763394257198268163,-0.135000005364418,-0.0450000017881393,0.0900000035762786,6.451929178
1763394257208304157,-0.135000005364418,-0.2249999940395355,0.2249999940395355,6.461965172
1763394257218178468,0.0,-0.270000010728836,0.135000005364418,6.471839483
1763394257228217536,0.135000005364418,-0.4050000011920929,0.1800000071525573,6.481878551
1763394257238220076,0.0,-0.2249999940395355,0.1800000071525573,6.491881091
1763394257248252998,0.0,-0.6299999952316284,0.5849999785423279,6.501914013
1763394257258248274,-0.135000005364418,-0.449999988079071,0.3149999976158142,6.511909289
1763394257268248580,-0.135000005364418,-0.449999988079071,0.3600000143051147,6.521909595
1763394257278326410,0.0450000017881393,-0.5849999785423279,0.1800000071525573,6.531987425
1763394257288604965,0.0450000017881393,-0.4950000047683716,0.4950000047683716,6.54226598
1763394257298433320,0.0900000035762786,-0.6299999952316284,0.7200000286102295,6.552094335
1763394257308425384,-0.1800000071525573,-0.270000010728836,0.449999988079071,6.562086399
1763394257318266799,0.135000005364418,-0.270000010728836,0.270000010728836,6.571927814
1763394257328274647,0.0,-0.449999988079071,0.3149999976158142,6.581935662
1763394257338179968,0.0,-0.3149999976158142,0.270000010728836,6.591840983
1763394257348248509,0.0450000017881393,-0.4950000047683716,0.449999988079071,6.601909524
1763394257358311043,0.0,-0.3149999976158142,0.135000005364418,6.611972058
1763394257368305063,0.0450000017881393,-0.3149999976158142,0.449999988079071,6.621966078
1763394257378242371,0.0900000035762786,-0.3600000143051147,0.1800000071525573,6.631903386
1763394257388679188,0.0,-0.4050000011920929,0.449999988079071,6.642340203
1763394257398364017,0.135000005364418,-0.4050000011920929,0.1800000071525573,6.652025032
1763394257408299300,-0.3149999976158142,-0.0450000017881393,-0.0450000017881393,6.661960315
1763394257418246945,0.0450000017881393,-0.3149999976158142,0.4950000047683716,6.67190796
1763394257428363677,-0.0450000017881393,-0.0450000017881393,0.0450000017881393,6.682024692
1763394257438279822,0.0450000017881393,-0.0450000017881393,0.1800000071525573,6.691940837
1763394257448181721,0.135000005364418,-0.0450000017881393,0.0900000035762786,6.701842736
1763394257458245163,-0.0450000017881393,0.0900000035762786,-0.0900000035762786,6.711906178
1763394257468254199,0.0900000035762786,0.135000005364418,-0.0450000017881393,6.721915214
1763394257478162313,-0.2249999940395355,0.1800000071525573,0.0900000035762786,6.731823328
1763394257488433605,0.0450000017881393,0.135000005364418,0.0900000035762786,6.74209462
1763394257498277115,-0.0450000017881393,-0.270000010728836,0.0900000035762786,6.75193813
1763394257508234538,0.135000005364418,0.3149999976158142,-0.0900000035762786,6.761895553
1763394257518184976,-0.0450000017881393,-0.1800000071525573,0.2249999940395355,6.771845991
1763394257528271815,0.1800000071525573,0.0450000017881393,0.0450000017881393,6.78193283
1763394257538284622,-0.0450000017881393,0.2249999940395355,-0.270000010728836,6.791945637
1763394257548248680,-0.0450000017881393,-0.2249999940395355,0.0900000035762786,6.801909695
1763394257558201563,0.0,0.0900000035762786,-0.0450000017881393,6.811862578
1763394257568257392,0.135000005364418,0.0450000017881393,0.0,6.821918407
1763394257578197494,0.0450000017881393,0.5400000214576721,-0.1800000071525573,6.831858509
1763394257588868351,-0.2249999940395355,0.0900000035762786,0.0450000017881393,6.842529366
1763394257598334646,0.135000005364418,-0.0450000017881393,0.0,6.851995661
1763394257608292836,0.0450000017881393,0.3149999976158142,-0.270000010728836,6.861953851
1763394257618399162,0.0,0.6299999952316284,-0.5400000214576721,6.872060177
1763394257628230799,-0.0450000017881393,-0.270000010728836,0.4050000011920929,6.881891814
1763394257638248006,0.2249999940395355,0.5849999785423279,-0.5849999785423279,6.891909021
1763394257648260813,-0.2249999940395355,-0.0450000017881393,-0.0900000035762786,6.901921828
1763394257658263493,-0.3149999976158142,0.2249999940395355,-0.4050000011920929,6.911924508
1763394257668189766,0.1800000071525573,0.2249999940395355,-0.2249999940395355,6.921850781
1763394257678250206,0.1800000071525573,0.135000005364418,-0.135000005364418,6.931911221
1763394257688799538,-0.135000005364418,0.4050000011920929,-0.675000011920929,6.942460553
1763394257698398881,0.0450000017881393,0.5849999785423279,-0.7649999856948853,6.952059896
1763394257708255592,-0.1800000071525573,0.449999988079071,-0.5849999785423279,6.961916607
1763394257718394114,0.135000005364418,-0.0900000035762786,0.0450000017881393,6.972055129
1763394257728272476,0.0450000017881393,0.5400000214576721,-0.270000010728836,6.981933491
1763394257738204895,-0.1800000071525573,0.2249999940395355,-0.2249999940395355,6.99186591
1763394257748218400,0.1800000071525573,0.2249999940395355,-0.270000010728836,7.001879415
1763394257758317671,0.0,0.7649999856948853,-0.7649999856948853,7.011978686
1763394257768235075,-0.0450000017881393,0.3149999976158142,-0.3149999976158142,7.02189609
1763394257778234262,0.0,0.449999988079071,-0.449999988079071,7.031895277
1763394257788256847,0.1800000071525573,0.0,-0.270000010728836,7.041917862
1763394257798294309,-0.135000005364418,0.0,-0.0450000017881393,7.051955324
1763394257808363129,0.0450000017881393,0.3600000143051147,-0.6299999952316284,7.062024144
1763394257818260278,0.1800000071525573,0.4950000047683716,-0.4950000047683716,7.071921293
1763394257828243821,0.0,-0.4950000047683716,0.270000010728836,7.081904836
1763394257838240076,0.135000005364418,0.1800000071525573,-0.2249999940395355,7.091901091
1763394257848306312,0.135000005364418,-0.2249999940395355,0.1800000071525573,7.101967327
1763394257858178807,0.0900000035762786,0.135000005364418,0.0450000017881393,7.111839822
1763394257868216757,0.2249999940395355,0.2249999940395355,-0.1800000071525573,7.121877772
1763394257878436785,-0.1800000071525573,-0.3600000143051147,-0.0450000017881393,7.1320978
1763394257888517338,0.135000005364418,0.3600000143051147,-0.135000005364418,7.142178353
1763394257898397446,0.0,0.5849999785423279,-0.4950000047683716,7.152058461
1763394257908337338,0.0450000017881393,-0.0900000035762786,0.0450000017881393,7.161998353
1763394257918381015,-0.1800000071525573,0.3149999976158142,-0.270000010728836,7.17204203
1763394257928320139,0.1800000071525573,0.3149999976158142,0.0,7.181981154
1763394257938221828,0.0450000017881393,0.135000005364418,-0.2249999940395355,7.191882843
1763394257948215359,-0.0450000017881393,0.5849999785423279,-0.3149999976158142,7.201876374
1763394257958307855,-0.2249999940395355,0.3600000143051147,-0.135000005364418,7.21196887
1763394257968250681,-0.0450000017881393,0.0900000035762786,-0.270000010728836,7.221911696
1763394257978258110,-0.3149999976158142,0.135000005364418,-0.0450000017881393,7.231919125
1763394257988221888,-0.2249999940395355,-0.270000010728836,0.2249999940395355,7.241882903
1763394257998281978,-0.135000005364418,-0.1800000071525573,0.0900000035762786,7.251942993
1763394258008606839,-0.0450000017881393,-0.1800000071525573,0.135000005364418,7.262267854
1763394258018326659,0.0,-0.0900000035762786,-0.0450000017881393,7.271987674
1763394258028374527,0.0,-0.449999988079071,0.4050000011920929,7.282035542
1763394258038239618,-0.135000005364418,-0.270000010728836,0.0900000035762786,7.291900633
1763394258048272191,-0.0450000017881393,-0.270000010728836,0.2249999940395355,7.301933206
1763394258058199162,-0.135000005364418,-0.449999988079071,0.270000010728836,7.311860177
1763394258068310097,0.1800000071525573,-0.4050000011920929,0.270000010728836,7.321971112
1763394258078282536,-0.1800000071525573,-0.4050000011920929,0.135000005364418,7.331943551
1763394258088461566,-0.1800000071525573,-0.4050000011920929,0.3600000143051147,7.342122581
1763394258098828611,-0.0450000017881393,-0.3149999976158142,0.3149999976158142,7.352489626
1763394258108327941,0.0,-0.4050000011920929,0.1800000071525573,7.361988956
1763394258118559493,0.135000005364418,-1.034999966621399,0.7649999856948853,7.372220508
1763394258128228329,0.135000005364418,0.0,-0.0900000035762786,7.381889344
1763394258138244279,0.1800000071525573,-0.4050000011920929,0.449999988079071,7.391905294
1763394258148233479,0.0900000035762786,-0.270000010728836,0.270000010728836,7.401894494
1763394258158334566,0.0450000017881393,-0.3149999976158142,0.3600000143051147,7.411995581
1763394258168282770,0.0450000017881393,-0.4950000047683716,0.3600000143051147,7.421943785
1763394258178249202,0.135000005364418,-0.270000010728836,0.3600000143051147,7.431910217
1763394258188283939,0.0,-0.4950000047683716,0.6299999952316284,7.441944954
1763394258198212377,0.135000005364418,-0.4950000047683716,0.3149999976158142,7.451873392
1763394258208352157,0.0450000017881393,-0.0900000035762786,0.1800000071525573,7.462013172
1763394258218220671,0.1800000071525573,-0.270000010728836,0.3600000143051147,7.471881686
1763394258228339428,-0.135000005364418,-0.0900000035762786,0.4050000011920929,7.482000443
1763394258238234761,0.0450000017881393,-0.3600000143051147,0.4950000047683716,7.491895776
1763394258248283676,0.135000005364418,-0.1800000071525573,0.0900000035762786,7.501944691
1763394258258332522,0.0,-0.1800000071525573,-0.0450000017881393,7.511993537
1763394258268221150,0.0450000017881393,-0.0450000017881393,0.2249999940395355,7.521882165
1763394258278185347,-0.1800000071525573,-0.3600000143051147,0.1800000071525573,7.531846362
1763394258288369756,0.135000005364418,-0.2249999940395355,0.0900000035762786,7.542030771
1763394258298382563,0.1800000071525573,-0.1800000071525573,0.270000010728836,7.552043578
1763394258308294588,0.0,-0.0900000035762786,0.0900000035762786,7.561955603
1763394258318211572,0.135000005364418,0.0450000017881393,-0.135000005364418,7.571872587
1763394258328338990,-0.2249999940395355,-0.0450000017881393,0.1800000071525573,7.582000005
1763394258338273295,0.135000005364418,0.0900000035762786,-0.0900000035762786,7.59193431
1763394258348211511,0.0,0.0,0.0,7.601872526
1763394258358258191,-0.0450000017881393,-0.0450000017881393,-0.135000005364418,7.611919206
1763394258368258706,0.0450000017881393,0.4950000047683716,-0.449999988079071,7.621919721
1763394258378316701,0.0,0.3149999976158142,-0.3600000143051147,7.631977716
1763394258388519757,-0.135000005364418,0.9449999928474426,-0.8999999761581421,7.642180772
1763394258398349858,0.0,0.0450000017881393,0.0900000035762786,7.652010873
1763394258408319712,0.270000010728836,0.1800000071525573,-0.3149999976158142,7.661980727
1763394258418285446,0.135000005364418,0.0,-0.270000010728836,7.671946461
1763394258428285332,0.0,0.2249999940395355,-0.449999988079071,7.681946347
1763394258438198894,0.135000005364418,0.1800000071525573,-0.270000010728836,7.691859909
1763394258448289784,0.0900000035762786,0.7649999856948853,-0.9449999928474426,7.701950799
1763394258458215638,0.135000005364418,0.3149999976158142,-0.135000005364418,7.711876653
1763394258468228096,0.135000005364418,0.8550000190734863,-0.8999999761581421,7.721889111
1763394258478262973,0.0,-0.0450000017881393,-0.135000005364418,7.731923988
1763394258488461490,0.0900000035762786,0.5400000214576721,-0.3600000143051147,7.742122505
1763394258498255832,0.270000010728836,0.9449999928474426,-0.8550000190734863,7.751916847
1763394258508266264,0.0,0.0450000017881393,-0.3149999976158142,7.761927279
1763394258518270969,0.1800000071525573,0.5849999785423279,-0.7200000286102295,7.771931984
1763394258528313180,0.0450000017881393,0.135000005364418,0.0,7.781974195
1763394258538243923,-0.135000005364418,0.3149999976158142,-0.449999988079071,7.791904938
1763394258548245974,0.1800000071525573,0.2249999940395355,-0.135000005364418,7.801906989
1763394258558206051,-0.0450000017881393,0.5849999785423279,-0.270000010728836,7.811867066
1763394258568302179,0.0450000017881393,-0.0450000017881393,0.0900000035762786,7.821963194
1763394258578256738,0.0,-0.0450000017881393,-0.3149999976158142,7.831917753
1763394258588247475,-0.1800000071525573,0.4950000047683716,-0.675000011920929,7.84190849
1763394258598284517,0.1800000071525573,0.0,-0.1800000071525573,7.851945532
1763394258608729366,0.1800000071525573,0.9900000095367432,-0.7200000286102295,7.862390381
1763394258618229883,0.135000005364418,-0.0900000035762786,-0.0450000017881393,7.871890898
1763394258628244855,-0.0450000017881393,0.0,-0.270000010728836,7.88190587
1763394258638280012,-0.2249999940395355,0.135000005364418,-0.7200000286102295,7.891941027
1763394258648317543,0.0,0.135000005364418,-0.5400000214576721,7.901978558
1763394258658278807,0.0,0.3600000143051147,-0.270000010728836,7.911939822
1763394258668268357,0.0,0.2249999940395355,-0.2249999940395355,7.921929372
1763394258678299672,-0.0450000017881393,0.4050000011920929,-0.135000005364418,7.931960687
1763394258688400410,0.135000005364418,0.1800000071525573,-0.3600000143051147,7.942061425
1763394258698172821,-0.1800000071525573,-0.2249999940395355,-0.0450000017881393,7.951833836
1763394258708407516,0.1800000071525573,0.1800000071525573,0.0450000017881393,7.962068531
1763394258718456850,0.0,-0.0900000035762786,0.0450000017881393,7.972117865
1763394258728260551,0.0900000035762786,-0.0900000035762786,-0.0450000017881393,7.981921566
1763394258738255269,-0.135000005364418,-0.1800000071525573,0.0900000035762786,7.991916284
1763394258748239860,-0.135000005364418,-0.270000010728836,0.449999988079071,8.001900875
1763394258758220749,-0.2249999940395355,-0.449999988079071,0.6299999952316284,8.011881764
1763394258768215956,-0.0450000017881393,-0.4050000011920929,0.270000010728836,8.021876971
1763394258778186090,0.135000005364418,-0.6299999952316284,0.5849999785423279,8.031847105
1763394258788246320,0.1800000071525573,-0.4950000047683716,0.6299999952316284,8.041907335
1763394258798517821,-0.2249999940395355,-0.5849999785423279,0.4050000011920929,8.052178836
1763394258808415179,0.2249999940395355,-0.5849999785423279,0.4950000047683716,8.062076194
1763394258818298150,0.0,-0.4950000047683716,0.7649999856948853,8.071959165
1763394258828247471,0.0450000017881393,-0.6299999952316284,0.8100000023841858,8.081908486
1763394258838316152,0.0450000017881393,-1.0800000429153442,0.9900000095367432,8.091977167
1763394258848211136,-0.2249999940395355,0.0,-0.0450000017881393,8.101872151
1763394258858218216,0.3600000143051147,-1.440000057220459,0.8999999761581421,8.111879231
1763394258868233328,0.0450000017881393,0.0,0.1800000071525573,8.121894343
1763394258878301868,0.135000005364418,0.0,0.2249999940395355,8.131962883
1763394258888410708,0.0,-0.0900000035762786,0.0450000017881393,8.142071723
1763394258898343616,0.2249999940395355,-0.7649999856948853,0.5400000214576721,8.152004631
1763394258908296080,0.1800000071525573,-0.4050000011920929,0.4050000011920929,8.161957095
1763394258918406805,-0.2249999940395355,-0.4950000047683716,0.449999988079071,8.17206782
1763394258928294386,0.0450000017881393,-0.675000011920929,0.5849999785423279,8.181955401
1763394258938284983,0.0,-0.4050000011920929,0.0900000035762786,8.191945998
1763394258948221523,0.0,-0.3149999976158142,0.270000010728836,8.201882538
1763394258958238171,-0.1800000071525573,-0.4050000011920929,0.4950000047683716,8.211899186
1763394258968235753,0.0900000035762786,-0.3149999976158142,0.270000010728836,8.221896768
1763394258978235290,-0.0450000017881393,-0.3149999976158142,0.4950000047683716,8.231896305
1763394258988288605,-0.1800000071525573,-0.4050000011920929,0.3600000143051147,8.24194962
1763394258998248752,0.0900000035762786,-0.0900000035762786,0.1800000071525573,8.251909767
1763394259008354448,-0.0450000017881393,-0.3149999976158142,0.4050000011920929,8.262015463
1763394259018226315,-0.135000005364418,-0.2249999940395355,0.0450000017881393,8.27188733
1763394259028332151,-0.2249999940395355,-0.270000010728836,-0.1800000071525573,8.281993166
1763394259038217148,0.0450000017881393,0.1800000071525573,-0.1800000071525573,8.291878163
1763394259048287155,-0.135000005364418,0.0450000017881393,-0.1800000071525573,8.30194817
1763394259058152526,0.0450000017881393,0.2249999940395355,-0.3149999976158142,8.311813541
1763394259068241531,0.2249999940395355,0.5400000214576721,-0.5400000214576721,8.321902546
1763394259078244630,-0.0450000017881393,0.2249999940395355,-0.270000010728836,8.331905645
1763394259088380079,0.0900000035762786,0.4950000047683716,-0.5400000214576721,8.342041094
1763394259098378010,0.1800000071525573,0.3600000143051147,-0.7200000286102295,8.352039025
1763394259108247082,0.2249999940395355,0.4050000011920929,-0.270000010728836,8.361908097
1763394259118735722,-0.1800000071525573,0.3600000143051147,-0.4050000011920929,8.372396737
1763394259128276538,0.0,0.1800000071525573,-0.270000010728836,8.381937553
1763394259138233541,0.1800000071525573,0.7649999856948853,-0.9449999928474426,8.391894556
1763394259148263669,0.135000005364418,0.1800000071525573,-0.4950000047683716,8.401924684
1763394259158263556,0.0450000017881393,0.0450000017881393,-0.1800000071525573,8.411924571
1763394259168277201,0.0900000035762786,1.215000033378601,-1.125,8.421938216
1763394259178278484,0.2249999940395355,-0.0450000017881393,-0.135000005364418,8.431939499
1763394259188241564,0.2249999940395355,0.2249999940395355,-0.270000010728836,8.441902579
1763394259198260168,0.135000005364418,0.6299999952316284,-0.5400000214576721,8.451921183
1763394259208368169,0.1800000071525573,-0.1800000071525573,-0.0900000035762786,8.462029184
1763394259218949349,0.1800000071525573,0.8999999761581421,-1.0800000429153442,8.472610364
1763394259228427936,0.0450000017881393,0.2249999940395355,-0.3149999976158142,8.482088951
1763394259238210265,-0.3149999976158142,0.0900000035762786,-0.1800000071525573,8.49187128
1763394259248290120,-0.0450000017881393,0.7200000286102295,-0.4050000011920929,8.501951135
1763394259258179447,-0.2249999940395355,0.1800000071525573,-0.135000005364418,8.511840462
1763394259268215581,0.0450000017881393,0.8100000023841858,-0.5849999785423279,8.521876596
1763394259278256325,0.0,-0.0900000035762786,-0.135000005364418,8.53191734
1763394259288404346,0.1800000071525573,0.4950000047683716,-0.5400000214576721,8.542065361
1763394259298283196,0.1800000071525573,0.0900000035762786,0.1800000071525573,8.551944211
1763394259308174828,-0.3149999976158142,0.2249999940395355,-0.1800000071525573,8.561835843
1763394259318261737,-0.3149999976158142,0.135000005364418,-0.1800000071525573,8.571922752
1763394259328270633,-0.0450000017881393,0.0900000035762786,0.0450000017881393,8.581931648
1763394259338238741,-0.135000005364418,-0.1800000071525573,0.0450000017881393,8.591899756
1763394259348222913,0.0,0.0,-0.0450000017881393,8.601883928
1763394259358210298,-0.135000005364418,0.1800000071525573,-0.0450000017881393,8.611871313
1763394259368276464,0.0,-0.0900000035762786,0.2249999940395355,8.621937479
1763394259378275442,0.135000005364418,0.1800000071525573,0.0450000017881393,8.631936457
1763394259388333298,-0.0450000017881393,-0.1800000071525573,0.135000005364418,8.641994313
1763394259398330809,-0.0450000017881393,-0.1800000071525573,-0.0450000017881393,8.651991824
1763394259408284321,0.0450000017881393,0.0,0.0450000017881393,8.661945336
1763394259418239229,-0.1800000071525573,-0.0900000035762786,0.1800000071525573,8.671900244
1763394259428264957,0.135000005364418,-0.2249999940395355,0.0900000035762786,8.681925972
1763394259438238582,0.0450000017881393,-0.0450000017881393,0.1800000071525573,8.691899597
1763394259448309638,-0.135000005364418,-0.0450000017881393,0.2249999940395355,8.701970653
1763394259458262381,0.135000005364418,-0.0900000035762786,0.0450000017881393,8.711923396
1763394259468298864,-0.3149999976158142,-0.3600000143051147,0.135000005364418,8.721959879
1763394259478284223,0.0,0.0,-0.0450000017881393,8.731945238
1763394259488347107,0.0,-0.1800000071525573,0.3149999976158142,8.742008122
1763394259498288885,-0.135000005364418,-0.0450000017881393,0.1800000071525573,8.7519499
1763394259508235901,0.0,-0.270000010728836,-0.0450000017881393,8.761896916
1763394259518167552,0.0450000017881393,-0.3600000143051147,0.4050000011920929,8.771828567
1763394259528380316,0.0900000035762786,-0.1800000071525573,0.1800000071525573,8.782041331
1763394259538273903,-0.0450000017881393,-0.2249999940395355,0.2249999940395355,8.791934918
1763394259548305777,-0.0450000017881393,-0.270000010728836,0.6299999952316284,8.801966792
1763394259558213193,-0.2249999940395355,-0.0900000035762786,-0.1800000071525573,8.811874208
1763394259568244299,0.2249999940395355,-0.4050000011920929,0.449999988079071,8.821905314
1763394259578169943,-0.135000005364418,-0.4950000047683716,0.4050000011920929,8.831830958
1763394259588291564,0.0,-0.0900000035762786,0.3600000143051147,8.841952579
1763394259598334682,-0.1800000071525573,-0.270000010728836,0.3149999976158142,8.851995697
1763394259608438353,0.0,-0.4050000011920929,0.5849999785423279,8.862099368
1763394259618225432,0.0,-0.4950000047683716,0.1800000071525573,8.871886447
1763394259628688020,-0.1800000071525573,-0.2249999940395355,0.3600000143051147,8.882349035
1763394259638280519,0.0,-0.270000010728836,0.1800000071525573,8.891941534
1763394259648269650,0.0450000017881393,-0.3149999976158142,0.449999988079071,8.901930665
1763394259658182723,-0.135000005364418,-0.0900000035762786,0.0900000035762786,8.911843738
1763394259668269772,0.0,-0.270000010728836,0.135000005364418,8.921930787
1763394259678203448,0.0,-0.5849999785423279,0.4050000011920929,8.931864463
1763394259688378428,0.0450000017881393,-0.1800000071525573,0.1800000071525573,8.942039443
1763394259698329844,0.135000005364418,-0.5849999785423279,0.4050000011920929,8.951990859
1763394259708469135,0.135000005364418,-0.0450000017881393,0.1800000071525573,8.96213015
1763394259718336950,0.1800000071525573,-0.270000010728836,0.4050000011920929,8.971997965
1763394259728282150,0.135000005364418,-0.270000010728836,0.0450000017881393,8.981943165
1763394259738312976,0.135000005364418,-0.0900000035762786,0.135000005364418,8.991973991
1763394259748220602,-0.135000005364418,-0.0450000017881393,0.135000005364418,9.001881617
1763394259758274546,0.0450000017881393,-0.1800000071525573,0.0900000035762786,9.011935561
1763394259768187339,-0.0450000017881393,-0.270000010728836,0.135000005364418,9.021848354
1763394259778203569,-0.0450000017881393,-0.2249999940395355,0.0450000017881393,9.031864584
1763394259788301094,-0.1800000071525573,-0.1800000071525573,0.1800000071525573,9.041962109
1763394259798530061,0.0,-0.0450000017881393,0.1800000071525573,9.052191076
1763394259808308968,-0.2249999940395355,-0.1800000071525573,0.0900000035762786,9.061969983
1763394259818246765,0.0450000017881393,-0.0900000035762786,0.3600000143051147,9.07190778
1763394259828263902,0.2249999940395355,-0.0450000017881393,0.135000005364418,9.081924917
1763394259838321338,0.1800000071525573,0.0900000035762786,0.135000005364418,9.091982353
1763394259848263954,-0.135000005364418,0.0900000035762786,0.1800000071525573,9.101924969
1763394259858308819,0.135000005364418,-0.0900000035762786,0.0450000017881393,9.111969834
1763394259868278953,0.0,0.135000005364418,-0.135000005364418,9.121939968
1763394259878261867,0.0,0.0,0.0450000017881393,9.131922882
1763394259888546220,0.0450000017881393,0.135000005364418,0.0,9.142207235
1763394259898272954,-0.0450000017881393,0.135000005364418,-0.0450000017881393,9.151933969
1763394259908280174,-0.135000005364418,0.2249999940395355,-0.5400000214576721,9.161941189
1763394259918273705,0.1800000071525573,0.3149999976158142,-0.1800000071525573,9.17193472
1763394259928401053,0.0900000035762786,0.0450000017881393,0.0450000017881393,9.182062068
1763394259938398704,0.0,0.5849999785423279,-0.3149999976158142,9.192059719
1763394259948263586,-0.1800000071525573,0.135000005364418,-0.135000005364418,9.201924601
1763394259958261517,-0.1800000071525573,0.449999988079071,-0.135000005364418,9.211922532
1763394259968297861,0.0,0.4950000047683716,-0.3600000143051147,9.221958876
1763394259978159320,0.135000005364418,0.5400000214576721,-0.1800000071525573,9.231820335
1763394259988159696,0.0450000017881393,0.2249999940395355,-0.3600000143051147,9.241820711
1763394259998202185,0.0450000017881393,0.3149999976158142,-0.1800000071525573,9.2518632
1763394260008245374,0.0450000017881393,0.5400000214576721,-0.3600000143051147,9.261906389
1763394260018327743,0.0450000017881393,0.0,-0.3149999976158142,9.271988758
1763394260028328119,-0.135000005364418,0.3149999976158142,-0.270000010728836,9.281989134
1763394260038382831,0.0,0.1800000071525573,-0.270000010728836,9.292043846
1763394260048253579,0.0450000017881393,0.0900000035762786,-0.0450000017881393,9.301914594
1763394260058206602,0.0,0.135000005364418,-0.135000005364418,9.311867617
1763394260068188679,-0.0450000017881393,0.1800000071525573,-0.0450000017881393,9.321849694
1763394260078263016,0.135000005364418,0.1800000071525573,-0.1800000071525573,9.331924031
1763394260088392459,0.0450000017881393,0.4950000047683716,-0.2249999940395355,9.342053474
1763394260098281367,-0.0450000017881393,0.5400000214576721,-0.1800000071525573,9.351942382
1763394260108324206,0.0900000035762786,0.1800000071525573,-0.2249999940395355,9.361985221
1763394260118222961,0.2249999940395355,0.1800000071525573,-0.3600000143051147,9.371883976
1763394260128261959,-0.135000005364418,0.0450000017881393,-0.2249999940395355,9.381922974
1763394260138673843,-0.2249999940395355,0.0450000017881393,-0.2249999940395355,9.392334858
1763394260148430470,-0.135000005364418,0.0450000017881393,-0.135000005364418,9.402091485
1763394260158284107,-0.0450000017881393,0.0,-0.0450000017881393,9.411945122
1763394260168336305,-0.0450000017881393,0.3600000143051147,-0.449999988079071,9.42199732
1763394260178291074,-0.0450000017881393,0.2249999940395355,-0.1800000071525573,9.431952089
1763394260188263792,0.0900000035762786,0.135000005364418,-0.135000005364418,9.441924807
1763394260198180985,0.0,0.2249999940395355,-0.135000005364418,9.451842
1763394260208536017,0.0,0.3149999976158142,-0.135000005364418,9.462197032
1763394260218527313,0.135000005364418,0.2249999940395355,-0.2249999940395355,9.472188328
1763394260228309083,-0.1800000071525573,0.0,-0.1800000071525573,9.481970098
1763394260238190658,0.0450000017881393,0.0450000017881393,-0.135000005364418,9.491851673
1763394260248336583,0.135000005364418,0.0900000035762786,0.0900000035762786,9.501997598
1763394260258234850,-0.0450000017881393,0.3149999976158142,-0.0450000017881393,9.511895865
1763394260268202748,0.1800000071525573,0.135000005364418,-0.1800000071525573,9.521863763
1763394260278285677,-0.135000005364418,0.449999988079071,-0.5849999785423279,9.531946692
1763394260288329005,-0.135000005364418,-0.0450000017881393,0.270000010728836,9.54199002
1763394260298268198,0.0,0.0,-0.0450000017881393,9.551929213
1763394260308310199,-0.0450000017881393,0.0,-0.3149999976158142,9.561971214
1763394260318311832,-0.2249999940395355,-0.2249999940395355,-0.1800000071525573,9.571972847
1763394260328218898,-0.1800000071525573,0.0,-0.135000005364418,9.581879913
1763394260338239807,0.1800000071525573,0.2249999940395355,-0.0450000017881393,9.591900822
1763394260348396209,-0.2249999940395355,0.1800000071525573,0.1800000071525573,9.602057224
1763394260358266539,-0.135000005364418,0.135000005364418,-0.3149999976158142,9.611927554
1763394260368272920,0.1800000071525573,-0.3600000143051147,-0.0900000035762786,9.621933935
1763394260378245149,-0.0450000017881393,0.135000005364418,-0.135000005364418,9.631906164
1763394260388213188,0.0450000017881393,0.0900000035762786,0.1800000071525573,9.641874203
1763394260398391101,0.0900000035762786,-0.3600000143051147,0.3600000143051147,9.652052116
1763394260408341050,0.135000005364418,-0.1800000071525573,-0.0900000035762786,9.662002065
1763394260418288206,0.135000005364418,-0.4950000047683716,0.449999988079071,9.671949221
1763394260428326575,-0.2249999940395355,-0.1800000071525573,0.270000010728836,9.68198759
1763394260438316474,0.0450000017881393,-0.4050000011920929,0.1800000071525573,9.691977489
1763394260448320342,0.135000005364418,-0.4950000047683716,0.4050000011920929,9.701981357
1763394260458258278,0.1800000071525573,-0.449999988079071,0.4950000047683716,9.711919293
1763394260468247549,0.0450000017881393,-0.4950000047683716,0.270000010728836,9.721908564
1763394260478244362,0.0,-0.270000010728836,0.4950000047683716,9.731905377
1763394260488308782,-0.3149999976158142,-0.270000010728836,0.4050000011920929,9.741969797
1763394260498238128,0.0450000017881393,-0.3149999976158142,0.3600000143051147,9.751899143
1763394260508269513,-0.135000005364418,-0.4050000011920929,0.449999988079071,9.761930528
1763394260518200186,0.0,-0.1800000071525573,0.2249999940395355,9.771861201
1763394260528257413,-0.0450000017881393,-0.8100000023841858,0.7649999856948853,9.781918428
1763394260538337059,-0.135000005364418,-0.0450000017881393,0.0450000017881393,9.791998074
1763394260548425085,0.0900000035762786,-0.4050000011920929,0.4950000047683716,9.8020861
1763394260558202176,0.0,-0.4050000011920929,0.3600000143051147,9.811863191
1763394260568274907,0.1800000071525573,-0.270000010728836,0.1800000071525573,9.821935922
1763394260578325848,0.1800000071525573,-0.3149999976158142,0.3149999976158142,9.831986863
1763394260588240039,0.0450000017881393,-0.4050000011920929,0.4950000047683716,9.841901054
1763394260598422352,-0.0450000017881393,-0.270000010728836,0.4950000047683716,9.852083367
1763394260608364130,0.0,-0.3149999976158142,0.3600000143051147,9.862025145
1763394260618149043,0.0450000017881393,-0.2249999940395355,0.3600000143051147,9.871810058
1763394260628246917,0.135000005364418,-0.0900000035762786,0.0450000017881393,9.881907932
1763394260638347935,0.0,-0.270000010728836,0.270000010728836,9.89200895
1763394260648690325,0.1800000071525573,-0.0450000017881393,0.270000010728836,9.90235134
1763394260658221713,0.270000010728836,-0.0900000035762786,0.1800000071525573,9.911882728
1763394260668248209,-0.135000005364418,-0.449999988079071,0.270000010728836,9.921909224
1763394260678169383,-0.3149999976158142,-0.0450000017881393,0.0450000017881393,9.931830398
1763394260688381170,0.0,-0.2249999940395355,0.3600000143051147,9.942042185
1763394260698201283,-0.0450000017881393,-0.0450000017881393,0.2249999940395355,9.951862298
1763394260708237837,0.135000005364418,0.0900000035762786,0.0900000035762786,9.961898852
1763394260718293108,0.0,-0.0900000035762786,-0.0450000017881393,9.971954123
1763394260728358645,0.0450000017881393,0.0900000035762786,0.0900000035762786,9.98201966
1763394260738353712,0.0,0.1800000071525573,0.0,9.992014727
1763394260748812111,-0.135000005364418,0.2249999940395355,-0.135000005364418,10.002473126
1763394260758305783,-0.0450000017881393,0.0900000035762786,-0.3149999976158142,10.011966798
1763394260768172272,-0.1800000071525573,0.0450000017881393,-0.0900000035762786,10.021833287
1763394260778259251,-0.0450000017881393,0.4050000011920929,-0.270000010728836,10.031920266
1763394260788254248,-0.0450000017881393,0.5400000214576721,-0.3149999976158142,10.041915263
1763394260798223264,0.135000005364418,0.3149999976158142,-0.3149999976158142,10.051884279
1763394260808183550,0.1800000071525573,0.135000005364418,0.0,10.061844565
1763394260818316625,-0.0450000017881393,0.3149999976158142,-0.135000005364418,10.07197764
1763394260828278238,0.135000005364418,0.135000005364418,-0.449999988079071,10.081939253
1763394260838382817,0.0,0.3149999976158142,-0.2249999940395355,10.092043832
1763394260848367059,-0.135000005364418,0.135000005364418,-0.3149999976158142,10.102028074
1763394260858310024,0.0,0.3600000143051147,-0.3600000143051147,10.111971039
1763394260868281695,0.135000005364418,0.1800000071525573,-0.3600000143051147,10.12194271
1763394260878255879,0.135000005364418,-0.0900000035762786,-0.3149999976158142,10.131916894
1763394260888398103,0.0,0.4050000011920929,-0.3600000143051147,10.142059118
1763394260898336808,0.1800000071525573,0.2249999940395355,-0.2249999940395355,10.151997823
1763394260908346053,0.0450000017881393,0.3149999976158142,-0.3149999976158142,10.162007068
1763394260918214567,-0.0450000017881393,0.135000005364418,-0.135000005364418,10.171875582
1763394260928348829,0.0450000017881393,0.3149999976158142,-0.1800000071525573,10.182009844
1763394260938289978,0.135000005364418,0.0450000017881393,-0.1800000071525573,10.191950993
1763394260948265979,0.0450000017881393,0.135000005364418,-0.4950000047683716,10.201926994
1763394260958311332,-0.2249999940395355,0.135000005364418,-0.1800000071525573,10.211972347
1763394260968323720,0.0,-0.1800000071525573,0.0450000017881393,10.221984735
1763394260978203898,0.0,0.1800000071525573,-0.449999988079071,10.231864913
1763394260988254140,0.0450000017881393,0.2249999940395355,-0.3600000143051147,10.241915155
1763394260998295722,0.1800000071525573,0.449999988079071,-0.5400000214576721,10.251956737
1763394261008323335,0.0450000017881393,0.3149999976158142,-0.1800000071525573,10.26198435
1763394261018262250,0.270000010728836,0.0450000017881393,-0.0450000017881393,10.271923265
1763394261028291330,0.1800000071525573,0.7649999856948853,-0.6299999952316284,10.281952345
1763394261038292963,-0.1800000071525573,-0.3600000143051147,0.4050000011920929,10.291953978
1763394261048289776,-0.0450000017881393,0.0,-0.135000005364418,10.301950791
1763394261058244754,0.0,0.1800000071525573,-0.1800000071525573,10.311905769
1763394261068225434,0.0450000017881393,-0.2249999940395355,0.1800000071525573,10.321886449
1763394261078293695,-0.0450000017881393,-0.0900000035762786,-0.135000005364418,10.33195471
1763394261088395062,-0.0450000017881393,0.0450000017881393,-0.135000005364418,10.342056077
1763394261098254636,-0.135000005364418,-0.0450000017881393,-0.1800000071525573,10.351915651
1763394261108326389,0.0450000017881393,0.135000005364418,-0.1800000071525573,10.361987404
1763394261118258529,0.0450000017881393,0.3149999976158142,-0.135000005364418,10.371919544
1763394261128332518,0.0450000017881393,0.3600000143051147,-0.3149999976158142,10.381993533
1763394261138305724,0.0900000035762786,0.0,-0.1800000071525573,10.391966739
1763394261148317833,-0.1800000071525573,0.2249999940395355,-0.135000005364418,10.401978848
1763394261158736282,0.0900000035762786,0.0,-0.1800000071525573,10.412397297
1763394261168266691,0.1800000071525573,0.135000005364418,0.0,10.421927706
1763394261178190380,0.135000005364418,0.1800000071525573,-0.3600000143051147,10.431851395
1763394261188216108,-0.2249999940395355,-0.0450000017881393,-0.0450000017881393,10.441877123
1763394261198283252,0.135000005364418,0.2249999940395355,-0.135000005364418,10.451944267
1763394261208447057,0.0,-0.0900000035762786,0.0,10.462108072
1763394261218366974,0.0900000035762786,0.0900000035762786,-0.135000005364418,10.472027989
1763394261228412048,0.0,0.0,0.0900000035762786,10.482073063
1763394261238340137,-0.135000005364418,-0.0900000035762786,-0.1800000071525573,10.492001152
1763394261248250975,-0.0450000017881393,-0.3600000143051147,0.135000005364418,10.50191199
1763394261258190868,-0.0450000017881393,-0.0900000035762786,0.0450000017881393,10.511851883
1763394261268245650,0.1800000071525573,-0.270000010728836,0.3600000143051147,10.521906665
1763394261278230380,-0.1800000071525573,-0.2249999940395355,0.3600000143051147,10.531891395
1763394261288554752,0.1800000071525573,-0.1800000071525573,0.270000010728836,10.542215767
1763394261298361386,0.135000005364418,-0.2249999940395355,0.1800000071525573,10.552022401
1763394261308320135,0.1800000071525573,-0.2249999940395355,0.1800000071525573,10.56198115
1763394261318255627,-0.0450000017881393,-0.1800000071525573,0.1800000071525573,10.571916642
1763394261328248460,0.1800000071525573,-0.270000010728836,0.3600000143051147,10.581909475
1763394261338404722,0.0450000017881393,-0.449999988079071,0.1800000071525573,10.592065737
1763394261348273794,0.1800000071525573,-0.270000010728836,0.2249999940395355,10.601934809
1763394261358222207,0.2249999940395355,-0.4050000011920929,0.3600000143051147,10.611883222
1763394261368356050,-0.2249999940395355,-0.270000010728836,0.4950000047683716,10.622017065
1763394261378323111,0.0450000017881393,-0.3149999976158142,0.1800000071525573,10.631984126
1763394261388223892,-0.1800000071525573,-0.5849999785423279,0.449999988079071,10.641884907
1763394261398470320,0.0900000035762786,-0.5849999785423279,0.270000010728836,10.652131335
1763394261408306008,0.135000005364418,-0.4050000011920929,0.270000010728836,10.661967023
1763394261418206928,0.0,-0.5400000214576721,0.675000011920929,10.671867943
1763394261428408937,0.2249999940395355,-0.1800000071525573,0.135000005364418,10.682069952
1763394261438464837,0.1800000071525573,-0.2249999940395355,0.3149999976158142,10.692125852
1763394261448305064,0.0,-0.1800000071525573,0.270000010728836,10.701966079
1763394261458239719,-0.0450000017881393,-0.1800000071525573,0.0900000035762786,10.711900734
1763394261468318666,0.0,-0.4950000047683716,0.449999988079071,10.721979681
1763394261478233136,-0.1800000071525573,-0.1800000071525573,0.270000010728836,10.731894151
1763394261488333035,0.135000005364418,-0.3149999976158142,0.3600000143051147,10.74199405
1763394261498184159,-0.0450000017881393,-0.449999988079071,0.4950000047683716,10.751845174
1763394261508301659,0.135000005364418,-0.5849999785423279,0.4950000047683716,10.761962674
1763394261518308040,0.2249999940395355,-0.0450000017881393,0.4050000011920929,10.771969055
1763394261528336492,-0.0450000017881393,-0.3149999976158142,0.4050000011920929,10.781997507
1763394261538370810,0.135000005364418,-0.449999988079071,0.2249999940395355,10.792031825
1763394261548176886,-0.2249999940395355,-0.0450000017881393,0.0900000035762786,10.801837901
1763394261558207013,-0.135000005364418,-0.0450000017881393,0.1800000071525573,10.811868028
1763394261568380946,-0.135000005364418,-0.4950000047683716,0.2249999940395355,10.822041961
1763394261578221523,0.0900000035762786,-0.1800000071525573,0.0900000035762786,10.831882538
1763394261588231187,-0.0450000017881393,-0.1800000071525573,0.1800000071525573,10.841892202
1763394261598200622,-0.0450000017881393,-0.0450000017881393,0.0450000017881393,10.851861637
1763394261608416879,0.0,0.3600000143051147,-0.0900000035762786,10.862077894
1763394261618278827,0.135000005364418,-0.0450000017881393,-0.1800000071525573,10.871939842
1763394261628382010,0.0450000017881393,0.3149999976158142,-0.3149999976158142,10.882043025
1763394261638160497,-0.2249999940395355,0.135000005364418,-0.135000005364418,10.891821512
1763394261648371376,-0.1800000071525573,0.135000005364418,0.0450000017881393,10.902032391
1763394261658179337,0.0450000017881393,0.135000005364418,-0.3149999976158142,10.911840352
1763394261668653449,0.0450000017881393,0.2249999940395355,-0.3149999976158142,10.922314464
1763394261678252444,0.0450000017881393,0.3149999976158142,-0.3600000143051147,10.931913459
1763394261688634225,0.0,0.7200000286102295,-0.449999988079071,10.94229524
1763394261698269118,0.0,0.5400000214576721,-0.449999988079071,10.951930133
1763394261708442701,0.0900000035762786,0.135000005364418,-0.2249999940395355,10.962103716
1763394261718499159,-0.135000005364418,0.6299999952316284,-0.4050000011920929,10.972160174
1763394261728265075,-0.135000005364418,0.3149999976158142,-0.2249999940395355,10.98192609
1763394261738205736,0.0450000017881393,0.4950000047683716,-0.2249999940395355,10.991866751
1763394261748289782,0.2249999940395355,0.0900000035762786,0.0,11.001950797
1763394261758258169,0.0450000017881393,0.5849999785423279,-0.7200000286102295,11.011919184
1763394261768232703,0.0,-0.2249999940395355,0.3600000143051147,11.021893718
1763394261778351320,-0.0450000017881393,0.7200000286102295,-0.7200000286102295,11.032012335
1763394261788240019,0.135000005364418,0.3149999976158142,-0.1800000071525573,11.041901034
1763394261798214902,-0.0450000017881393,-0.2249999940395355,0.135000005364418,11.051875917
1763394261808320179,-0.135000005364418,0.6299999952316284,-0.8999999761581421,11.061981194
1763394261818321602,-0.2249999940395355,0.0450000017881393,0.0450000017881393,11.071982617
1763394261828239634,0.0,0.7649999856948853,-0.5849999785423279,11.081900649
1763394261838243850,-0.3149999976158142,0.0900000035762786,-0.1800000071525573,11.091904865
1763394261848345706,0.0,0.7200000286102295,-0.5400000214576721,11.102006721
1763394261858239991,-0.135000005364418,-0.4050000011920929,0.0900000035762786,11.111901006
1763394261868294773,-0.0450000017881393,0.1800000071525573,0.0450000017881393,11.121955788
1763394261878379029,-0.1800000071525573,0.0450000017881393,-0.0450000017881393,11.132040044
1763394261888397842,0.0450000017881393,0.1800000071525573,-0.135000005364418,11.142058857
1763394261898275296,-0.0450000017881393,0.135000005364418,-0.1800000071525573,11.151936311
1763394261908278953,0.0,0.1800000071525573,-0.3149999976158142,11.161939968
1763394261918268154,-0.135000005364418,0.3149999976158142,-0.1800000071525573,11.171929169
1763394261928369800,0.0450000017881393,0.3600000143051147,-0.135000005364418,11.182030815
1763394261938289019,0.0450000017881393,-0.0450000017881393,-0.3149999976158142,11.191950034
1763394261948298893,0.1800000071525573,0.4950000047683716,-0.3600000143051147,11.201959908
1763394261958314773,0.135000005364418,0.0900000035762786,-0.270000010728836,11.211975788
1763394261968206195,-0.0450000017881393,0.135000005364418,0.0450000017881393,11.22186721
1763394261978244145,0.135000005364418,0.135000005364418,-0.3149999976158142,11.23190516
1763394261988260444,0.0,0.3149999976158142,-0.449999988079071,11.241921459
1763394261998269410,-0.0450000017881393,-0.1800000071525573,-0.135000005364418,11.251930425
1763394262008600137,0.270000010728836,0.0450000017881393,-0.135000005364418,11.262261152
1763394262018284967,0.270000010728836,0.2249999940395355,-0.0450000017881393,11.271945982
1763394262028305806,0.0,0.3149999976158142,-0.270000010728836,11.281966821
1763394262038306181,-0.135000005364418,0.2249999940395355,-0.270000010728836,11.291967196
1763394262048326601,0.0,0.0,-0.0450000017881393,11.301987616
1763394262058167597,-0.0450000017881393,0.0450000017881393,0.0450000017881393,11.311828612
1763394262068227338,-0.135000005364418,0.2249999940395355,-0.270000010728836,11.321888353
1763394262078300209,-0.0450000017881393,0.0,-0.0450000017881393,11.331961224
1763394262088404229,-0.2249999940395355,-0.0450000017881393,0.0,11.342065244
1763394262098226857,0.2249999940395355,-0.0900000035762786,0.1800000071525573,11.351887872
1763394262108302801,-0.2249999940395355,-0.4050000011920929,0.0450000017881393,11.361963816
1763394262118210287,0.0450000017881393,-0.1800000071525573,0.2249999940395355,11.371871302
1763394262128237132,0.0450000017881393,-0.4950000047683716,0.675000011920929,11.381898147
1763394262138407223,-0.2249999940395355,-0.0900000035762786,0.2249999940395355,11.392068238
1763394262148213158,-0.0450000017881393,-0.6299999952316284,0.4050000011920929,11.401874173
1763394262158263471,0.1800000071525573,-0.3600000143051147,0.3149999976158142,11.411924486
1763394262168347796,0.0,-0.449999988079071,0.3600000143051147,11.422008811
1763394262178716796,0.135000005364418,-0.3149999976158142,0.4050000011920929,11.432377811
1763394262188250558,0.0450000017881393,-0.4950000047683716,0.5849999785423279,11.441911573
1763394262198326083,0.0900000035762786,-0.449999988079071,0.3600000143051147,11.451987098
1763394262208275264,0.0,-0.4950000047683716,0.1800000071525573,11.461936279
1763394262218498086,0.135000005364418,-0.1800000071525573,0.0450000017881393,11.472159101
1763394262228425127,-0.1800000071525573,-0.5849999785423279,0.449999988079071,11.482086142
1763394262238297203,0.270000010728836,-0.4050000011920929,0.449999988079071,11.491958218
1763394262248280187,0.0900000035762786,-0.449999988079071,0.3600000143051147,11.501941202
1763394262258235375,0.2249999940395355,-0.4050000011920929,0.3600000143051147,11.51189639
1763394262268230163,0.0450000017881393,-0.3149999976158142,0.0900000035762786,11.521891178
1763394262278249465,0.0450000017881393,-0.270000010728836,-0.0450000017881393,11.53191048
1763394262288407474,0.135000005364418,-0.1800000071525573,0.1800000071525573,11.542068489
1763394262298258317,0.0450000017881393,-0.270000010728836,0.1800000071525573,11.551919332
1763394262308315614,-0.0450000017881393,-0.270000010728836,0.3600000143051147,11.561976629
1763394262318292522,-0.135000005364418,-0.4050000011920929,0.4050000011920929,11.571953537
1763394262328324256,0.0450000017881393,-0.3600000143051147,0.135000005364418,11.581985271
1763394262338377991,-0.135000005364418,-0.270000010728836,0.449999988079071,11.592039006
1763394262348277095,0.135000005364418,-0.270000010728836,0.270000010728836,11.60193811
1763394262358268531,-0.3149999976158142,-0.3149999976158142,0.3600000143051147,11.611929546
1763394262368298868,0.135000005364418,-0.449999988079071,0.4050000011920929,11.621959883
1763394262378233522,0.2249999940395355,-0.270000010728836,0.1800000071525573,11.631894537
1763394262388278317,0.0,-0.2249999940395355,0.135000005364418,11.641939332
1763394262398253479,-0.135000005364418,0.0,0.2249999940395355,11.651914494
1763394262408366928,0.1800000071525573,-0.270000010728836,0.3600000143051147,11.662027943
1763394262418754926,0.0900000035762786,0.0900000035762786,0.2249999940395355,11.672415941
1763394262428393381,0.0,-0.0900000035762786,-0.135000005364418,11.682054396
1763394262438291926,0.0,0.0,0.0450000017881393,11.691952941
1763394262448280079,0.135000005364418,0.0900000035762786,0.0900000035762786,11.701941094
1763394262458220181,-0.135000005364418,0.135000005364418,0.0,11.711881196
1763394262468249401,-0.135000005364418,0.0450000017881393,-0.270000010728836,11.721910416
1763394262478208360,-0.0450000017881393,0.0,-0.0450000017881393,11.731869375
1763394262488433486,-0.0450000017881393,0.135000005364418,-0.1800000071525573,11.742094501
1763394262498276159,0.135000005364418,0.2249999940395355,-0.270000010728836,11.751937174
1763394262508273740,-0.135000005364418,0.3149999976158142,-0.3149999976158142,11.761934755
1763394262518304427,0.1800000071525573,0.6299999952316284,-0.449999988079071,11.771965442
1763394262528345101,0.1800000071525573,0.5849999785423279,-0.2249999940395355,11.782006116
1763394262538263482,0.135000005364418,0.0,-0.449999988079071,11.791924497
1763394262548407661,0.1800000071525573,0.135000005364418,-0.3149999976158142,11.802068676
1763394262558310677,0.135000005364418,0.1800000071525573,-0.449999988079071,11.811971692
1763394262568397237,0.0450000017881393,0.135000005364418,-0.3600000143051147,11.822058252
1763394262578244100,-0.0450000017881393,0.4950000047683716,-0.1800000071525573,11.831905115
1763394262588371587,0.2249999940395355,0.9449999928474426,-0.7649999856948853,11.842032602
1763394262598252742,0.135000005364418,0.449999988079071,-0.3149999976158142,11.851913757
1763394262608269810,0.0,-0.3600000143051147,0.5849999785423279,11.861930825
1763394262618236801,0.135000005364418,0.4050000011920929,-0.4050000011920929,11.871897816
1763394262628334536,-0.3149999976158142,0.135000005364418,0.0,11.881995551
1763394262638476690,-0.135000005364418,0.1800000071525573,0.0,11.892137705
1763394262648443750,0.2249999940395355,0.8550000190734863,-0.7649999856948853,11.902104765
1763394262658209457,0.0,0.1800000071525573,-0.1800000071525573,11.911870472
1763394262668241610,0.0450000017881393,0.0450000017881393,-0.0450000017881393,11.921902625
1763394262678289268,0.2249999940395355,0.3600000143051147,-0.5849999785423279,11.931950283
1763394262688965713,0.0450000017881393,0.3149999976158142,-0.1800000071525573,11.942626728
1763394262698237428,-0.0450000017881393,0.135000005364418,-0.135000005364418,11.951898443
1763394262708258127,0.0450000017881393,0.6299999952316284,-0.270000010728836,11.961919142
1763394262718294541,-0.135000005364418,-0.0450000017881393,-0.135000005364418,11.971955556
1763394262728285138,0.1800000071525573,0.135000005364418,-0.1800000071525573,11.981946153
1763394262738211621,0.0450000017881393,0.135000005364418,-0.135000005364418,11.991872636
1763394262748259209,0.0450000017881393,0.135000005364418,0.0900000035762786,12.001920224
1763394262758283331,-0.135000005364418,0.1800000071525573,-0.135000005364418,12.011944346
1763394262768219172,0.2249999940395355,0.0,-0.0900000035762786,12.021880187
1763394262778210118,0.0450000017881393,-0.1800000071525573,-0.0900000035762786,12.031871133
1763394262788245205,-0.2249999940395355,0.135000005364418,0.0900000035762786,12.04190622
1763394262798258641,-0.2249999940395355,0.0900000035762786,-0.135000005364418,12.051919656
1763394262808566320,-0.0450000017881393,-0.0900000035762786,-0.0450000017881393,12.062227335
1763394262818262534,-0.135000005364418,0.1800000071525573,0.0,12.071923549
1763394262828238884,0.0,-0.0900000035762786,0.1800000071525573,12.081899899
1763394262838231856,0.1800000071525573,0.1800000071525573,0.0,12.091892871
1763394262848391889,0.0450000017881393,-0.0450000017881393,-0.0900000035762786,12.102052904
1763394262858233095,0.0450000017881393,-0.0450000017881393,0.0450000017881393,12.11189411
1763394262868255820,0.0,-0.2249999940395355,-0.0900000035762786,12.121916835
1763394262878230982,0.0,-0.0450000017881393,0.1800000071525573,12.131891997
1763394262888405962,-0.1800000071525573,0.0,0.2249999940395355,12.142066977
1763394262898433785,-0.135000005364418,-0.0900000035762786,0.1800000071525573,12.1520948
1763394262908378426,-0.1800000071525573,-0.270000010728836,0.2249999940395355,12.162039441
1763394262918304699,-0.1800000071525573,-0.270000010728836,0.1800000071525573,12.171965714
1763394262928350402,0.0,-0.3149999976158142,0.0900000035762786,12.182011417
1763394262938204878,-0.1800000071525573,-0.3600000143051147,0.0450000017881393,12.191865893
1763394262948252676,0.0450000017881393,-0.3600000143051147,0.4050000011920929,12.201913691
1763394262958186911,0.135000005364418,-0.3600000143051147,0.2249999940395355,12.211847926
1763394262968254613,0.0450000017881393,-0.2249999940395355,0.270000010728836,12.221915628
1763394262978295008,0.0,-0.1800000071525573,0.449999988079071,12.231956023
1763394262988242513,0.0,-0.1800000071525573,0.1800000071525573,12.241903528
1763394262998300089,-0.2249999940395355,-0.270000010728836,0.1800000071525573,12.251961104
1763394263008259886,0.0900000035762786,-0.449999988079071,0.3600000143051147,12.261920901
1763394263018120717,0.0900000035762786,-0.3600000143051147,0.0900000035762786,12.271781732
1763394263028404510,-0.0450000017881393,-0.2249999940395355,0.4950000047683716,12.282065525
1763394263038439807,0.0450000017881393,-0.270000010728836,0.270000010728836,12.292100822
1763394263048237571,0.2249999940395355,-0.4050000011920929,0.270000010728836,12.301898586
1763394263058264556,-0.0450000017881393,-0.7649999856948853,0.675000011920929,12.311925571
1763394263068231197,0.0,-0.4050000011920929,0.4050000011920929,12.321892212
1763394263078223680,0.135000005364418,0.5400000214576721,-0.1800000071525573,12.331884695
1763394263088412140,0.0,0.135000005364418,0.135000005364418,12.342073155
1763394263098274298,0.1800000071525573,0.5400000214576721,-0.5400000214576721,12.351935313
1763394263108265803,0.0,-0.8550000190734863,0.675000011920929,12.361926818
1763394263118275607,0.0450000017881393,-0.4950000047683716,0.3600000143051147,12.371936622
1763394263128544105,0.1800000071525573,-0.449999988079071,-0.0450000017881393,12.38220512
1763394263138370365,0.135000005364418,-0.4950000047683716,0.675000011920929,12.39203138
1763394263148299711,-0.0450000017881393,-0.4050000011920929,0.270000010728836,12.401960726
1763394263158209990,-0.1800000071525573,-0.3149999976158142,0.270000010728836,12.411871005
1763394263168235438,0.0450000017881393,-0.0900000035762786,0.0,12.421896453
1763394263178242099,-0.0450000017881393,-0.0900000035762786,0.0900000035762786,12.431903114
1763394263188195820,-0.1800000071525573,-0.0900000035762786,0.270000010728836,12.441856835
1763394263198660015,-0.135000005364418,-0.0900000035762786,0.1800000071525573,12.45232103
1763394263208402255,0.135000005364418,-0.4050000011920929,0.3600000143051147,12.46206327
1763394263218501945,0.0900000035762786,-0.1800000071525573,0.0900000035762786,12.47216296
1763394263228312351,-0.0450000017881393,-0.0450000017881393,0.1800000071525573,12.481973366
1763394263238277945,0.0450000017881393,-0.4950000047683716,0.0900000035762786,12.49193896
1763394263248236415,-0.0450000017881393,0.0450000017881393,0.0900000035762786,12.50189743
1763394263258309914,0.0450000017881393,-0.0450000017881393,0.1800000071525573,12.511970929
1763394263268213140,0.0450000017881393,-0.0900000035762786,0.0450000017881393,12.521874155
1763394263278261077,-0.1800000071525573,-0.1800000071525573,0.0900000035762786,12.531922092
1763394263288437454,0.0900000035762786,-0.1800000071525573,-0.0900000035762786,12.542098469
1763394263298255682,-0.0450000017881393,-0.0900000035762786,0.2249999940395355,12.551916697
1763394263308379677,0.1800000071525573,0.1800000071525573,0.0,12.562040692
1763394263318397233,0.1800000071525573,-0.0450000017881393,-0.0450000017881393,12.572058248
1763394263328248287,-0.2249999940395355,0.135000005364418,-0.3149999976158142,12.581909302
1763394263338311100,0.0900000035762786,0.7649999856948853,-0.675000011920929,12.591972115
1763394263348463871,0.1800000071525573,-0.449999988079071,0.449999988079071,12.602124886
1763394263358264358,0.2249999940395355,0.4950000047683716,-0.3149999976158142,12.611925373
1763394263368303636,-0.0450000017881393,0.1800000071525573,-0.1800000071525573,12.621964651
1763394263378241014,0.0,0.0900000035762786,-0.1800000071525573,12.631902029
1763394263388218970,0.0900000035762786,0.2249999940395355,-0.4950000047683716,12.641879985
1763394263398193154,0.0450000017881393,0.1800000071525573,-0.3600000143051147,12.651854169
1763394263408346134,0.0,0.6299999952316284,-0.2249999940395355,12.662007149
1763394263418350839,0.0450000017881393,0.4050000011920929,-0.2249999940395355,12.672011854
1763394263428279976,0.1800000071525573,0.4050000011920929,-0.3149999976158142,12.681940991
1763394263438354802,-0.2249999940395355,0.3149999976158142,-0.135000005364418,12.692015817
1763394263448233164,0.0,0.1800000071525573,-0.135000005364418,12.701894179
1763394263458236123,0.0450000017881393,0.135000005364418,0.0,12.711897138
1763394263468288461,0.0,0.5849999785423279,-0.5849999785423279,12.721949476
1763394263478169197,0.0,0.3149999976158142,-0.2249999940395355,12.731830212
1763394263488402285,-0.2249999940395355,0.3600000143051147,-0.2249999940395355,12.7420633
1763394263498228545,0.2249999940395355,0.3600000143051147,-0.2249999940395355,12.75188956
1763394263508263631,0.1800000071525573,0.3149999976158142,-0.3149999976158142,12.761924646
1763394263518225035,0.135000005364418,0.4050000011920929,-0.3600000143051147,12.77188605
1763394263528311106,0.0,0.135000005364418,-0.3149999976158142,12.781972121
1763394263538565775,-0.0450000017881393,0.4050000011920929,-0.270000010728836,12.79222679
1763394263548418365,-0.1800000071525573,0.0,0.0450000017881393,12.80207938
1763394263558239037,0.0450000017881393,0.3600000143051147,-0.3149999976158142,12.811900052
1763394263568249889,-0.0450000017881393,0.4050000011920929,-0.3149999976158142,12.821910904
1763394263578139355,0.135000005364418,0.3149999976158142,-0.3600000143051147,12.83180037
1763394263588233598,0.2249999940395355,0.0450000017881393,0.0450000017881393,12.841894613
1763394263598243402,0.0,0.3149999976158142,0.0450000017881393,12.851904417
1763394263608358946,0.0,0.0450000017881393,0.0450000017881393,12.862019961
1763394263618388166,0.0450000017881393,0.0900000035762786,0.0,12.872049181
1763394263628263455,0.0900000035762786,0.0900000035762786,0.0900000035762786,12.88192447
1763394263638843657,-0.3149999976158142,-0.0900000035762786,0.0900000035762786,12.892504672
1763394263648416530,-0.0450000017881393,0.135000005364418,-0.135000005364418,12.902077545
1763394263658276663,0.135000005364418,-0.0450000017881393,-0.135000005364418,12.911937678
1763394263668330258,0.1800000071525573,0.135000005364418,-0.0450000017881393,12.921991273
1763394263678248359,-0.0450000017881393,0.2249999940395355,-0.0900000035762786,12.931909374
1763394263688394983,-0.2249999940395355,0.3149999976158142,-0.0450000017881393,12.942055998
1763394263698244570,0.0,0.3600000143051147,-0.4950000047683716,12.951905585
1763394263708669514,-0.0450000017881393,0.0900000035762786,-0.1800000071525573,12.962330529
1763394263718247276,0.0,0.3600000143051147,-0.1800000071525573,12.971908291
1763394263728470726,0.135000005364418,0.135000005364418,-0.0450000017881393,12.982131741
1763394263738387221,-0.135000005364418,0.0,-0.0450000017881393,12.992048236
1763394263748381241,0.0,0.4050000011920929,-0.1800000071525573,13.002042256
1763394263758163221,0.135000005364418,-0.0900000035762786,0.0900000035762786,13.011824236
1763394263768351540,0.0,0.4050000011920929,-0.270000010728836,13.022012555
1763394263778260283,-0.135000005364418,0.0,0.3600000143051147,13.031921298
1763394263788215471,-0.0450000017881393,-0.0450000017881393,-0.0450000017881393,13.041876486
1763394263798266761,0.1800000071525573,-0.1800000071525573,0.2249999940395355,13.051927776
1763394263808255053,-0.0450000017881393,-0.3149999976158142,0.4050000011920929,13.061916068
1763394263818265416,0.0450000017881393,-0.0450000017881393,0.1800000071525573,13.071926431
1763394263828308884,0.135000005364418,-0.1800000071525573,-0.1800000071525573,13.081969899
1763394263838302414,-0.3149999976158142,-0.8999999761581421,0.6299999952316284,13.091963429
1763394263848309704,-0.0450000017881393,-0.3600000143051147,0.4950000047683716,13.101970719
1763394263858291641,-0.0450000017881393,-0.4050000011920929,0.4050000011920929,13.111952656
1763394263868341324,0.135000005364418,-0.5849999785423279,0.4050000011920929,13.122002339
1763394263878304334,0.1800000071525573,-0.270000010728836,0.1800000071525573,13.131965349
1763394263888410590,-0.0450000017881393,0.2249999940395355,-0.2249999940395355,13.142071605
1763394263898326317,0.135000005364418,-0.8550000190734863,0.7200000286102295,13.151987332
1763394263908310279,0.2249999940395355,-0.3149999976158142,0.449999988079071,13.161971294
1763394263922100203,0.0,-0.3149999976158142,0.1800000071525573,13.175761218
1763394263928171346,0.0,-0.3149999976158142,0.1800000071525573,13.181832361
1763394263938290592,-0.1800000071525573,-0.4950000047683716,0.5849999785423279,13.191951607
1763394263948295856,0.0450000017881393,-0.1800000071525573,0.3600000143051147,13.201956871
1763394263958297768,0.1800000071525573,-0.3149999976158142,0.270000010728836,13.211958783
1763394263968239336,0.135000005364418,-0.3149999976158142,0.270000010728836,13.221900351
1763394263978226232,0.0450000017881393,-0.5849999785423279,0.4950000047683716,13.231887247
1763394263988248887,-0.3149999976158142,-0.4050000011920929,0.4050000011920929,13.241909902
1763394263998248005,0.135000005364418,-0.3600000143051147,0.3149999976158142,13.25190902
1763394264008316755,0.0,-0.4050000011920929,0.449999988079071,13.26197777
1763394264018236393,0.0,-0.4950000047683716,0.1800000071525573,13.271897408
1763394264028345442,-0.1800000071525573,-0.4050000011920929,0.3600000143051147,13.282006457
1763394264038295881,0.2249999940395355,-0.3149999976158142,0.135000005364418,13.291956896
1763394264048239265,-0.0450000017881393,-0.4050000011920929,0.4950000047683716,13.30190028
1763394264058214357,0.0450000017881393,-0.2249999940395355,0.270000010728836,13.311875372
1763394264068254962,0.2249999940395355,-0.2249999940395355,0.135000005364418,13.321915977
1763394264078250727,0.2249999940395355,-0.449999988079071,0.3600000143051147,13.331911742
1763394264088411809,0.0,0.135000005364418,-0.0450000017881393,13.342072824
1763394264098305605,0.0450000017881393,-0.270000010728836,0.135000005364418,13.35196662
1763394264108236767,0.2249999940395355,-0.1800000071525573,-0.0450000017881393,13.361897782
1763394264118616314,0.1800000071525573,-0.1800000071525573,0.0900000035762786,13.372277329
1763394264128417081,0.135000005364418,0.135000005364418,0.0,13.382078096
1763394264138271487,-0.0450000017881393,0.3149999976158142,-0.3149999976158142,13.391932502
1763394264148387101,-0.135000005364418,0.0,-0.135000005364418,13.402048116
1763394264158258199,-0.1800000071525573,0.0,-0.0450000017881393,13.411919214
1763394264168256200,0.0,0.2249999940395355,-0.135000005364418,13.421917215
1763394264178229267,-0.2249999940395355,0.2249999940395355,-0.0450000017881393,13.431890282
1763394264188278811,0.0900000035762786,0.4050000011920929,-0.135000005364418,13.441939826
1763394264198247617,0.0,0.5849999785423279,-0.135000005364418,13.451908632
1763394264208287523,0.1800000071525573,0.3600000143051147,-0.3149999976158142,13.461948538
1763394264218786150,-0.135000005364418,0.3149999976158142,-0.2249999940395355,13.472447165
1763394264228319004,-0.0450000017881393,0.0,-0.3149999976158142,13.481980019
1763394264238252471,-0.2249999940395355,0.3149999976158142,0.0,13.491913486
1763394264248291189,0.0450000017881393,0.2249999940395355,-0.4950000047683716,13.501952204
1763394264258286606,0.0450000017881393,0.5849999785423279,-0.449999988079071,13.511947621
1763394264268265539,-0.2249999940395355,0.2249999940395355,-0.270000010728836,13.521926554
1763394264278249013,0.0,0.1800000071525573,-0.135000005364418,13.531910028
1763394264288390469,0.2249999940395355,0.4950000047683716,-0.3600000143051147,13.542051484
1763394264298209185,0.1800000071525573,0.6299999952316284,-0.3149999976158142,13.5518702
1763394264308219687,-0.135000005364418,0.135000005364418,-0.449999988079071,13.561880702
1763394264318282082,-0.0450000017881393,1.440000057220459,-1.350000023841858,13.571943097
1763394264328305156,-0.2249999940395355,-0.8100000023841858,0.9900000095367432,13.581966171
1763394264338356516,0.0450000017881393,0.2249999940395355,-0.135000005364418,13.592017531
1763394264348400961,0.135000005364418,-0.0900000035762786,0.3600000143051147,13.602061976
1763394264358371374,0.1800000071525573,-0.0450000017881393,0.3600000143051147,13.612032389
1763394264368279070,0.135000005364418,-0.0900000035762786,-0.3149999976158142,13.621940085
1763394264378223082,0.0,0.3600000143051147,-0.0450000017881393,13.631884097
1763394264388171984,0.0450000017881393,0.0,-0.2249999940395355,13.641832999
1763394264398326081,0.0,0.6299999952316284,-0.449999988079071,13.651987096
1763394264408286158,0.0900000035762786,0.4050000011920929,-0.3149999976158142,13.661947173
1763394264418313003,0.0,0.1800000071525573,-0.3600000143051147,13.671974018
1763394264428516758,0.2249999940395355,0.4050000011920929,-0.3149999976158142,13.682177773
1763394264438349373,-0.135000005364418,0.3600000143051147,-0.0450000017881393,13.692010388
1763394264448320694,0.0,0.0900000035762786,-0.0450000017881393,13.701981709
1763394264458231532,-0.135000005364418,0.1800000071525573,-0.3600000143051147,13.711892547
1763394264468290016,0.1800000071525573,0.3149999976158142,-0.7200000286102295,13.721951031
1763394264478290391,0.1800000071525573,-0.270000010728836,0.2249999940395355,13.731951406
1763394264488602750,0.0,0.0450000017881393,-0.135000005364418,13.742263765
1763394264498237573,0.0,0.1800000071525573,0.135000005364418,13.751898588
1763394264508309885,0.1800000071525573,0.2249999940395355,-0.0900000035762786,13.7619709
1763394264518230012,-0.0450000017881393,0.135000005364418,0.0,13.771891027
1763394264528323207,0.0900000035762786,0.0450000017881393,-0.0450000017881393,13.781984222
1763394264538216026,-0.135000005364418,0.3600000143051147,-0.135000005364418,13.791877041
1763394264548223664,0.135000005364418,0.1800000071525573,-0.0900000035762786,13.801884679
1763394264558193449,-0.0450000017881393,-0.0900000035762786,0.1800000071525573,13.811854464
1763394264568300752,-0.0450000017881393,0.3600000143051147,-0.135000005364418,13.821961767
1763394264578248816,0.0900000035762786,-0.2249999940395355,0.1800000071525573,13.831909831
1763394264588243673,0.0450000017881393,0.1800000071525573,-0.0450000017881393,13.841904688
1763394264598213528,0.0450000017881393,-0.1800000071525573,0.0900000035762786,13.851874543
1763394264608318107,0.2249999940395355,-0.3600000143051147,0.3600000143051147,13.861979122
1763394264618212323,-0.135000005364418,-0.3600000143051147,0.135000005364418,13.871873338
1763394264628366490,0.0,0.3149999976158142,-0.1800000071525573,13.882027505
1763394264638321119,0.0450000017881393,-0.7200000286102295,0.7649999856948853,13.891982134
1763394264648387075,-0.135000005364418,-0.3600000143051147,0.270000010728836,13.90204809
1763394264658280173,-0.1800000071525573,-0.449999988079071,0.3149999976158142,13.911941188
1763394264668418696,0.270000010728836,-0.5849999785423279,0.449999988079071,13.922079711
1763394264678318289,0.0,-0.4950000047683716,0.270000010728836,13.931979304
1763394264688414697,-0.2249999940395355,-0.3600000143051147,0.449999988079071,13.942075712
1763394264698247592,-0.1800000071525573,-0.5849999785423279,0.270000010728836,13.951908607
1763394264708198519,0.0450000017881393,-0.3149999976158142,0.3600000143051147,13.961859534
1763394264718198265,0.1800000071525573,-0.4050000011920929,0.1800000071525573,13.97185928
1763394264729091010,-0.1800000071525573,-0.675000011920929,0.449999988079071,13.982752025
1763394264738315093,0.135000005364418,-0.270000010728836,0.4050000011920929,13.991976108
1763394264748239201,-0.1800000071525573,-0.6299999952316284,0.5849999785423279,14.001900216
1763394264758261437,0.0,-0.0450000017881393,0.1800000071525573,14.011922452
1763394264768277177,0.135000005364418,-0.449999988079071,0.270000010728836,14.021938192
1763394264778242003,0.135000005364418,-1.2599999904632568,1.0800000429153442,14.031903018
1763394264788241261,-0.1800000071525573,0.3149999976158142,-0.3600000143051147,14.041902276
1763394264798274601,0.270000010728836,-0.6299999952316284,0.4050000011920929,14.051935616
1763394264808227484,-0.0450000017881393,-0.0900000035762786,0.270000010728836,14.061888499
1763394264818416502,0.0450000017881393,0.0,0.0900000035762786,14.072077517
1763394264828295981,0.0450000017881393,-0.270000010728836,0.3600000143051147,14.081956996
1763394264838510491,0.1800000071525573,-0.449999988079071,0.5849999785423279,14.092171506
1763394264848525533,-0.135000005364418,-0.2249999940395355,0.3149999976158142,14.102186548
1763394264858268332,0.1800000071525573,-0.449999988079071,0.6299999952316284,14.111929347
1763394264868289450,0.1800000071525573,-0.270000010728836,0.1800000071525573,14.121950465
1763394264878323000,-0.0450000017881393,-0.270000010728836,0.3600000143051147,14.131984015
1763394264888463478,0.0450000017881393,-0.3600000143051147,0.3149999976158142,14.142124493
1763394264898253490,0.0,-0.2249999940395355,0.270000010728836,14.151914505
1763394264908323218,0.0,-0.3600000143051147,0.1800000071525573,14.161984233
1763394264918372203,-0.135000005364418,-0.2249999940395355,0.3149999976158142,14.172033218
1763394264928373486,0.135000005364418,-0.1800000071525573,0.135000005364418,14.182034501
1763394264938588416,0.0450000017881393,-0.1800000071525573,-0.0450000017881393,14.192249431
1763394264948317525,-0.2249999940395355,-0.0450000017881393,0.0900000035762786,14.20197854
1763394264958300440,0.1800000071525573,0.0,0.0450000017881393,14.211961455
1763394264968268199,-0.1800000071525573,0.2249999940395355,-0.1800000071525573,14.221929214
1763394264978282193,-0.1800000071525573,0.0,-0.135000005364418,14.231943208
1763394264988263362,0.0450000017881393,0.0,0.0450000017881393,14.241924377
1763394264998220436,0.1800000071525573,0.2249999940395355,-0.2249999940395355,14.251881451
1763394265008283319,-0.1800000071525573,0.4050000011920929,-0.1800000071525573,14.261944334
1763394265018208195,0.0,0.5849999785423279,-0.4950000047683716,14.27186921
1763394265028238882,-0.135000005364418,0.3600000143051147,-0.135000005364418,14.281899897
1763394265038305537,-0.1800000071525573,0.135000005364418,-0.1800000071525573,14.291966552
1763394265048226851,0.1800000071525573,0.5849999785423279,-0.135000005364418,14.301887866
1763394265058406930,0.0450000017881393,0.1800000071525573,-0.3600000143051147,14.312067945
1763394265068273348,0.0450000017881393,0.6299999952316284,-0.3149999976158142,14.321934363
1763394265078251095,0.0450000017881393,0.2249999940395355,-0.1800000071525573,14.33191211
1763394265088349528,0.0,0.449999988079071,-0.5400000214576721,14.342010543
1763394265098246537,-0.2249999940395355,0.2249999940395355,-0.0450000017881393,14.351907552
1763394265108329396,-0.2249999940395355,0.0,-0.135000005364418,14.361990411
1763394265118326069,0.0450000017881393,0.3149999976158142,-0.675000011920929,14.371987084
1763394265128358432,0.1800000071525573,0.0,-0.0450000017881393,14.382019447
1763394265138418662,0.135000005364418,0.3600000143051147,-0.5849999785423279,14.392079677
1763394265148356319,-0.0450000017881393,-0.0450000017881393,-0.1800000071525573,14.402017334
1763394265158192775,0.1800000071525573,0.1800000071525573,-0.1800000071525573,14.41185379
1763394265168301196,-0.0450000017881393,0.0,-0.135000005364418,14.421962211
1763394265178187310,0.0,0.4050000011920929,-0.4950000047683716,14.431848325
1763394265188275895,0.0450000017881393,-0.0450000017881393,-0.270000010728836,14.44193691
1763394265198202169,0.0900000035762786,0.8100000023841858,-0.5400000214576721,14.451863184
1763394265208279929,0.135000005364418,-0.4950000047683716,0.3600000143051147,14.461940944
1763394265218390654,-0.0450000017881393,0.0,-0.0900000035762786,14.472051669
1763394265228272647,0.0450000017881393,0.0450000017881393,-0.0450000017881393,14.481933662
1763394265238767782,0.135000005364418,0.0,-0.3600000143051147,14.492428797
1763394265248289950,0.0450000017881393,0.8100000023841858,-0.675000011920929,14.501950965
1763394265258215944,0.0,-0.3600000143051147,0.0900000035762786,14.511876959
1763394265268230427,0.0,0.2249999940395355,-0.135000005364418,14.521891442
1763394265278390670,0.1800000071525573,0.0,-0.3149999976158142,14.532051685
1763394265288411579,0.0900000035762786,0.0,0.1800000071525573,14.542072594
1763394265298285750,-0.0450000017881393,0.5400000214576721,-0.675000011920929,14.551946765
1763394265308249668,0.0,0.135000005364418,-0.3600000143051147,14.561910683
1763394265318224900,-0.1800000071525573,0.1800000071525573,-0.0450000017881393,14.571885915
1763394265328210539,0.0450000017881393,0.4950000047683716,-0.2249999940395355,14.581871554
1763394265338281384,-0.3149999976158142,0.1800000071525573,-0.1800000071525573,14.591942399
1763394265348392948,0.2249999940395355,0.0,-0.0450000017881393,14.602053963
1763394265358354281,-0.0450000017881393,0.1800000071525573,-0.1800000071525573,14.612015296
1763394265368215602,0.1800000071525573,0.0900000035762786,-0.135000005364418,14.621876617
1763394265378253342,0.1800000071525573,0.0900000035762786,0.0450000017881393,14.631914357
1763394265388208320,0.0450000017881393,0.2249999940395355,-0.0450000017881393,14.641869335
1763394265398259610,-0.2249999940395355,0.0900000035762786,-0.1800000071525573,14.651920625
1763394265408276747,-0.135000005364418,-0.0900000035762786,-0.135000005364418,14.661937762
1763394265418264272,-0.0450000017881393,-0.2249999940395355,0.0900000035762786,14.671925287
1763394265428451404,0.0900000035762786,-0.2249999940395355,0.0900000035762786,14.682112419
1763394265438309721,0.0900000035762786,0.0900000035762786,0.0450000017881393,14.691970736
1763394265448296826,-0.0450000017881393,-0.0450000017881393,0.0900000035762786,14.701957841
1763394265458243772,0.0,-0.0900000035762786,0.0900000035762786,14.711904787
1763394265468357222,0.0450000017881393,-0.0450000017881393,0.0450000017881393,14.722018237
1763394265478274136,-0.0450000017881393,-0.2249999940395355,0.3600000143051147,14.731935151
1763394265488446043,-0.0450000017881393,-0.3149999976158142,0.135000005364418,14.742107058
1763394265498241642,0.0,-0.3600000143051147,0.0900000035762786,14.751902657
1763394265508170778,0.0450000017881393,0.135000005364418,-0.0900000035762786,14.761831793
1763394265518211941,0.0450000017881393,-0.7649999856948853,0.8100000023841858,14.771872956
1763394265528338311,-0.0450000017881393,-0.4050000011920929,0.3600000143051147,14.781999326
1763394265538237904,0.0,-0.6299999952316284,0.5400000214576721,14.791898919
1763394265548304490,0.135000005364418,-0.1800000071525573,0.1800000071525573,14.801965505
1763394265558218471,0.0450000017881393,-0.270000010728836,0.4050000011920929,14.811879486
1763394265568258795,-0.0450000017881393,-0.270000010728836,0.270000010728836,14.82191981
1763394265578257215,-0.0450000017881393,-0.4050000011920929,0.4050000011920929,14.83191823
1763394265588237336,-0.135000005364418,-0.3149999976158142,0.270000010728836,14.841898351
1763394265598175412,0.0450000017881393,-0.270000010728836,0.1800000071525573,14.851836427
1763394265608269027,0.135000005364418,-0.270000010728836,0.270000010728836,14.861930042
1763394265618227776,-0.135000005364418,-0.2249999940395355,0.0900000035762786,14.871888791
1763394265628372305,0.0450000017881393,-0.270000010728836,0.1800000071525573,14.88203332
1763394265638190393,0.0450000017881393,-0.270000010728836,0.270000010728836,14.891851408
1763394265648399665,-0.1800000071525573,-0.2249999940395355,0.270000010728836,14.90206068
1763394265658272230,-0.135000005364418,-0.5849999785423279,0.4050000011920929,14.911933245
1763394265668256891,-0.135000005364418,-0.270000010728836,0.270000010728836,14.921917906
1763394265678222135,0.0450000017881393,-0.2249999940395355,0.1800000071525573,14.93188315
1763394265688445585,-0.135000005364418,-0.3600000143051147,0.0900000035762786,14.9421066
1763394265698259343,0.0450000017881393,-0.270000010728836,0.3600000143051147,14.951920358
1763394265708295477,0.1800000071525573,-0.4950000047683716,0.5849999785423279,14.961956492
1763394265718228525,0.135000005364418,-0.3149999976158142,0.4050000011920929,14.97188954
1763394265728340228,0.0450000017881393,-0.3600000143051147,0.270000010728836,14.982001243
1763394265738200850,-0.2249999940395355,-0.4050000011920929,0.4050000011920929,14.991861865
1763394265749002521,0.0450000017881393,-0.270000010728836,0.0450000017881393,15.002663536
1763394265758464625,-0.135000005364418,-0.1800000071525573,0.270000010728836,15.01212564
1763394265768320916,0.0450000017881393,-0.3600000143051147,0.135000005364418,15.021981931
1763394265778232662,0.0,-0.2249999940395355,0.1800000071525573,15.031893677
1763394265788321248,0.0450000017881393,0.3149999976158142,-0.3149999976158142,15.041982263
1763394265798295712,0.0900000035762786,-0.3149999976158142,0.4050000011920929,15.051956727
1763394265808218074,-0.0450000017881393,0.0900000035762786,0.0900000035762786,15.061879089
1763394265818222220,-0.0450000017881393,-0.0450000017881393,0.1800000071525573,15.071883235
1763394265828209605,-0.135000005364418,0.135000005364418,0.0450000017881393,15.08187062
1763394265838307549,0.0,0.1800000071525573,-0.135000005364418,15.091968564
1763394265848986717,-0.135000005364418,0.2249999940395355,-0.3149999976158142,15.102647732
1763394265858297963,-0.2249999940395355,0.0450000017881393,-0.3149999976158142,15.111958978
1763394265868280389,0.0450000017881393,-0.0900000035762786,0.0,15.121941404
1763394265878217348,-0.0450000017881393,0.2249999940395355,-0.0900000035762786,15.131878363
1763394265888462868,-0.135000005364418,0.3149999976158142,-0.2249999940395355,15.142123883
1763394265898294715,0.135000005364418,0.3600000143051147,-0.2249999940395355,15.15195573
1763394265908233489,-0.135000005364418,0.2249999940395355,-0.3600000143051147,15.161894504
1763394265918289179,0.0450000017881393,0.5400000214576721,-0.3149999976158142,15.171950194
1763394265928299891,0.0,0.2249999940395355,-0.0450000017881393,15.181960906
1763394265938476897,-0.135000005364418,0.4050000011920929,-0.3149999976158142,15.192137912
1763394265948305601,0.0450000017881393,0.4950000047683716,-0.1800000071525573,15.201966616
1763394265958244096,0.0450000017881393,0.0450000017881393,-0.3600000143051147,15.211905111
1763394265968468384,0.135000005364418,0.7200000286102295,-0.5400000214576721,15.222129399
1763394265978197354,0.135000005364418,0.3600000143051147,-0.0450000017881393,15.231858369
1763394265988229926,0.0450000017881393,0.0450000017881393,-0.0450000017881393,15.241890941
1763394265998263826,0.0450000017881393,0.1800000071525573,0.0,15.251924841
1763394266008265179,0.0450000017881393,0.3600000143051147,-0.4950000047683716,15.261926194
1763394266018248722,0.0,-0.270000010728836,0.4050000011920929,15.271909737
1763394266028241554,0.1800000071525573,0.6299999952316284,-0.5849999785423279,15.281902569
1763394266038310724,-0.2249999940395355,0.135000005364418,-0.1800000071525573,15.291971739
1763394266048318293,0.0450000017881393,0.5400000214576721,-0.7200000286102295,15.301979308
1763394266058234718,0.0450000017881393,-0.0450000017881393,0.2249999940395355,15.311895733
1763394266068342370,0.0,0.1800000071525573,-0.3149999976158142,15.322003385
1763394266078253138,-0.0450000017881393,0.3149999976158142,-0.4950000047683716,15.331914153
1763394266088416664,-0.0450000017881393,0.1800000071525573,-0.270000010728836,15.342077679
1763394266098262410,0.135000005364418,-0.5849999785423279,0.0900000035762786,15.351923425
1763394266108293236,0.0450000017881393,0.3149999976158142,-0.449999988079071,15.361954251
1763394266118239973,-0.0450000017881393,0.2249999940395355,-0.0450000017881393,15.371900988
1763394266128240138,-0.3149999976158142,0.3600000143051147,-0.1800000071525573,15.381901153
1763394266138330330,0.0450000017881393,0.3149999976158142,-0.2249999940395355,15.391991345
1763394266148257721,0.1800000071525573,0.5400000214576721,-0.5849999785423279,15.401918736
1763394266158341417,0.1800000071525573,0.135000005364418,-0.135000005364418,15.412002432
1763394266168384396,0.1800000071525573,0.3149999976158142,-0.135000005364418,15.422045411
1763394266178306478,0.0,0.135000005364418,-0.2249999940395355,15.431967493
1763394266188221088,0.135000005364418,-0.0450000017881393,-0.135000005364418,15.441882103
1763394266198283553,0.1800000071525573,0.3149999976158142,-0.0450000017881393,15.451944568
1763394266208226308,-0.135000005364418,0.4950000047683716,-0.3600000143051147,15.461887323
1763394266218234855,0.0,0.135000005364418,-0.3149999976158142,15.47189587
1763394266228201706,-0.0450000017881393,0.3149999976158142,-0.1800000071525573,15.481862721
1763394266238244056,-0.135000005364418,0.3149999976158142,-0.2249999940395355,15.491905071
1763394266248401715,0.135000005364418,0.1800000071525573,0.0,15.50206273
1763394266258932889,0.0450000017881393,0.2249999940395355,-0.2249999940395355,15.512593904
1763394266268354624,0.0900000035762786,-0.0900000035762786,-0.0450000017881393,15.522015639
1763394266278318542,-0.0450000017881393,0.0,0.0900000035762786,15.531979557
1763394266288351184,0.0450000017881393,-0.0900000035762786,0.0900000035762786,15.542012199
1763394266298229196,0.1800000071525573,-0.0450000017881393,0.135000005364418,15.551890211
1763394266308194581,-0.0450000017881393,0.0,0.1800000071525573,15.561855596
1763394266318248455,-0.135000005364418,-0.270000010728836,0.135000005364418,15.57190947
1763394266328253440,-0.0450000017881393,-0.4050000011920929,0.0450000017881393,15.581914455
1763394266338375200,-0.1800000071525573,-0.1800000071525573,0.270000010728836,15.592036215
1763394266348484179,0.0450000017881393,-0.4050000011920929,0.3600000143051147,15.602145194
1763394266358332928,0.1800000071525573,-0.4050000011920929,0.1800000071525573,15.611993943
1763394266368303481,-0.1800000071525573,-0.270000010728836,0.1800000071525573,15.621964496
1763394266378218300,0.0,-0.5849999785423279,0.5849999785423279,15.631879315
1763394266388291031,0.2249999940395355,-0.4050000011920929,0.1800000071525573,15.641952046
1763394266398237698,-0.0450000017881393,-0.4050000011920929,0.449999988079071,15.651898713
1763394266408289826,0.0,-0.4050000011920929,0.270000010728836,15.661950841
1763394266418209534,0.1800000071525573,-0.6299999952316284,0.8100000023841858,15.671870549
1763394266428475937,0.1800000071525573,-0.6299999952316284,0.1800000071525573,15.682136952
1763394266438275936,0.1800000071525573,-0.4050000011920929,0.3600000143051147,15.691936951
1763394266448272889,0.135000005364418,-0.5849999785423279,0.449999988079071,15.701933904
1763394266458251753,0.1800000071525573,-0.5849999785423279,0.3149999976158142,15.711912768
1763394266468365272,-0.135000005364418,-0.8550000190734863,0.7200000286102295,15.722026287
1763394266478294408,-0.135000005364418,0.4050000011920929,-0.3600000143051147,15.731955423
1763394266488606278,-0.135000005364418,-0.7649999856948853,0.675000011920929,15.742267293
1763394266498229228,-0.0450000017881393,-0.3149999976158142,0.4050000011920929,15.751890243
1763394266508327242,-0.0450000017881393,-0.3600000143051147,0.0900000035762786,15.761988257
1763394266518310855,-0.135000005364418,-0.7649999856948853,0.675000011920929,15.77197187
1763394266528246557,0.0450000017881393,-0.0900000035762786,-0.0450000017881393,15.781907572
1763394266538219484,-0.1800000071525573,-0.449999988079071,0.2249999940395355,15.791880499
1763394266548236133,0.0450000017881393,-0.449999988079071,0.3149999976158142,15.801897148
1763394266558203473,0.0900000035762786,-0.270000010728836,0.2249999940395355,15.811864488
1763394266568406459,-0.135000005364418,-0.449999988079071,0.2249999940395355,15.822067474
1763394266578302491,0.0450000017881393,-0.1800000071525573,0.2249999940395355,15.831963506
1763394266588342885,0.135000005364418,-0.2249999940395355,0.0900000035762786,15.8420039
1763394266598221177,-0.135000005364418,-0.0900000035762786,0.0450000017881393,15.851882192
1763394266608240060,-0.135000005364418,0.0,0.0450000017881393,15.861901075
1763394266618196156,-0.1800000071525573,-0.1800000071525573,0.0450000017881393,15.871857171
1763394266628342920,0.135000005364418,-0.1800000071525573,0.0900000035762786,15.882003935
1763394266638503303,0.0900000035762786,-0.2249999940395355,0.135000005364418,15.892164318
1763394266648679470,0.0450000017881393,0.0900000035762786,0.0900000035762786,15.902340485
1763394266658270991,0.0450000017881393,0.2249999940395355,-0.135000005364418,15.911932006
1763394266668369564,0.0,0.0900000035762786,-0.270000010728836,15.922030579
1763394266678331666,-0.2249999940395355,0.2249999940395355,-0.270000010728836,15.931992681
1763394266688462994,0.0,0.4050000011920929,-0.135000005364418,15.942124009
1763394266698214732,0.1800000071525573,0.1800000071525573,-0.1800000071525573,15.951875747
1763394266708270632,-0.0450000017881393,0.4050000011920929,-0.2249999940395355,15.961931647
1763394266718291960,-0.135000005364418,0.2249999940395355,-0.2249999940395355,15.971952975
1763394266728287097,-0.0450000017881393,0.1800000071525573,-0.2249999940395355,15.981948112
1763394266738200519,-0.1800000071525573,0.4050000011920929,-0.3149999976158142,15.991861534
1763394266748487455,0.0900000035762786,0.3149999976158142,-0.3149999976158142,16.00214847
1763394266758244781,0.0450000017881393,0.3600000143051147,-0.3600000143051147,16.011905796
1763394266768693192,-0.135000005364418,0.4950000047683716,-0.3600000143051147,16.022354207
1763394266778372783,0.0450000017881393,-0.0900000035762786,-0.0450000017881393,16.032033798
1763394266788304853,0.2249999940395355,0.8999999761581421,-0.5400000214576721,16.041965868
1763394266798217856,-0.0450000017881393,0.3149999976158142,-0.2249999940395355,16.051878871
1763394266808195742,0.135000005364418,0.3149999976158142,-0.3149999976158142,16.061856757
1763394266818248150,-0.2249999940395355,0.5400000214576721,-0.3149999976158142,16.071909165
1763394266828278976,-0.135000005364418,0.0,-0.4950000047683716,16.081939991
1763394266838471207,0.135000005364418,0.135000005364418,-0.0450000017881393,16.092132222
1763394266848412566,0.0450000017881393,0.4050000011920929,-0.3600000143051147,16.102073581
1763394266858233866,0.135000005364418,0.1800000071525573,-0.3600000143051147,16.111894881
1763394266868237315,0.0450000017881393,0.0450000017881393,-0.3600000143051147,16.12189833
1763394266878336796,-0.3149999976158142,0.3600000143051147,-0.1800000071525573,16.131997811
1763394266888441305,0.0450000017881393,0.135000005364418,-0.135000005364418,16.14210232
1763394266898273292,0.135000005364418,0.5400000214576721,-0.3600000143051147,16.151934307
1763394266908325489,0.0900000035762786,-0.449999988079071,0.5400000214576721,16.161986504
1763394266918446551,0.0,0.3600000143051147,-0.5400000214576721,16.172107566
1763394266928240125,-0.0450000017881393,0.2249999940395355,-0.135000005364418,16.18190114
1763394266938363003,0.1800000071525573,-0.1800000071525573,-0.135000005364418,16.192024018
1763394266948222228,0.0,0.0900000035762786,-0.270000010728836,16.201883243
1763394266958327086,0.0450000017881393,0.3600000143051147,-0.270000010728836,16.211988101
1763394266968533844,0.0,0.0900000035762786,-0.0450000017881393,16.222194859
1763394266978464866,0.0,0.6299999952316284,-0.675000011920929,16.232125881
1763394266988312707,0.0,-0.0450000017881393,0.1800000071525573,16.241973722
1763394266998263215,0.135000005364418,0.0450000017881393,0.0,16.25192423
1763394267008210441,0.135000005364418,-0.1800000071525573,-0.0900000035762786,16.261871456
1763394267018175336,0.0450000017881393,-0.0900000035762786,0.0900000035762786,16.271836351
1763394267028272023,-0.3149999976158142,0.0450000017881393,-0.0450000017881393,16.281933038
1763394267038302710,-0.135000005364418,0.0,-0.1800000071525573,16.291963725
1763394267048369575,-0.135000005364418,-0.0900000035762786,0.0900000035762786,16.30203059
1763394267058371906,0.1800000071525573,0.1800000071525573,-0.270000010728836,16.312032921
1763394267068313195,0.0,0.135000005364418,0.0,16.32197421
1763394267078286471,0.0450000017881393,0.0900000035762786,-0.135000005364418,16.331947486
1763394267088326237,-0.135000005364418,0.0,-0.135000005364418,16.341987252
1763394267098156827,0.0,-0.0450000017881393,-0.0450000017881393,16.351817842
1763394267108222015,0.135000005364418,-0.270000010728836,0.0450000017881393,16.36188303
1763394267118299426,0.0,0.0,0.0900000035762786,16.371960441
1763394267128286531,-0.0450000017881393,0.0450000017881393,-0.1800000071525573,16.381947546
1763394267138196531,0.1800000071525573,-0.2249999940395355,0.270000010728836,16.391857546
1763394267148302787,0.0900000035762786,0.0,-0.0450000017881393,16.401963802
1763394267158217536,0.135000005364418,-0.0450000017881393,0.1800000071525573,16.411878551
1763394267168290407,0.135000005364418,-0.270000010728836,0.0900000035762786,16.421951422
1763394267178210324,0.135000005364418,-0.0450000017881393,0.0900000035762786,16.431871339
1763394267188342980,0.270000010728836,-0.4050000011920929,0.0900000035762786,16.442003995
1763394267198303126,-0.135000005364418,0.0,0.0900000035762786,16.451964141
1763394267208236803,0.2249999940395355,-0.270000010728836,0.449999988079071,16.461897818
1763394267218240391,0.1800000071525573,-0.449999988079071,0.3600000143051147,16.471901406
1763394267228251103,-0.0450000017881393,-0.270000010728836,0.1800000071525573,16.481912118
1763394267238220328,-0.1800000071525573,-0.1800000071525573,0.1800000071525573,16.491881343
1763394267248285796,0.1800000071525573,-0.4050000011920929,0.5849999785423279,16.501946811
1763394267258275695,-0.1800000071525573,-0.4050000011920929,0.449999988079071,16.51193671
1763394267268263429,0.135000005364418,-0.270000010728836,0.0900000035762786,16.521924444
1763394267278682716,0.0900000035762786,0.3149999976158142,-0.270000010728836,16.532343731
1763394267288364472,-0.135000005364418,-1.0800000429153442,0.9900000095367432,16.542025487
1763394267298237177,0.0900000035762786,-0.270000010728836,0.270000010728836,16.551898192
1763394267308201444,0.1800000071525573,-0.4950000047683716,0.270000010728836,16.561862459
1763394267318251616,0.2249999940395355,-0.2249999940395355,0.135000005364418,16.571912631
1763394267328266449,0.0450000017881393,-0.3149999976158142,0.0900000035762786,16.581927464
1763394267338228201,0.0,-0.0900000035762786,0.0900000035762786,16.591889216
1763394267348256583,-0.3600000143051147,0.135000005364418,0.270000010728836,16.601917598
1763394267358366750,0.135000005364418,-0.0900000035762786,0.0900000035762786,16.612027765
1763394267368354204,-0.135000005364418,-0.3600000143051147,0.3149999976158142,16.622015219
1763394267378243601,0.1800000071525573,-0.270000010728836,0.1800000071525573,16.631904616
1763394267388282668,0.0450000017881393,-0.0900000035762786,0.0900000035762786,16.641943683
1763394267398243932,-0.0450000017881393,-0.0450000017881393,0.1800000071525573,16.651904947
1763394267408221539,-0.1800000071525573,-0.4050000011920929,0.1800000071525573,16.661882554
1763394267418300905,0.0450000017881393,-0.2249999940395355,0.0900000035762786,16.67196192
1763394267428237026,-0.3149999976158142,-0.1800000071525573,0.0450000017881393,16.681898041
1763394267438258494,0.0450000017881393,-0.1800000071525573,0.270000010728836,16.691919509
1763394267448356089,0.0,-0.2249999940395355,0.0900000035762786,16.702017104
1763394267458312184,0.0450000017881393,-0.1800000071525573,0.1800000071525573,16.711973199
1763394267468351950,0.0450000017881393,-0.1800000071525573,0.1800000071525573,16.722012965
1763394267478419304,0.1800000071525573,-0.2249999940395355,0.4050000011920929,16.732080319
1763394267488447127,0.0,-0.1800000071525573,0.270000010728836,16.742108142
1763394267498255227,-0.135000005364418,-0.0900000035762786,0.2249999940395355,16.751916242
1763394267508228155,-0.135000005364418,-0.1800000071525573,0.1800000071525573,16.76188917
1763394267518299559,-0.0450000017881393,-0.2249999940395355,0.0450000017881393,16.771960574
1763394267528212423,-0.0450000017881393,-0.0900000035762786,0.0,16.781873438
1763394267538275795,0.0900000035762786,-0.4050000011920929,0.135000005364418,16.79193681
1763394267548248932,0.0450000017881393,0.135000005364418,0.0900000035762786,16.801909947
1763394267558220602,0.0,-0.2249999940395355,0.0450000017881393,16.811881617
1763394267568344458,-0.135000005364418,-0.2249999940395355,-0.0450000017881393,16.822005473
1763394267578448548,-0.0450000017881393,0.2249999940395355,-0.135000005364418,16.832109563
1763394267588364834,-0.135000005364418,0.0900000035762786,0.0,16.842025849
1763394267598251018,-0.2249999940395355,0.135000005364418,-0.0450000017881393,16.851912033
1763394267608270111,0.0450000017881393,0.2249999940395355,-0.0900000035762786,16.861931126
1763394267618254771,-0.0450000017881393,0.3600000143051147,-0.1800000071525573,16.871915786
1763394267628341820,0.0450000017881393,0.0,-0.0450000017881393,16.882002835
1763394267638241414,-0.0450000017881393,0.5400000214576721,-0.449999988079071,16.891902429
1763394267648373022,0.0900000035762786,0.0450000017881393,-0.3600000143051147,16.902034037
1763394267658302298,0.2249999940395355,0.6299999952316284,-0.6299999952316284,16.911963313
1763394267668276413,0.0,-0.0450000017881393,0.135000005364418,16.921937428
1763394267678371773,0.135000005364418,0.3600000143051147,-0.135000005364418,16.932032788
1763394267688680989,-0.0450000017881393,-0.4050000011920929,0.2249999940395355,16.942342004
1763394267698271812,0.0,0.4050000011920929,-0.675000011920929,16.951932827
1763394267708302149,-0.0450000017881393,0.449999988079071,-0.2249999940395355,16.961963164
1763394267718300289,-0.0450000017881393,0.5849999785423279,-0.3149999976158142,16.971961304
1763394267728185076,-0.0450000017881393,0.2249999940395355,-0.3600000143051147,16.981846091
1763394267738263604,0.0,0.135000005364418,-0.0450000017881393,16.991924619
1763394267748293034,0.0,-0.0900000035762786,-0.135000005364418,17.001954049
1763394267758400826,0.0450000017881393,0.1800000071525573,-0.2249999940395355,17.012061841
1763394267768521958,0.0900000035762786,0.3149999976158142,-0.135000005364418,17.022182973
1763394267778290877,0.2249999940395355,0.1800000071525573,-0.449999988079071,17.031951892
1763394267788734050,0.0900000035762786,0.2249999940395355,-0.0900000035762786,17.042395065
1763394267798285761,0.0450000017881393,0.135000005364418,-0.1800000071525573,17.051946776
1763394267808184027,0.0,0.2249999940395355,-0.3149999976158142,17.061845042
1763394267818333026,0.0900000035762786,-0.0450000017881393,-0.0450000017881393,17.071994041
1763394267828279134,-0.135000005364418,0.135000005364418,-0.270000010728836,17.081940149
1763394267838435606,-0.2249999940395355,0.135000005364418,-0.135000005364418,17.092096621
1763394267848498769,0.0450000017881393,0.135000005364418,-0.0900000035762786,17.102159784
1763394267858422109,0.0450000017881393,0.135000005364418,-0.135000005364418,17.112083124
1763394267868320165,0.1800000071525573,-0.1800000071525573,0.0450000017881393,17.12198118
1763394267878242737,0.0450000017881393,0.3600000143051147,-0.5400000214576721,17.131903752
1763394267888869244,0.0450000017881393,0.1800000071525573,-0.0450000017881393,17.142530259
1763394267898273240,0.0,0.0,-0.270000010728836,17.151934255
1763394267908265933,0.135000005364418,0.1800000071525573,-0.3149999976158142,17.161926948
1763394267918282651,-0.2249999940395355,0.0,-0.0450000017881393,17.171943666
1763394267928232111,-0.1800000071525573,0.1800000071525573,0.0,17.181893126
1763394267938367072,0.0450000017881393,0.3149999976158142,-0.3149999976158142,17.192028087
1763394267948236075,0.0,0.1800000071525573,0.0,17.20189709
1763394267958258380,-0.0450000017881393,0.135000005364418,-0.270000010728836,17.211919395
1763394267968376718,-0.135000005364418,0.135000005364418,-0.0450000017881393,17.222037733
1763394267978163866,0.0450000017881393,-0.0450000017881393,-0.1800000071525573,17.231824881
1763394267988267258,0.1800000071525573,0.0450000017881393,0.0,17.241928273
1763394267998348580,0.1800000071525573,0.3149999976158142,-0.0450000017881393,17.252009595
1763394268008239164,-0.135000005364418,-0.0900000035762786,0.0900000035762786,17.261900179
1763394268018191418,0.135000005364418,0.0,-0.0900000035762786,17.271852433
1763394268028241730,0.135000005364418,-0.0450000017881393,0.0,17.281902745
1763394268038234982,0.2249999940395355,-0.1800000071525573,0.0900000035762786,17.291895997
1763394268048191496,0.0450000017881393,-0.0900000035762786,0.0450000017881393,17.301852511
1763394268058247955,-0.1800000071525573,0.1800000071525573,-0.0900000035762786,17.31190897
1763394268068276965,0.0,-0.1800000071525573,0.0450000017881393,17.32193798
1763394268078184870,0.0900000035762786,-0.0900000035762786,0.135000005364418,17.331845885
1763394268088683217,-0.0450000017881393,-0.0450000017881393,0.0450000017881393,17.342344232
1763394268098243170,-0.0450000017881393,-0.0900000035762786,0.2249999940395355,17.351904185
1763394268108322676,0.0450000017881393,-0.5849999785423279,0.4950000047683716,17.361983691
1763394268118293019,0.0,-0.1800000071525573,0.0900000035762786,17.371954034
1763394268128215032,-0.0450000017881393,-0.3600000143051147,0.449999988079071,17.381876047
1763394268138153527,-0.135000005364418,-0.2249999940395355,0.4050000011920929,17.391814542
1763394268148292888,0.0,-0.4050000011920929,0.3600000143051147,17.401953903
1763394268158301434,0.135000005364418,-0.449999988079071,0.270000010728836,17.411962449
1763394268168431925,0.2249999940395355,-0.4050000011920929,0.4950000047683716,17.42209294
1763394268178404293,0.135000005364418,-0.270000010728836,0.135000005364418,17.432065308
1763394268188346141,0.0450000017881393,-0.449999988079071,0.6299999952316284,17.442007156
1763394268198365234,-0.0450000017881393,-0.4950000047683716,0.449999988079071,17.452026249
1763394268208317488,0.0,-0.270000010728836,0.1800000071525573,17.461978503
1763394268218224345,-0.135000005364418,-0.449999988079071,0.3600000143051147,17.47188536
1763394268228284994,0.0450000017881393,-0.270000010728836,0.270000010728836,17.481946009
1763394268238317077,-0.0450000017881393,-0.3600000143051147,0.4050000011920929,17.491978092
1763394268248292170,0.0,-0.4050000011920929,0.3149999976158142,17.501953185
1763394268258230735,-0.1800000071525573,-0.449999988079071,0.270000010728836,17.51189175
1763394268268314292,0.0,-0.3600000143051147,0.4050000011920929,17.521975307
1763394268278375290,0.0450000017881393,-0.1800000071525573,0.135000005364418,17.532036305
1763394268288430910,0.1800000071525573,0.3149999976158142,-0.1800000071525573,17.542091925
1763394268298679503,0.0450000017881393,-0.8999999761581421,0.8999999761581421,17.552340518
1763394268308150617,0.0900000035762786,-0.4050000011920929,0.4950000047683716,17.561811632
1763394268318252123,-0.0450000017881393,-0.1800000071525573,0.3600000143051147,17.571913138
1763394268328242511,0.135000005364418,-0.2249999940395355,0.270000010728836,17.581903526
1763394268338494736,0.1800000071525573,-0.4050000011920929,0.3600000143051147,17.592155751
1763394268348449295,0.0,-0.2249999940395355,0.3600000143051147,17.60211031
1763394268358246221,0.0900000035762786,-0.3600000143051147,0.1800000071525573,17.611907236
1763394268368285708,0.135000005364418,-0.1800000071525573,0.0900000035762786,17.621946723
1763394268378287619,-0.135000005364418,-0.0900000035762786,0.270000010728836,17.631948634
1763394268388267601,-0.135000005364418,0.0,-0.0450000017881393,17.641928616
1763394268398198274,0.135000005364418,-0.0450000017881393,0.1800000071525573,17.651859289
1763394268408311025,0.0,-0.0900000035762786,0.2249999940395355,17.66197204
1763394268418238206,0.135000005364418,-0.0450000017881393,0.1800000071525573,17.671899221
1763394268428304232,0.0,-0.0900000035762786,0.0900000035762786,17.681965247
1763394268438257743,0.0450000017881393,-0.0900000035762786,0.1800000071525573,17.691918758
1763394268448226271,0.135000005364418,-0.0450000017881393,0.0450000017881393,17.701887286
1763394268458307453,-0.135000005364418,0.0900000035762786,0.0,17.711968468
1763394268468311251,-0.135000005364418,0.0900000035762786,-0.0900000035762786,17.721972266
1763394268478320216,0.0450000017881393,-0.0450000017881393,-0.1800000071525573,17.731981231
1763394268488610854,-0.1800000071525573,-0.1800000071525573,-0.0450000017881393,17.742271869
1763394268498251265,-0.1800000071525573,0.3149999976158142,-0.270000010728836,17.75191228
1763394268508328675,0.0450000017881393,0.3600000143051147,-0.135000005364418,17.76198969
1763394268518294898,0.135000005364418,0.135000005364418,0.0450000017881393,17.771955913
1763394268528219355,0.0,0.135000005364418,-0.3600000143051147,17.78188037
1763394268538160225,0.1800000071525573,0.0,-0.3600000143051147,17.79182124
1763394268548218429,0.0,0.2249999940395355,-0.0450000017881393,17.801879444
1763394268558220900,-0.135000005364418,0.5400000214576721,-0.270000010728836,17.811881915
1763394268568310324,0.0450000017881393,0.449999988079071,-0.270000010728836,17.821971339
1763394268578384172,0.2249999940395355,0.3149999976158142,-0.4050000011920929,17.832045187
1763394268588255759,0.0450000017881393,0.3600000143051147,-0.1800000071525573,17.841916774
1763394268598254039,0.135000005364418,0.4050000011920929,-0.3600000143051147,17.851915054
1763394268608330263,-0.2249999940395355,0.0,-0.3600000143051147,17.861991278
1763394268618217145,0.0900000035762786,0.1800000071525573,-0.3149999976158142,17.87187816
1763394268628271508,0.135000005364418,-0.2249999940395355,-0.0450000017881393,17.881932523
1763394268638218873,0.135000005364418,0.1800000071525573,-0.449999988079071,17.891879888
1763394268648302779,0.0450000017881393,0.0,-0.0450000017881393,17.901963794
1763394268658288977,-0.135000005364418,-0.1800000071525573,-0.135000005364418,17.911949992
1763394268668323365,0.0,0.2249999940395355,-0.0450000017881393,17.92198438
1763394268678239650,-0.0450000017881393,0.8999999761581421,-0.7200000286102295,17.931900665
1763394268688378871,0.0900000035762786,0.2249999940395355,-0.449999988079071,17.942039886
1763394268698290408,0.135000005364418,0.5849999785423279,-0.1800000071525573,17.951951423
1763394268708409374,-0.0450000017881393,0.1800000071525573,-0.3149999976158142,17.962070389
1763394268718387191,0.0450000017881393,0.0450000017881393,-0.3600000143051147,17.972048206
1763394268728263038,0.0,0.3149999976158142,-0.1800000071525573,17.981924053
1763394268738290651,0.0450000017881393,0.1800000071525573,-0.1800000071525573,17.991951666
1763394268748310513,-0.135000005364418,0.1800000071525573,-0.3149999976158142,18.001971528
1763394268758432902,-0.135000005364418,-0.1800000071525573,-0.0450000017881393,18.012093917
1763394268768382222,0.0,0.2249999940395355,-0.0450000017881393,18.022043237
1763394268778321416,-0.0450000017881393,-0.2249999940395355,-0.0450000017881393,18.031982431
1763394268788278978,0.0,0.135000005364418,-0.270000010728836,18.041939993
1763394268798259658,0.135000005364418,-0.0900000035762786,0.0900000035762786,18.051920673
1763394268808433101,0.0450000017881393,-0.0900000035762786,0.135000005364418,18.062094116
1763394268818346733,0.135000005364418,0.0,0.1800000071525573,18.072007748
1763394268828269025,-0.0450000017881393,-0.0450000017881393,-0.0900000035762786,18.08193004
1763394268838248378,0.0450000017881393,-0.2249999940395355,-0.0900000035762786,18.091909393
1763394268848417072,0.1800000071525573,-0.0450000017881393,0.0900000035762786,18.102078087
1763394268858310170,0.1800000071525573,-0.3600000143051147,0.0900000035762786,18.111971185
1763394268868320742,0.135000005364418,0.1800000071525573,-0.0900000035762786,18.121981757
1763394268878225574,0.1800000071525573,-0.1800000071525573,0.270000010728836,18.131886589
1763394268888426605,0.135000005364418,-0.0900000035762786,0.0900000035762786,18.14208762
1763394268898279544,0.0,0.0900000035762786,0.0900000035762786,18.151940559
1763394268908333907,0.0450000017881393,-0.0900000035762786,0.0900000035762786,18.161994922
1763394268918353139,0.0900000035762786,-0.3600000143051147,0.2249999940395355,18.172014154
1763394268928230314,-0.2249999940395355,-0.0450000017881393,0.0900000035762786,18.181891329
1763394268938217349,0.0,0.135000005364418,0.0,18.191878364
1763394268948244823,0.0900000035762786,-0.3600000143051147,0.0450000017881393,18.201905838
1763394268958303446,-0.0450000017881393,0.135000005364418,0.0450000017881393,18.211964461
1763394268968419759,0.0450000017881393,-0.0450000017881393,0.0450000017881393,18.222080774
1763394268978327314,0.0450000017881393,-0.2249999940395355,0.135000005364418,18.231988329
1763394268988327271,0.0,-0.3600000143051147,0.0450000017881393,18.241988286
1763394268998331906,0.0,-0.270000010728836,0.0450000017881393,18.251992921
1763394269008278713,0.0450000017881393,-0.1800000071525573,0.4050000011920929,18.261939728
1763394269018224891,0.0450000017881393,-0.2249999940395355,0.0900000035762786,18.271885906
1763394269028243634,-0.135000005364418,-0.2249999940395355,0.1800000071525573,18.281904649
1763394269038228086,0.1800000071525573,-0.270000010728836,0.1800000071525573,18.291889101
1763394269048464387,-0.135000005364418,-0.270000010728836,0.0900000035762786,18.302125402
1763394269058350780,0.0,-0.270000010728836,0.4050000011920929,18.312011795
1763394269068291301,0.2249999940395355,-0.1800000071525573,-0.0450000017881393,18.321952316
1763394269078319962,0.0450000017881393,-0.0450000017881393,-0.0900000035762786,18.331980977
1763394269088497177,0.0900000035762786,-0.0450000017881393,0.0900000035762786,18.342158192
1763394269098193600,-0.0450000017881393,-0.0900000035762786,0.270000010728836,18.351854615
1763394269108316478,-0.1800000071525573,-0.1800000071525573,0.3149999976158142,18.361977493
1763394269118265520,0.135000005364418,-0.0900000035762786,0.0900000035762786,18.371926535
1763394269128384137,0.0450000017881393,-0.0450000017881393,0.0450000017881393,18.382045152
1763394269138230720,0.0450000017881393,-0.1800000071525573,0.0450000017881393,18.391891735
1763394269148341236,-0.135000005364418,-0.270000010728836,0.1800000071525573,18.402002251
1763394269158281897,-0.0450000017881393,-0.0900000035762786,0.135000005364418,18.411942912
1763394269168342476,-0.135000005364418,-0.1800000071525573,0.1800000071525573,18.422003491
1763394269178413950,0.1800000071525573,-0.1800000071525573,0.1800000071525573,18.432074965
1763394269188361664,0.0450000017881393,-0.2249999940395355,0.0900000035762786,18.442022679
1763394269198280674,0.0450000017881393,-0.4050000011920929,0.1800000071525573,18.451941689
1763394269208176426,0.0450000017881393,-0.4050000011920929,0.270000010728836,18.461837441
1763394269218299863,0.0,-0.2249999940395355,-0.0450000017881393,18.471960878
1763394269228209653,0.135000005364418,-0.2249999940395355,0.2249999940395355,18.481870668
1763394269238252282,0.0450000017881393,-0.449999988079071,0.0450000017881393,18.491913297
1763394269248376976,0.135000005364418,-0.4050000011920929,0.0900000035762786,18.502037991
1763394269258224468,0.0450000017881393,-0.2249999940395355,0.3600000143051147,18.511885483
1763394269268327999,0.0,-0.270000010728836,0.0900000035762786,18.521989014
1763394269278309727,0.0,-0.270000010728836,0.135000005364418,18.531970742
1763394269288662245,0.0450000017881393,-0.0900000035762786,0.2249999940395355,18.54232326
1763394269298277652,0.0450000017881393,-0.0900000035762786,-0.0900000035762786,18.551938667
1763394269308238287,-0.0450000017881393,-0.270000010728836,0.1800000071525573,18.561899302
1763394269318709256,-0.2249999940395355,-0.2249999940395355,0.270000010728836,18.572370271
1763394269328237012,0.0450000017881393,-0.3600000143051147,0.1800000071525573,18.581898027
1763394269338245838,0.135000005364418,-0.1800000071525573,0.135000005364418,18.591906853
1763394269348250823,0.0450000017881393,-0.270000010728836,0.135000005364418,18.601911838
1763394269358259509,0.0,0.3149999976158142,-0.4950000047683716,18.611920524
1763394269368319948,0.0450000017881393,-0.8999999761581421,0.8100000023841858,18.621980963
1763394269378235256,0.0450000017881393,-0.0900000035762786,0.135000005364418,18.631896271
1763394269388265663,-0.0450000017881393,-0.1800000071525573,0.1800000071525573,18.641926678
1763394269398315696,0.0450000017881393,-0.3149999976158142,0.1800000071525573,18.651976711
1763394269408197550,0.135000005364418,0.0,0.0900000035762786,18.661858565
1763394269418269303,0.0450000017881393,-0.0900000035762786,0.2249999940395355,18.671930318
1763394269428299012,-0.0450000017881393,-0.0900000035762786,-0.270000010728836,18.681960027
1763394269438270054,-0.0450000017881393,-0.0450000017881393,-0.0900000035762786,18.691931069
1763394269448244448,0.135000005364418,0.1800000071525573,-0.0900000035762786,18.701905463
1763394269458461193,0.135000005364418,0.0,-0.3600000143051147,18.712122208
1763394269468389631,-0.0450000017881393,-0.3600000143051147,-0.0900000035762786,18.722050646
1763394269478314089,-0.0450000017881393,0.0450000017881393,-0.0450000017881393,18.731975104
1763394269488470909,0.1800000071525573,0.0450000017881393,-0.135000005364418,18.742131924
1763394269498265112,0.0,0.5400000214576721,-0.1800000071525573,18.751926127
1763394269508267722,0.0,0.135000005364418,-0.135000005364418,18.761928737
1763394269518188268,-0.1800000071525573,0.3149999976158142,-0.4950000047683716,18.771849283
1763394269528389438,0.270000010728836,0.5849999785423279,-0.449999988079071,18.782050453
1763394269538255508,0.135000005364418,0.1800000071525573,-0.3149999976158142,18.791916523
1763394269548200568,0.0450000017881393,0.4050000011920929,-0.5400000214576721,18.801861583
1763394269558217985,0.0450000017881393,0.0,0.0,18.811879
1763394269568425301,-0.0450000017881393,0.5849999785423279,-0.675000011920929,18.822086316
1763394269578287739,0.0,0.5849999785423279,-0.675000011920929,18.831948754
1763394269588248584,0.0450000017881393,-0.1800000071525573,0.0450000017881393,18.841909599
1763394269598408827,-0.135000005364418,-0.0450000017881393,-0.270000010728836,18.852069842
1763394269608262674,-0.0450000017881393,0.8100000023841858,-0.9449999928474426,18.861923689
1763394269618325348,0.1800000071525573,0.3149999976158142,-0.270000010728836,18.871986363
1763394269628441312,0.0,0.3600000143051147,-0.3600000143051147,18.882102327
1763394269638240752,0.0450000017881393,0.4950000047683716,-0.3600000143051147,18.891901767
1763394269648255584,0.0450000017881393,0.0900000035762786,-0.0450000017881393,18.901916599
1763394269658229350,-0.0450000017881393,-0.8100000023841858,0.675000011920929,18.911890365
1763394269668279243,-0.1800000071525573,0.8999999761581421,-0.8999999761581421,18.921940258
1763394269678405124,0.0450000017881393,0.135000005364418,-0.270000010728836,18.932066139
1763394269688439582,0.0,0.449999988079071,-0.5400000214576721,18.942100597
1763394269698363131,0.1800000071525573,0.2249999940395355,-0.2249999940395355,18.952024146
1763394269708280185,-0.0450000017881393,0.0,-0.270000010728836,18.9619412
1763394269718329869,0.0450000017881393,0.1800000071525573,-0.3149999976158142,18.971990884
1763394269728314390,0.0900000035762786,0.0,-0.1800000071525573,18.981975405
1763394269738234796,0.0,0.3600000143051147,-0.135000005364418,18.991895811
1763394269748176644,0.135000005364418,-0.0450000017881393,0.0,19.001837659
1763394269758387243,0.0,0.2249999940395355,-0.135000005364418,19.012048258
1763394269768300386,0.2249999940395355,-0.0900000035762786,-0.0900000035762786,19.021961401
1763394269778389600,-0.135000005364418,0.1800000071525573,-0.135000005364418,19.032050615
1763394269788310216,0.0450000017881393,-0.0450000017881393,0.0900000035762786,19.041971231
1763394269798290267,-0.135000005364418,0.1800000071525573,-0.0900000035762786,19.051951282
1763394269808229251,-0.135000005364418,-0.0900000035762786,0.0900000035762786,19.061890266
1763394269818194496,0.0450000017881393,-0.0450000017881393,0.0900000035762786,19.071855511
1763394269828675523,0.0450000017881393,0.0450000017881393,-0.0450000017881393,19.082336538
1763394269838233660,-0.2249999940395355,-0.0900000035762786,-0.1800000071525573,19.091894675
1763394269848313585,0.0450000017881393,-0.1800000071525573,0.0900000035762786,19.1019746
1763394269858310747,0.0450000017881393,0.3600000143051147,-0.0450000017881393,19.111971762
1763394269868351491,-0.0450000017881393,-0.0450000017881393,0.0900000035762786,19.122012506
1763394269878426527,0.135000005364418,0.135000005364418,-0.135000005364418,19.132087542
1763394269888450719,0.1800000071525573,-0.0450000017881393,-0.0450000017881393,19.142111734
1763394269898256305,0.135000005364418,0.3149999976158142,-0.1800000071525573,19.15191732
1763394269908303963,0.135000005364418,-0.270000010728836,0.1800000071525573,19.161964978
1763394269918203347,0.2249999940395355,0.0900000035762786,-0.135000005364418,19.171864362
1763394269928269653,0.135000005364418,-0.3600000143051147,0.0900000035762786,19.181930668
1763394269938307114,-0.135000005364418,-0.1800000071525573,0.2249999940395355,19.191968129
1763394269948233178,0.0900000035762786,0.135000005364418,-0.1800000071525573,19.201894193
1763394269958270709,0.0450000017881393,-0.5849999785423279,0.4950000047683716,19.211931724
1763394269968377802,0.0,-0.270000010728836,0.449999988079071,19.222038817
1763394269978351288,0.135000005364418,-0.4050000011920929,0.3600000143051147,19.232012303
1763394269988245225,0.135000005364418,-0.4950000047683716,0.5849999785423279,19.24190624
1763394269998265086,0.0450000017881393,-0.0900000035762786,0.3600000143051147,19.251926101
1763394270008397951,0.0900000035762786,-0.6299999952316284,0.3600000143051147,19.262058966
1763394270018216318,-0.1800000071525573,-0.449999988079071,0.0900000035762786,19.271877333
1763394270028259716,0.0450000017881393,0.4050000011920929,-0.3600000143051147,19.281920731
1763394270038381267,0.135000005364418,0.1800000071525573,-0.449999988079071,19.292042282
1763394270048198726,-0.135000005364418,-0.4050000011920929,0.0900000035762786,19.301859741
1763394270058244708,0.1800000071525573,-0.4950000047683716,0.8999999761581421,19.311905723
1763394270068430863,0.0,-0.5849999785423279,0.4950000047683716,19.322091878
1763394270078303078,0.2249999940395355,-0.8100000023841858,0.675000011920929,19.331964093
1763394270088431683,0.0900000035762786,-0.4950000047683716,0.3600000143051147,19.342092698
1763394270098411315,-0.0450000017881393,-0.3600000143051147,0.4050000011920929,19.35207233
1763394270108299245,-0.1800000071525573,-0.4050000011920929,0.135000005364418,19.36196026
1763394270118286700,-0.2249999940395355,0.0,0.0900000035762786,19.371947715
1763394270128250757,-0.0450000017881393,-0.0900000035762786,-0.0450000017881393,19.381911772
1763394270138294155,0.1800000071525573,0.0900000035762786,0.2249999940395355,19.39195517
1763394270148247247,0.0450000017881393,-0.0900000035762786,0.1800000071525573,19.401908262
1763394270158280588,0.0,0.0,-0.0450000017881393,19.411941603
1763394270168470514,0.135000005364418,-0.0450000017881393,0.1800000071525573,19.422131529
1763394270178325129,-0.0450000017881393,-0.0450000017881393,0.0900000035762786,19.431986144
1763394270188243790,0.0450000017881393,-0.0900000035762786,0.0900000035762786,19.441904805
1763394270198308140,0.0450000017881393,-0.2249999940395355,0.135000005364418,19.451969155
1763394270208257880,0.0450000017881393,-0.0900000035762786,-0.135000005364418,19.461918895
1763394270218169277,0.2249999940395355,-0.1800000071525573,0.0900000035762786,19.471830292
1763394270228209951,-0.135000005364418,-0.0900000035762786,0.1800000071525573,19.481870966
1763394270238302028,0.135000005364418,-0.2249999940395355,0.270000010728836,19.491963043
1763394270248332016,-0.0450000017881393,-0.0450000017881393,0.0900000035762786,19.501993031
1763394270258581936,0.0450000017881393,-0.1800000071525573,0.0,19.512242951
1763394270268299941,0.135000005364418,-0.0900000035762786,0.135000005364418,19.521960956
1763394270278261973,0.0,-0.0900000035762786,0.0900000035762786,19.531922988
1763394270288398051,0.0,-0.1800000071525573,0.0,19.542059066
1763394270298417563,-0.135000005364418,-0.1800000071525573,-0.0900000035762786,19.552078578
1763394270308317575,0.0900000035762786,0.3600000143051147,0.0,19.56197859
1763394270318227226,0.0450000017881393,0.135000005364418,0.0,19.571888241
1763394270328242548,0.135000005364418,0.1800000071525573,-0.3149999976158142,19.581903563
1763394270338751022,-0.0450000017881393,0.135000005364418,-0.270000010728836,19.592412037
1763394270348263552,-0.135000005364418,0.1800000071525573,-0.2249999940395355,19.601924567
1763394270358433084,0.0450000017881393,0.0,0.0,19.612094099
1763394270368422425,0.0,0.4950000047683716,-0.3149999976158142,19.62208344
1763394270378262303,-0.0450000017881393,0.2249999940395355,-0.0900000035762786,19.631923318
1763394270388353403,0.0450000017881393,0.1800000071525573,-0.3600000143051147,19.642014418
1763394270398359994,0.135000005364418,0.4050000011920929,-0.270000010728836,19.652021009
1763394270408270064,0.0450000017881393,0.5849999785423279,-0.270000010728836,19.661931079
1763394270418303893,0.0450000017881393,0.3149999976158142,-0.270000010728836,19.671964908
1763394270428243925,0.0450000017881393,0.3600000143051147,-0.270000010728836,19.68190494
1763394270438259247,0.0900000035762786,0.0450000017881393,-0.2249999940395355,19.691920262
1763394270448352232,0.0450000017881393,-0.0900000035762786,0.2249999940395355,19.702013247
1763394270458182892,0.135000005364418,0.135000005364418,-0.135000005364418,19.711843907
1763394270468343694,0.135000005364418,0.4050000011920929,-0.5400000214576721,19.722004709
1763394270478198658,0.0450000017881393,0.7649999856948853,-0.5849999785423279,19.731859673
1763394270488521842,-0.135000005364418,0.0,0.0450000017881393,19.742182857
1763394270498399855,0.0450000017881393,0.4950000047683716,-0.4050000011920929,19.75206087
1763394270508403024,-0.0450000017881393,0.6299999952316284,-0.5400000214576721,19.762064039
1763394270518319519,0.1800000071525573,0.1800000071525573,-0.3149999976158142,19.771980534
1763394270528240763,-0.135000005364418,0.3600000143051147,-0.3600000143051147,19.781901778
1763394270538173252,0.135000005364418,0.1800000071525573,-0.270000010728836,19.791834267
1763394270548308911,0.135000005364418,0.0450000017881393,-0.0900000035762786,19.801969926
1763394270558248524,-0.0450000017881393,0.4950000047683716,-0.135000005364418,19.811909539
1763394270568301490,0.270000010728836,0.0,-0.0900000035762786,19.821962505
1763394270578452654,0.135000005364418,0.4950000047683716,-0.135000005364418,19.832113669
1763394270588487112,-0.1800000071525573,0.3600000143051147,-0.1800000071525573,19.842148127
1763394270598273701,0.0,-0.2249999940395355,0.4050000011920929,19.851934716
1763394270608271492,0.0900000035762786,0.4050000011920929,-0.1800000071525573,19.861932507
1763394270618221232,-0.135000005364418,0.1800000071525573,-0.3149999976158142,19.871882247
1763394270628229011,0.0,0.1800000071525573,-0.0900000035762786,19.881890026
1763394270638323952,-0.135000005364418,-0.1800000071525573,-0.135000005364418,19.891984967
1763394270648282771,0.1800000071525573,0.0,-0.1800000071525573,19.901943786
1763394270658377223,0.1800000071525573,0.3600000143051147,-0.270000010728836,19.912038238
1763394270668373618,0.135000005364418,-0.0450000017881393,0.135000005364418,19.922034633
1763394270678504038,0.0,0.2249999940395355,-0.135000005364418,19.932165053
1763394270688492890,0.2249999940395355,0.0900000035762786,-0.0900000035762786,19.942153905
1763394270698325575,-0.0450000017881393,0.0900000035762786,-0.0900000035762786,19.95198659
1763394270708286908,-0.0450000017881393,-0.0450000017881393,-0.0450000017881393,19.961947923
1763394270718296572,0.0450000017881393,0.2249999940395355,-0.270000010728836,19.971957587
1763394270728228712,0.1800000071525573,0.7200000286102295,-0.5849999785423279,19.981889727
1763394270738284751,0.0,-0.270000010728836,0.1800000071525573,19.991945766
1763394270748308454,0.135000005364418,0.7200000286102295,-0.3600000143051147,20.001969469
1763394270758316931,0.0450000017881393,-0.0900000035762786,0.135000005364418,20.011977946
1763394270768352297,0.0450000017881393,-0.0900000035762786,0.0900000035762786,20.022013312
1763394270778263204,0.0450000017881393,0.3149999976158142,-0.0450000017881393,20.031924219
1763394270788270564,-0.0450000017881393,-0.1800000071525573,0.3600000143051147,20.041931579
1763394270798271079,0.0,0.135000005364418,-0.3149999976158142,20.051932094
1763394270808246590,-0.135000005364418,-0.1800000071525573,0.270000010728836,20.061907605
1763394270818241658,0.1800000071525573,0.0900000035762786,-0.1800000071525573,20.071902673
1763394270828220382,0.0,-0.3600000143051147,0.0450000017881393,20.081881397
1763394270838336136,0.1800000071525573,-0.3600000143051147,0.270000010728836,20.091997151
1763394270848729441,-0.0450000017881393,0.0,0.0450000017881393,20.102390456
1763394270858240505,0.1800000071525573,0.1800000071525573,0.0,20.11190152
1763394270868293052,0.0,-0.4950000047683716,0.6299999952316284,20.121954067
1763394270878417885,-0.1800000071525573,-0.5849999785423279,0.3600000143051147,20.1320789
1763394270888564020,0.135000005364418,-0.4050000011920929,0.1800000071525573,20.142225035
1763394270898378826,-0.135000005364418,-0.4050000011920929,0.5849999785423279,20.152039841
1763394270908337016,0.135000005364418,-0.2249999940395355,0.5849999785423279,20.161998031
1763394270918270623,-0.135000005364418,-0.3600000143051147,0.4950000047683716,20.171931638
1763394270928285665,0.0900000035762786,-0.0900000035762786,0.2249999940395355,20.18194668
1763394270938219132,0.0900000035762786,-0.0450000017881393,0.270000010728836,20.191880147
1763394270948268885,-0.0450000017881393,-0.5849999785423279,0.3600000143051147,20.2019299
1763394270958305578,0.0450000017881393,-0.270000010728836,0.135000005364418,20.211966593
1763394270968540412,-0.0450000017881393,-0.3600000143051147,0.449999988079071,20.222201427
1763394270978403269,0.0900000035762786,-0.1800000071525573,0.0900000035762786,20.232064284
1763394270988268710,-0.0450000017881393,-0.3600000143051147,0.4950000047683716,20.241929725
1763394270998281726,0.135000005364418,-0.0900000035762786,0.2249999940395355,20.251942741
1763394271008317023,-0.135000005364418,-0.1800000071525573,0.0900000035762786,20.261978038
1763394271018268089,0.2249999940395355,-0.1800000071525573,0.270000010728836,20.271929104
1763394271028169429,0.135000005364418,-0.3600000143051147,0.2249999940395355,20.281830444
1763394271038242859,0.1800000071525573,-0.270000010728836,0.270000010728836,20.291903874
1763394271048348905,0.0450000017881393,-0.2249999940395355,0.1800000071525573,20.30200992
1763394271058400753,0.1800000071525573,-0.4050000011920929,0.449999988079071,20.312061768
1763394271068333312,0.0450000017881393,-0.449999988079071,0.1800000071525573,20.321994327
1763394271078326913,-0.1800000071525573,-0.3149999976158142,0.3149999976158142,20.331987928
1763394271088505734,-0.0450000017881393,-0.0450000017881393,0.0900000035762786,20.342166749
1763394271098465741,0.0450000017881393,-0.4050000011920929,0.4050000011920929,20.352126756
1763394271108302406,0.0450000017881393,-0.3600000143051147,0.4050000011920929,20.361963421
1763394271118310115,0.135000005364418,-0.4050000011920929,0.1800000071525573,20.37197113
1763394271128208382,0.0900000035762786,-0.3600000143051147,0.0900000035762786,20.381869397
1763394271138314288,0.135000005364418,-0.270000010728836,0.4050000011920929,20.391975303
1763394271148241399,0.0,-0.0900000035762786,0.135000005364418,20.401902414
1763394271158378385,-0.0450000017881393,-0.270000010728836,0.270000010728836,20.4120394
1763394271168390424,0.0,0.0,0.0900000035762786,20.422051439
1763394271178236169,0.0450000017881393,-0.0450000017881393,0.2249999940395355,20.431897184
1763394271188531836,-0.2249999940395355,-0.0450000017881393,0.0900000035762786,20.442192851
1763394271198304247,0.135000005364418,-0.0900000035762786,-0.135000005364418,20.451965262
1763394271208342127,0.1800000071525573,0.135000005364418,0.0450000017881393,20.462003142
1763394271218201911,-0.0450000017881393,-0.0900000035762786,0.0450000017881393,20.471862926
1763394271228217232,0.0,-0.0450000017881393,-0.135000005364418,20.481878247
1763394271238252738,0.0450000017881393,0.135000005364418,-0.1800000071525573,20.491913753
1763394271248300117,-0.135000005364418,0.0450000017881393,-0.135000005364418,20.501961132
1763394271258476493,0.0,0.0,0.0,20.512137508
1763394271268399274,-0.0450000017881393,0.4050000011920929,-0.675000011920929,20.522060289
1763394271278268417,0.0450000017881393,-0.2249999940395355,0.0900000035762786,20.531929432
1763394271288627709,0.0,0.3149999976158142,-0.270000010728836,20.542288724
1763394271298294310,0.135000005364418,0.0450000017881393,-0.3149999976158142,20.551955325
1763394271308233783,0.0450000017881393,0.3149999976158142,-0.1800000071525573,20.561894798
1763394271318302464,0.0900000035762786,0.1800000071525573,-0.5849999785423279,20.571963479
1763394271328265474,0.0,0.2249999940395355,-0.3600000143051147,20.581926489
1763394271338377107,-0.0450000017881393,-0.1800000071525573,0.3600000143051147,20.592038122
1763394271348154338,0.0900000035762786,0.7649999856948853,-0.9900000095367432,20.601815353
1763394271358789785,0.135000005364418,0.3600000143051147,-0.4950000047683716,20.6124508
1763394271368358468,0.2249999940395355,0.4950000047683716,-0.5400000214576721,20.622019483
1763394271378308277,0.135000005364418,0.3600000143051147,-0.3600000143051147,20.631969292
1763394271388386876,0.0450000017881393,0.7649999856948853,-0.5400000214576721,20.642047891
1763394271398282697,0.1800000071525573,-0.0900000035762786,-0.0450000017881393,20.651943712
1763394271408298717,0.0450000017881393,-0.0450000017881393,-0.1800000071525573,20.661959732
1763394271418321302,-0.0450000017881393,0.1800000071525573,-0.4950000047683716,20.671982317
1763394271428171168,0.135000005364418,-0.2249999940395355,0.2249999940395355,20.681832183
1763394271438270160,0.0450000017881393,0.4950000047683716,-0.3149999976158142,20.691931175
1763394271448264878,0.135000005364418,0.3149999976158142,-0.3600000143051147,20.701925893
1763394271458319032,0.0900000035762786,0.0,-0.3149999976158142,20.711980047
1763394271468298315,0.1800000071525573,0.5849999785423279,-0.4950000047683716,20.72195933
1763394271478324601,-0.1800000071525573,0.0,-0.1800000071525573,20.731985616
1763394271488671671,0.0,0.135000005364418,-0.2249999940395355,20.742332686
1763394271498273320,0.0900000035762786,-0.0900000035762786,-0.0450000017881393,20.751934335
1763394271508328870,0.0,0.5400000214576721,-0.4950000047683716,20.761989885
1763394271518239079,0.1800000071525573,0.1800000071525573,-0.2249999940395355,20.771900094
1763394271528212845,0.0450000017881393,-0.0450000017881393,0.135000005364418,20.78187386
1763394271538183817,0.135000005364418,0.3149999976158142,-0.4950000047683716,20.791844832
1763394271548237411,-0.0450000017881393,0.1800000071525573,0.0450000017881393,20.801898426
1763394271558281298,0.0,0.5400000214576721,-0.675000011920929,20.811942313
1763394271568379522,-0.135000005364418,-0.270000010728836,0.0900000035762786,20.822040537
1763394271578431091,0.0450000017881393,-0.0450000017881393,0.0450000017881393,20.832092106
1763394271588365745,0.135000005364418,0.0450000017881393,-0.135000005364418,20.84202676
1763394271598381416,0.0450000017881393,-0.0900000035762786,0.1800000071525573,20.852042431
1763394271608257472,-0.0450000017881393,0.0,-0.0900000035762786,20.861918487
1763394271618230609,0.0900000035762786,-0.0450000017881393,-0.0450000017881393,20.871891624
1763394271628315493,-0.135000005364418,0.0450000017881393,-0.0450000017881393,20.881976508
1763394271638199232,0.1800000071525573,0.0,0.0,20.891860247
1763394271648260859,0.0450000017881393,0.0,-0.270000010728836,20.901921874
1763394271658170580,-0.0450000017881393,0.1800000071525573,0.0,20.911831595
1763394271668336899,0.135000005364418,0.0,0.3149999976158142,20.921997914
1763394271678231673,0.1800000071525573,0.135000005364418,-0.1800000071525573,20.931892688
1763394271688618903,0.2249999940395355,0.135000005364418,-0.135000005364418,20.942279918
1763394271698270138,0.0450000017881393,0.0,0.135000005364418,20.951931153
1763394271708312000,0.0900000035762786,-0.0900000035762786,-0.135000005364418,20.961973015
1763394271718203841,0.0,-0.2249999940395355,0.0450000017881393,20.971864856
1763394271728281531,0.0450000017881393,0.0,-0.0900000035762786,20.981942546
1763394271738257182,-0.0450000017881393,-0.4050000011920929,0.2249999940395355,20.991918197
1763394271748216420,0.0450000017881393,0.0,0.0900000035762786,21.001877435
1763394271758457401,0.135000005364418,-0.2249999940395355,-0.0450000017881393,21.012118416
1763394271768431655,0.0,-0.2249999940395355,0.270000010728836,21.02209267
1763394271778280194,0.135000005364418,-0.0450000017881393,0.270000010728836,21.031941209
1763394271788287693,0.0,-0.4050000011920929,0.449999988079071,21.041948708
1763394271798748815,-0.0450000017881393,-0.0450000017881393,0.0900000035762786,21.05240983
1763394271808248774,0.0450000017881393,-0.3600000143051147,0.135000005364418,21.061909789
1763394271818222120,0.135000005364418,-0.1800000071525573,0.0900000035762786,21.071883135
1763394271828297994,-0.135000005364418,-0.0450000017881393,0.1800000071525573,21.081959009
1763394271838204083,-0.0450000017881393,-0.0900000035762786,0.0900000035762786,21.091865098
1763394271848181271,0.0450000017881393,-0.3149999976158142,0.1800000071525573,21.101842286
1763394271858271393,0.135000005364418,-0.2249999940395355,0.1800000071525573,21.111932408
1763394271868697873,-0.2249999940395355,-0.0900000035762786,0.0450000017881393,21.122358888
1763394271878229680,-0.0450000017881393,-0.0900000035762786,0.135000005364418,21.131890695
1763394271888420863,-0.1800000071525573,-0.0900000035762786,0.0450000017881393,21.142081878
1763394271898258506,-0.0450000017881393,-0.0450000017881393,0.1800000071525573,21.151919521
1763394271908359524,0.0,-0.1800000071525573,0.1800000071525573,21.162020539
1763394271918204082,-0.135000005364418,-0.2249999940395355,0.270000010728836,21.171865097
1763394271928218844,-0.1800000071525573,-0.0900000035762786,0.0900000035762786,21.181879859
1763394271938196521,0.135000005364418,-0.270000010728836,0.3600000143051147,21.191857536
1763394271948259475,0.135000005364418,-0.4050000011920929,0.135000005364418,21.20192049
1763394271958272491,0.0450000017881393,-0.0900000035762786,0.449999988079071,21.211933506
1763394271968249609,-0.3149999976158142,-0.2249999940395355,0.0450000017881393,21.221910624
1763394271978293705,0.0,-0.2249999940395355,0.0900000035762786,21.23195472
1763394271988350792,0.0,-0.0900000035762786,0.0450000017881393,21.242011807
1763394271998307237,-0.0450000017881393,-0.0900000035762786,0.0450000017881393,21.251968252
1763394272008280513,-0.3600000143051147,-0.1800000071525573,-0.0450000017881393,21.261941528
1763394272018153078,-0.135000005364418,-0.1800000071525573,0.2249999940395355,21.271814093
1763394272028371989,-0.0450000017881393,-0.4050000011920929,0.135000005364418,21.282033004
1763394272038286319,-0.1800000071525573,-0.2249999940395355,0.2249999940395355,21.291947334
1763394272048176623,-0.2249999940395355,-0.0900000035762786,0.0900000035762786,21.301837638
1763394272058151227,-0.135000005364418,-0.270000010728836,-0.0450000017881393,21.311812242
1763394272068212364,0.0,-0.4050000011920929,0.5849999785423279,21.321873379
1763394272078467383,-0.3149999976158142,-0.0450000017881393,0.1800000071525573,21.332128398
1763394272088770383,-0.1800000071525573,-0.1800000071525573,0.270000010728836,21.342431398
1763394272098507734,0.0450000017881393,-0.1800000071525573,-0.0450000017881393,21.352168749
1763394272108282939,0.0450000017881393,-0.0450000017881393,0.0450000017881393,21.361943954
1763394272118210679,0.0450000017881393,-0.270000010728836,0.2249999940395355,21.371871694
1763394272128253937,0.0450000017881393,0.135000005364418,0.2249999940395355,21.381914952
1763394272138245721,0.0450000017881393,-0.1800000071525573,0.135000005364418,21.391906736
1763394272148231569,0.0,0.135000005364418,-0.270000010728836,21.401892584
1763394272158155538,-0.3149999976158142,-0.3600000143051147,0.2249999940395355,21.411816553
1763394272168291197,-0.135000005364418,0.0900000035762786,-0.270000010728836,21.421952212
1763394272178447878,-0.0450000017881393,-0.2249999940395355,0.3600000143051147,21.432108893
1763394272188285661,0.135000005364418,0.135000005364418,-0.0450000017881393,21.441946676
1763394272198260684,0.135000005364418,0.1800000071525573,-0.0450000017881393,21.451921699
1763394272208285993,-0.135000005364418,0.0900000035762786,0.1800000071525573,21.461947008
1763394272218179929,0.0450000017881393,0.1800000071525573,-0.270000010728836,21.471840944
1763394272228241556,0.0450000017881393,0.135000005364418,-0.1800000071525573,21.481902571
1763394272238315823,-0.1800000071525573,0.1800000071525573,-0.135000005364418,21.491976838
1763394272248333380,0.0,0.1800000071525573,-0.1800000071525573,21.501994395
1763394272258359457,0.1800000071525573,0.3600000143051147,-0.3149999976158142,21.512020472
1763394272268259190,0.135000005364418,0.0900000035762786,-0.1800000071525573,21.521920205
1763394272278438081,0.1800000071525573,0.3600000143051147,-0.3600000143051147,21.532099096
1763394272288437758,0.1800000071525573,0.5849999785423279,-0.3149999976158142,21.542098773
1763394272298282176,0.1800000071525573,0.0450000017881393,-0.270000010728836,21.551943191
1763394272308475804,0.0450000017881393,0.135000005364418,-0.4950000047683716,21.562136819
1763394272318398655,0.0450000017881393,0.4950000047683716,-0.675000011920929,21.57205967
1763394272328277645,0.0,0.135000005364418,0.0450000017881393,21.58193866
1763394272338250991,0.135000005364418,-0.0450000017881393,-0.0900000035762786,21.591912006
1763394272348167835,0.0,0.1800000071525573,-0.1800000071525573,21.60182885
1763394272358198382,0.0,0.4950000047683716,-0.3149999976158142,21.611859397
1763394272368227183,0.1800000071525573,-0.2249999940395355,0.270000010728836,21.621888198
1763394272378946999,-0.0450000017881393,0.5400000214576721,-0.5849999785423279,21.632608014
1763394272388427472,0.1800000071525573,0.3149999976158142,-0.1800000071525573,21.642088487
1763394272398310303,0.0,-0.1800000071525573,0.0900000035762786,21.651971318
1763394272408249427,0.0,0.449999988079071,-0.5400000214576721,21.661910442
1763394272418251898,0.1800000071525573,0.4950000047683716,-0.4950000047683716,21.671912913
1763394272428281118,0.0450000017881393,0.7649999856948853,-0.7649999856948853,21.681942133
1763394272438266128,0.0900000035762786,0.3149999976158142,-0.449999988079071,21.691927143
1763394272448255887,0.0,0.6299999952316284,-0.7200000286102295,21.701916902
1763394272458204439,0.1800000071525573,-0.2249999940395355,-0.0450000017881393,21.711865454
1763394272468388708,0.0,0.0,0.0,21.722049723
1763394272478298638,0.135000005364418,0.3600000143051147,-0.135000005364418,21.731959653
1763394272488470196,-0.135000005364418,0.0900000035762786,-0.270000010728836,21.742131211
1763394272498251477,0.0450000017881393,0.0900000035762786,-0.0450000017881393,21.751912492
1763394272508209249,0.1800000071525573,0.1800000071525573,0.0450000017881393,21.761870264
1763394272518286869,0.0,-0.1800000071525573,0.0450000017881393,21.771947884
1763394272528160342,-0.1800000071525573,0.135000005364418,-0.0900000035762786,21.781821357
1763394272538166933,0.135000005364418,0.0900000035762786,-0.135000005364418,21.791827948
1763394272548182115,0.0,0.135000005364418,0.0450000017881393,21.80184313
1763394272558211754,-0.135000005364418,0.0450000017881393,-0.0900000035762786,21.811872769
1763394272568344759,-0.1800000071525573,0.135000005364418,0.0450000017881393,21.822005774
1763394272578279203,-0.0450000017881393,0.1800000071525573,-0.0450000017881393,21.831940218
1763394272588377497,-0.135000005364418,0.0900000035762786,-0.270000010728836,21.842038512
1763394272598504844,0.135000005364418,-0.0450000017881393,0.2249999940395355,21.852165859
1763394272608320139,-0.0450000017881393,0.0,-0.0450000017881393,21.861981154
1763394272618217707,0.0450000017881393,-0.0450000017881393,0.1800000071525573,21.871878722
1763394272628332623,0.0450000017881393,0.0,0.0,21.881993638
1763394272638303175,-0.0450000017881393,0.0900000035762786,0.0900000035762786,21.89196419
1763394272648277569,0.0,-0.0900000035762786,0.135000005364418,21.901938584
1763394272658299246,0.0450000017881393,0.0,0.0450000017881393,21.911960261
1763394272668326441,0.1800000071525573,0.1800000071525573,0.0450000017881393,21.921987456
1763394272678291476,0.0450000017881393,-0.2249999940395355,0.4050000011920929,21.931952491
1763394272688506825,0.0,0.3149999976158142,-0.3149999976158142,21.94216784
1763394272698274696,-0.135000005364418,-0.8550000190734863,0.3600000143051147,21.951935711
1763394272708239522,-0.0450000017881393,-0.1800000071525573,0.135000005364418,21.961900537
1763394272718298914,0.0450000017881393,-0.2249999940395355,0.449999988079071,21.971959929
1763394272728254241,-0.0450000017881393,-0.2249999940395355,0.2249999940395355,21.981915256
1763394272738257829,0.1800000071525573,-0.1800000071525573,0.270000010728836,21.991918844
1763394272748248426,0.1800000071525573,-0.3600000143051147,0.0900000035762786,22.001909441
1763394272758267170,-0.1800000071525573,-0.2249999940395355,0.1800000071525573,22.011928185
1763394272768270339,0.0450000017881393,-0.0900000035762786,0.0900000035762786,22.021931354
1763394272778198498,0.0900000035762786,0.0,0.0900000035762786,22.031859513
1763394272788811456,0.1800000071525573,-0.270000010728836,0.135000005364418,22.042472471
1763394272798405281,0.0450000017881393,-0.1800000071525573,0.2249999940395355,22.052066296
1763394272808201160,0.135000005364418,-0.1800000071525573,0.0900000035762786,22.061862175
1763394272818421607,-0.1800000071525573,-0.0900000035762786,0.0450000017881393,22.072082622
1763394272828257295,-0.135000005364418,-0.0900000035762786,-0.0450000017881393,22.08191831
1763394272838252851,-0.135000005364418,-0.3600000143051147,0.1800000071525573,22.091913866
1763394272848290452,-0.135000005364418,-0.0900000035762786,-0.0450000017881393,22.101951467
1763394272858217912,0.0450000017881393,-0.1800000071525573,0.2249999940395355,22.111878927
1763394272868218287,-0.3149999976158142,-0.3600000143051147,0.270000010728836,22.121879302
1763394272878539027,0.0,-0.1800000071525573,0.135000005364418,22.132200042
1763394272889202132,0.0900000035762786,-0.1800000071525573,0.2249999940395355,22.142863147
1763394272898345059,0.0,-0.270000010728836,0.270000010728836,22.152006074
1763394272908258062,0.1800000071525573,-0.1800000071525573,0.4050000011920929,22.161919077
1763394272918269402,-0.135000005364418,-0.0900000035762786,0.0450000017881393,22.171930417
1763394272928251060,0.0450000017881393,-0.2249999940395355,0.135000005364418,22.181912075
1763394272938274064,0.0450000017881393,-0.2249999940395355,0.4050000011920929,22.191935079
1763394272948265150,-0.0450000017881393,-0.1800000071525573,0.4050000011920929,22.201926165
1763394272958172426,0.135000005364418,-0.449999988079071,0.270000010728836,22.211833441
1763394272968377019,-0.135000005364418,-0.270000010728836,0.270000010728836,22.222038034
1763394272978301965,0.0900000035762786,-0.270000010728836,0.1800000071525573,22.23196298
1763394272988302759,0.1800000071525573,-0.1800000071525573,-0.0450000017881393,22.241963774
1763394272998354049,-0.0450000017881393,-0.270000010728836,0.2249999940395355,22.252015064
1763394273008396050,-0.0450000017881393,-0.2249999940395355,-0.1800000071525573,22.262057065
1763394273018245846,0.135000005364418,-0.4050000011920929,0.1800000071525573,22.271906861
1763394273028258653,0.1800000071525573,0.135000005364418,-0.0900000035762786,22.281919668
1763394273038289200,0.135000005364418,-0.2249999940395355,0.3600000143051147,22.291950215
1763394273048229093,0.0450000017881393,-0.0450000017881393,0.0900000035762786,22.301890108
1763394273058233030,0.0,0.0,0.1800000071525573,22.311894045
1763394273068297659,0.135000005364418,-0.0900000035762786,-0.0900000035762786,22.321958674
1763394273078234199,0.135000005364418,0.3149999976158142,-0.1800000071525573,22.331895214
1763394273088351280,0.270000010728836,-0.2249999940395355,0.3600000143051147,22.342012295
1763394273098321204,0.0,0.0900000035762786,-0.449999988079071,22.351982219
1763394273108329472,0.1800000071525573,0.4050000011920929,-0.2249999940395355,22.361990487
1763394273118372939,0.0450000017881393,0.1800000071525573,-0.0900000035762786,22.372033954
1763394273128342654,-0.3149999976158142,0.135000005364418,-0.1800000071525573,22.382003669
1763394273138251955,0.0450000017881393,0.4950000047683716,-0.270000010728836,22.39191297
1763394273148274191,0.0450000017881393,0.1800000071525573,-0.3600000143051147,22.401935206
1763394273158238039,0.0450000017881393,0.0450000017881393,-0.3600000143051147,22.411899054
1763394273168218929,-0.2249999940395355,-1.934999942779541,2.069999933242798,22.421879944
1763394273178282161,0.0,-1.440000057220459,1.350000023841858,22.431943176
1763394273188298391,0.0450000017881393,-1.034999966621399,1.034999966621399,22.441959406
1763394273198335223,-0.135000005364418,-1.034999966621399,1.215000033378601,22.451996238
1763394273208313529,0.0450000017881393,-0.270000010728836,0.1800000071525573,22.461974544
1763394273218284710,-0.1800000071525573,0.1800000071525573,0.0,22.471945725
1763394273228193453,-0.0450000017881393,0.7649999856948853,-0.8999999761581421,22.481854468
1763394273238250540,0.1800000071525573,0.6299999952316284,-0.5400000214576721,22.491911555
1763394273248202025,0.0450000017881393,2.430000066757202,-2.3399999141693115,22.50186304
1763394273258238020,-0.135000005364418,4.815000057220459,-4.320000171661377,22.511899035
1763394273268328282,-0.3600000143051147,7.065000057220459,-6.164999961853027,22.521989297
1763394273278179405,-0.449999988079071,9.3149995803833,-8.010000228881836,22.53184042
1763394273288316391,-0.7200000286102295,10.800000190734863,-8.954999923706055,22.541977406
1763394273298267109,-1.1699999570846558,12.46500015258789,-10.395000457763672,22.551928124
1763394273308223204,-1.5750000476837158,13.050000190734863,-11.609999656677246,22.561884219
1763394273318268348,-2.025000095367432,13.050000190734863,-12.420000076293944,22.571929363
1763394273328212850,-1.8450000286102293,13.095000267028809,-12.779999732971191,22.581873865
1763394273338211479,-2.880000114440918,13.095000267028809,-13.005000114440918,22.591872494
1763394273348158146,-3.6449999809265137,13.005000114440918,-13.050000190734863,22.601819161
1763394273358204058,-3.869999885559082,12.914999961853027,-13.050000190734863,22.611865073
1763394273368253881,-4.949999809265137,13.095000267028809,-13.005000114440918,22.621914896
1763394273378223735,-5.445000171661377,12.914999961853027,-12.960000038146973,22.63188475
1763394273388180110,-6.389999866485596,12.914999961853027,-13.005000114440918,22.641841125
1763394273398403630,-7.335000038146973,13.050000190734863,-13.1850004196167,22.652064645
1763394273408183235,-7.335000038146973,13.050000190734863,-12.914999961853027,22.66184425
1763394273418193319,-8.1899995803833,13.005000114440918,-12.960000038146973,22.671854334
1763394273428186221,-9.765000343322754,13.005000114440918,-12.914999961853027,22.681847236
1763394273438192742,-9.765000343322754,13.050000190734863,-13.140000343322754,22.691853757
1763394273448304655,-11.25,12.869999885559082,-13.005000114440918,22.70196567
1763394273458335481,-12.19499969482422,13.095000267028809,-13.005000114440918,22.711996496
