timestamp (ns),alpha,phi,alphaD,phiD,k,u_tracking_fb,u_stabilizing_fb,u_ff,u_ilc,u_optimal,phase,alpha_optimal,alphaD_optimal,phi_optimal,phiD_optimal,N_j,relative_time
1763394250746338985,1.0123939813066443,2.3420959936797,0.00019870865246574,0.0,-4,0.0,0.0,-0.07558531666981332,0.00758854396617348,-0.0831738606359868,1,1.0268269519241442,3.7233008791215657e-19,2.3559924932831313,2.146625549150706e-19,60,0.0
1763394250756269322,1.012364727929415,2.3420959936797,-0.0029253377229254696,0.0,-3,0.0,0.0,-0.07558531666981332,0.00758854396617348,-0.0831738606359868,1,1.0268269519241442,3.7233008791215657e-19,2.3559924932831313,2.146625549150706e-19,60,0.009930337
1763394250766281894,1.0123373369155193,2.3421248788787232,-0.002739101389570564,0.0028885199023331865,-2,0.0,0.0,-0.07558531666981332,0.00758854396617348,-0.0831738606359868,1,1.0268269519241442,3.7233008791215657e-19,2.3559924932831313,2.146625549150706e-19,60,0.019942909
1763394250776202293,1.0128104393153086,2.3425960149261895,0.04731023997892603,0.04711360474662918,-1,0.0,0.0,-0.07558531666981332,0.00758854396617348,-0.0831738606359868,1,1.0268269519241442,3.7233008791215657e-19,2.3559924932831313,2.146625549150706e-19,60,0.029863308
1763394250786193391,1.0099937494635876,2.3431680911926778,-0.28166898517210104,0.05720762664882528,0,0.0014006628094020185,0.0,-0.07558531666981332,0.00758854396617348,-0.0831738606359868,1,1.0268269519241442,3.7233008791215657e-19,2.3559924932831313,2.146625549150706e-19,60,0.039854406
1763394250796203093,1.0028337011014614,2.3429347441122195,-0.7160048362126137,-0.023334708045830155,1,0.00098950612712519,0.0,-0.0730241451883398,0.00514638515454926,-0.07817053034288907,1,1.0243925893234267,-0.5445171422238577,2.3563436511753473,-0.07687202714882926,60,0.049864108
1763394250806203538,0.9929267342912829,2.3373300366059726,-0.9906966810178552,-0.5604707506246864,2,-0.0012104960321658712,0.0,-0.07321282722491043,2.7915432847844528e-05,-0.07324074265775828,1,1.0155741431390497,-1.2292634297536795,2.352678472799101,-0.6888758956534183,60,0.059864553
1763394250816179205,0.980802614046903,2.324571677691556,-1.212412024437981,-1.2758358914416679,3,-0.003529028900549367,0.0,-0.07192953367693977,-0.003547123633913591,-0.06838241004302618,1,0.9998137196993513,-1.9187255690420217,2.3422809024418356,-1.3917593682745524,60,0.06984022
1763394250826183990,0.9660312964909803,2.305302434159855,-1.4771317555922758,-1.9269243531701008,4,-0.005554033783409381,0.0,-0.06816147588865495,-0.0045659031101115116,-0.06359557277854344,1,0.9773652397401182,-2.5629449713643164,2.324904907401181,-2.0755093134116147,60,0.079845005
1763394250836158070,0.946948844431643,2.2825682934423672,-1.908245205933734,-2.2734140717487694,5,-0.0072093205749992366,0.0,-0.06310087466981276,-0.004219770322108495,-0.058881104347704265,1,0.9487612353384888,-3.1488639760424286,2.3009340285018176,-2.7081590695607796,60,0.089819085
1763394250846386997,0.921378940141862,2.257873818741387,-2.556990428978101,-2.4694474700980074,6,-0.0077266674642453665,0.0,-0.058165971571627284,-0.0039257839206676215,-0.05424018765095966,1,0.9146027266135583,-3.673718573183098,2.270933015115193,-3.280905514900725,60,0.100048012
1763394250856234961,0.8901603935858062,2.2311466245320823,-3.1218546556055715,-2.6727194209304805,7,-0.008035711274476387,0.0,-0.05373181325526004,-0.004057894676426348,-0.049673918578833694,1,0.8755003197243274,-4.137784935907145,2.2355129933983227,-3.7919274527565068,60,0.109895976
1763394250866082873,0.8546659170647697,2.198584921513637,-3.5494476521036544,-3.256170301844552,8,-0.007268044181851932,0.0,-0.049199354104315585,-0.00401637897442058,-0.045182975129895005,1,0.8320558331375664,-4.542380458131487,2.1952902260296496,-4.241628578533942,60,0.119743888
1763394250876262442,0.8165028108555463,2.1591784830958756,-3.8163106209223363,-3.940643841776126,9,-0.00646517550792931,0.0,-0.04401271810829881,-0.0032453698432199397,-0.040767348265078864,1,0.7848554095706292,-4.8892709975006685,2.1508721319856394,-4.631259348841281,60,0.129923457
1763394250886178267,0.7776678276015949,2.113304032044529,-3.8834983253951405,-4.5874451051346465,10,-0.006217355372333769,0.0,-0.038000004196146686,-0.0015738548690700004,-0.03642614932707668,1,0.7344662086685445,-5.180466177307754,2.1028512946031066,-4.962498258503007,60,0.139839282
1763394250896187901,0.7331959923322873,2.0645469442445603,-4.447183526930765,-4.875708779996879,11,-0.0046937162541152355,0.0,-0.03245631507970299,-0.0002987652498735741,-0.032157549829829414,1,0.6814345085147634,-5.418119557277178,2.0518020695907486,-5.237294020345753,60,0.149848916
1763394250906219551,0.6860853320119396,2.0151282063701763,-4.711066032034772,-4.9418737874384,12,-0.0043979306579048204,0.0,-0.028222266332263282,-0.0002632162473294752,-0.027959050084933806,1,0.626284641120007,-5.604455631051546,1.9982783685970358,-5.457772955784447,60,0.159880566
1763394250916177826,0.6359344573518524,1.966304004496243,-5.015087466008716,-4.882420187393333,13,-0.0038481089498716443,0.0,-0.025316360653968733,-0.0014875917343116453,-0.023828768919657087,1,0.5695186079113722,-5.741705935256084,1.9428122778779742,-5.626161346718992,60,0.169838841
1763394250926168627,0.5841661028856058,1.9165719769107616,-5.176835446624661,-4.973202758548134,14,-0.003344558000691183,0.0,-0.02285839129559016,-0.003088199499064467,-0.019770191796525692,1,0.5116162683657164,-5.8320600843516655,1.8859134115037817,-5.744717495664452,60,0.179829642
1763394250936180353,0.5435100164399527,1.8650614476131264,-4.065608644565311,-5.151052929763522,15,-0.005895201431838896,0.0,-0.019801295096372913,-0.0039923499006306925,-0.01580894519574222,1,0.45303580528432646,-5.877666167254125,1.8280688256632003,-5.815694179827927,60,0.189841368
1763394250946216711,0.4818148230481833,1.8117657179406996,-6.169519339176937,-5.3295729672426795,16,-0.0008855198706941288,0.0,-0.01593870710944331,-0.0038872169020513813,-0.012051490207391928,1,0.39421345525062257,-5.8808004472038915,1.769742893852292,-5.841406983875933,60,0.199877726
1763394250956239481,0.43151032033569586,1.7578784477207137,-5.030450271248743,-5.388727021998596,17,-0.00312668760166739,0.0,-0.012209228455943888,-0.003329313640379231,-0.008879914815564657,1,0.33555902089989254,-5.844621381422694,1.7113750736518853,-5.824666682754443,60,0.209900496
1763394250966302188,0.39041252401549525,1.7051567814546447,-4.109779632020061,-5.2721666266069,18,-0.004677488649755417,0.0,-0.010173079444686404,-0.00302282917198997,-0.007150250272696434,1,0.2774354255702912,-5.775867381053776,1.6533685327769874,-5.770433393331373,60,0.219963203
1763394250976249112,0.3393226014978808,1.6542554086098376,-5.108992251761446,-5.090137284480711,19,-0.002503958357463575,0.0,-0.0089680838199046,-0.003318476487250811,-0.005649607332653789,1,0.2200982410758642,-5.690176082572058,1.5960504991006954,-5.68999533857682,60,0.229910127
1763394250986315648,0.28013739621343325,1.604480696746592,-5.918520528444754,-4.977471186324545,20,-0.000744540297222119,0.0,-0.007919859600374921,-0.004121935847613053,-0.0037979237527618693,1,0.16365846950290847,-5.597350245107517,1.5396025385924779,-5.598108517054848,60,0.239976663
1763394250996276045,0.23574444024820307,1.5563141686670932,-4.439295596523018,-4.816652807949895,21,-0.0028591786726703196,0.0,-0.007077215834688198,-0.004995664765603476,-0.002081551069084722,1,0.10817528021856634,-5.498284474161657,1.4841104632261257,-5.499111369630365,60,0.24993706
1763394251006207049,0.17950705745477996,1.5085264458399215,-5.6237382793423105,-4.77877228271717,22,-0.0007702713203165846,0.0,-0.005907548341908877,-0.005529230975736973,-0.0003783173661719038,1,0.05371668539589576,-5.392675973611066,1.429640660655922,-5.393739240080939,60,0.259868064
1763394251016220351,0.13044420522164332,1.4607220213693566,-4.906285223313664,-4.780442447056488,23,-0.001810604232016292,0.0,-0.004254108910311015,-0.005525179322561633,0.0012710704122506173,1,0.0003429606428347722,-5.281348613654355,1.3762542237089492,-5.282560856743585,60,0.269881366
1763394251026253748,0.08273982491256718,1.4116045460180915,-4.770438030907615,-4.911747535126509,24,-0.0022443359570911607,0.0,-0.002067142019338156,-0.004936466160965547,0.0028693241416273907,1,-0.05189102810192406,-5.164824091634146,1.3240060930477975,-5.166184633987556,60,0.279914763
1763394251036270326,0.03590335013447276,1.3624778613680224,-4.6836474778094415,-4.912668465006909,25,-0.002372164447301996,0.0,0.0003341668814089132,-0.004074223738523703,0.004408390619932616,1,-0.10293638608525861,-5.043705242487876,1.272945287380497,-5.045202174147953,60,0.289931341
1763394251046180847,-0.010375211979928183,1.3142258493754793,-4.627856211440094,-4.825201199254314,26,-0.00227868301681277,0.0,0.002979892453730657,-0.0029123945730131504,0.005892287026743807,1,-0.15275008583658994,-4.918581064092797,1.2231149198198454,-4.92019957605059,60,0.299841862
1763394251056201627,-0.05671952545617942,1.2681748649578912,-4.6344313476251235,-4.605098441758804,27,-0.0018326111665066154,0.0,0.005673222226543292,-0.001605116948242445,0.007278339174785737,1,-0.2012947196700952,-4.789955038065333,1.1745522619046347,-4.791761907360308,60,0.309862642
1763394251066258530,-0.10470586306989962,1.2228048230160535,-4.79863376137202,-4.537004194183769,28,-0.0013984097279476403,0.0,0.008315853336859212,-0.00035854559012149186,0.008674398926980704,1,-0.24853908405830846,-4.658707338527723,1.127289025599265,-4.6604019595723125,60,0.319919545
1763394251076278576,-0.1511269270314944,1.1781404585001487,-4.642106396159479,-4.466436451590483,29,-0.0014014253919736501,0.0,0.012660854599140191,0.001760852975990599,0.010900001623149592,1,-0.2944582983077005,-4.524783151135742,1.0813513064333957,-4.526775353218017,60,0.329939591
1763394251086287020,-0.1959706049325591,1.1324366044640255,-4.484367790106469,-4.57038540361232,30,-0.001647210459956857,0.0,0.017719376546843805,0.004287752840373207,0.013431623706470597,1,-0.33898391323905375,-4.377056787356263,1.036753374366714,-4.392867305507309,60,0.339948035
1763394251096311438,-0.24046566167960787,1.0860204751009945,-4.449505674704876,-4.641612936303097,31,-0.0016047811680752907,0.0,0.023292641161584634,0.007410545223916873,0.01588209593766776,1,-0.38190020311714584,-4.200888863918443,0.9934886213786865,-4.260271499505513,60,0.349972453
1763394251106177786,-0.283493307880447,1.0406381030200846,-4.302764620083916,-4.538237208090989,32,-0.0014052410991598299,0.0,0.028265290044012632,0.010021554071501118,0.018243735972511516,1,-0.42288111038528686,-3.9894657647329312,0.9515437539843573,-4.1287442110490105,60,0.359838801
1763394251116213497,-0.3253261883818657,0.9964311922803746,-4.18328805014187,-4.420691073971006,33,-0.0011150764296222557,0.0,0.03249662470936432,0.01198091215366382,0.020515712555700498,1,-0.4615644467824609,-3.74129549626694,0.9109129475753543,-3.9973008743533565,60,0.369874512
1763394251126225688,-0.3662972563886098,0.9537187929165529,-4.0971068006744105,-4.271239936382165,34,-0.0007269335379111277,0.0,0.035768050876031736,0.013071897946989026,0.02269615292904271,1,-0.49758206732745963,-3.45634900802132,0.8715995303148885,-3.865183741094103,60,0.379886703
1763394251136257924,-0.4044804413653732,0.9127333483955233,-3.818318497676337,-4.098544452102959,35,-0.0005128763250940194,0.0,0.03838947277636618,0.01360786945641332,0.024781603319952862,1,-0.5305675624924534,-3.1349094693893025,0.833611720473011,-3.7322084882662216,60,0.389918939
1763394251146349818,-0.4392097904616959,0.8724600496596033,-3.472934909632269,-4.0273298735920005,36,-0.00043755819246248437,0.0,0.04045973486684536,0.0136936545576617,0.026766080309183655,1,-0.560157446335137,-2.777253277971963,0.7969559965232714,-3.5989289819441956,60,0.400010833
1763394251156159901,-0.4701727274983436,0.8334767955831093,-3.0962937036647706,-3.8983254076494056,37,-0.00032690975913834025,0.0,0.042156894136025046,0.013517875448049938,0.02863901868797511,1,-0.5859906050820443,-2.3835736958032054,0.7616291164290758,-3.4667537397424444,60,0.409820916
1763394251166224886,-0.49594115749827633,0.7960203632239009,-2.5768429999932727,-3.745643235920837,38,-0.0003023771619561763,0.0,0.04362426217559045,0.013242783997598902,0.03038147817799155,1,-0.6077074659108567,-1.953989308153616,0.7276090325318162,-3.3380549895785263,60,0.419885901
1763394251176149705,-0.5160715212558789,0.7589499105325876,-2.013036375760252,-3.707045269131326,39,-0.00034613519344863566,0.0,0.04502844938853048,0.013052585651084024,0.03197586373744645,1,-0.6249487210283223,-1.488343018771296,0.6948435414018715,-3.2166568236959105,60,0.42981072
1763394251186194882,-0.5302607514150033,0.7232502897358513,-1.4189230159124433,-3.5699620796736387,40,-0.0003302586198562289,0.0,0.04638585056710676,0.012983612576577121,0.03340223799052964,1,-0.6373536488935668,-0.9868246951421276,0.6632366769581867,-3.1070498905528785,60,0.439855897
1763394251196323542,-0.5381962207149791,0.6883034419421186,-0.7935469299975795,-3.4946847793732694,41,-0.00033029210320986973,0.0,0.047639574865488594,0.01301795113842402,0.03462162372706457,1,-0.6445654604339318,-0.44968347794266633,0.632644423367739,-3.0148392743983963,60,0.449984557
1763394251206220654,-0.5389262261916543,0.6537349849730592,-0.07300054766752329,-3.4568456969059413,42,-0.00035805198605290997,0.0,0.048688345953122436,0.013111097449605391,0.035577248503517046,1,-0.6462279916611327,0.12307137786037896,0.6028575279025795,-2.9473267160018586,60,0.459881669
1763394251216313309,-0.5345173360199433,0.6195290590194742,0.44088901717109774,-3.420592595358496,43,-0.0002702114045762967,0.0,0.04932204397419064,0.013133577543062748,0.03618846643112789,1,-0.6419858034307883,0.7312738766474269,0.5735865311298733,-2.9132539734638723,60,0.469974324
1763394251226150836,-0.5227539095680462,0.5853489545188097,1.1763426451897097,-3.4180104500664443,44,-0.0002569940286475124,0.0,0.049635265871105394,0.01329274531140269,0.036342520559702704,1,-0.6314869567982996,1.3743457103242185,0.5444475712874516,-2.9227418135572454,60,0.479811851
1763394251236160490,-0.5042767033552675,0.5504911238621657,1.8477206212778707,-3.485783065664405,45,-0.00021598700769876502,0.0,0.04850315558381259,0.012618143417851153,0.03588501216596143,1,-0.614389020507054,2.050886290456552,0.5149496863313581,-2.987027347640099,60,0.489821505
1763394251246312371,-0.47857169859103693,0.5143747939675456,2.5705004764230597,-3.6116329894620103,46,-0.00018276071394501364,0.0,0.04590896038001565,0.011298096585890918,0.03461086379412473,1,-0.5903705242082713,2.757963878455313,0.48448652744561754,-3.1178031990761177,60,0.499973386
1763394251256203931,-0.4458387045062992,0.47627874005889503,3.273299408473773,-3.8096053908650562,47,-0.00014267552723152996,0.0,0.04135202425035464,0.009091523697018107,0.032260500553336534,1,-0.5591519375374281,3.48986659748577,0.4523380197099197,-3.325815717921186,60,0.509864946
1763394251266220535,-0.4057802414981387,0.43526514159531027,4.005846300816051,-4.101359846358476,48,-0.00011135976398748329,0.0,0.03412770746810139,0.005596255195127293,0.0285314522729741,1,-0.5205334479259854,4.235901034926733,0.4176920593326741,-3.6181348114415766,60,0.51988155
1763394251276146387,-0.3585227518982399,0.3902438406419294,4.725748959989878,-4.502130095338086,49,-8.506155056734304e-05,0.0,0.02352273536483396,0.0003993275727121107,0.02312340779212185,1,-0.47446206618247616,4.97658986112781,0.37970384479360575,-3.993167305657475,60,0.529807402
1763394251286304783,-0.3048704901360515,0.34179312800674755,5.36522617621884,-4.845071263518186,50,-5.0056145491435234e-05,0.0,0.009211887896108275,-0.006627465367289418,0.015839353263397693,1,-0.4211480410192652,5.677464128661041,0.3376212268712481,-4.43222884673507,60,0.539965798
1763394251296253925,-0.2449197354221709,0.28833807937868083,5.995075471388058,-5.3455048628066715,51,-3.942623378212698e-05,0.0,-0.008864597207666806,-0.015612518153461307,0.0067479209457945,1,-0.36125699155718877,6.2801810998042,0.2910145717325441,-4.887102239035152,60,0.54991494
1763394251306277931,-0.18022977011784166,0.2310100969836949,6.468996530432924,-5.732798239498593,52,-3.271477575993681e-05,0.0,-0.029795438281420606,-0.026137297980163877,-0.003658140301256728,1,-0.29619567724263957,6.693543437319833,0.24014124549415816,-5.266601602419095,60,0.559938946
1763394251316358547,-0.11290666248707862,0.17154155350348205,6.732310763076304,-5.946854348021286,53,-3.684170658397073e-05,0.0,-0.05150014168691655,-0.037021181874839874,-0.014478959812076676,1,-0.2284519221046533,6.794138883418228,0.1864038049007199,-5.434380902354543,60,0.570019562
1763394251326161172,-0.04708391380116223,0.1124839759293082,6.5822748685916395,-5.905757757417384,54,-4.50939657730389e-05,0.0,-0.0697650298764763,-0.045044627349743266,-0.024720402526733035,1,-0.16181097682656398,6.453295398000251,0.13268440762301195,-5.239604236267569,60,0.579822187
1763394251336192699,0.014373377486960954,0.05727102408906283,6.145729128812318,-5.521295184024537,55,-5.9579970947797125e-05,0.0,-0.079249526017203,-0.045727541953674525,-0.033521984063528486,1,-0.10114524886664035,5.592596603238068,0.08317108458671257,-4.5845966150664985,60,0.589853714
1763394251346203441,0.06680506623258553,0.009960062997619496,5.243168874562458,-4.7310961091443335,56,-6.430215114370884e-05,0.0,-0.07313723456796198,-0.03407955301006473,-0.039057681557897246,1,-0.051652703505367076,4.228799022448336,0.04250820878595601,-3.4798187896149635,60,0.599864456
1763394251356389373,0.10584869113274759,-0.025391780818170277,3.9043624900162053,-3.5351843815789774,57,-5.597862790235606e-05,0.0,-0.04211100683745067,-0.00860211016785608,-0.03350889666959459,1,-0.017830655938868973,2.484528723131059,0.014669481485209098,-2.044805451495306,60,0.610050388
1763394251366328865,0.12785479184688445,-0.04671906446986385,2.2006100714136863,-2.1327283651693567,58,-3.611505897626676e-05,0.0,0.03686162058007765,0.023198045813515988,0.01366357476656166,1,-0.0020478295396299698,0.6924911330982969,0.0016840382912533943,-0.5695211819112384,60,0.61998988
1763394251376248389,0.13235160352014114,-0.053831177418000996,0.449681167325669,-0.7112112948137149,59,0.0,0.019741489194919366,0.044361382695494174,0.044361382695494174,7.990712976209672e-19,2,0.0,0.0,0.0,0.0,60,0.629909404
1763394251386396732,0.12176205750272098,-0.04893062687860058,-1.0589546017420153,0.4900550539400417,60,0.0,0.008540462508691926,0.0,0.0,0.0,2,0.0,0.0,0.0,0.0,60,0.640057747
1763394251396348409,0.1032047647746389,-0.037936854652919766,-1.8557292728082084,1.0993772225680813,61,0.0,0.00193254883239714,0.0,0.0,0.0,2,0.0,0.0,0.0,0.0,60,0.650009424
1763394251406253786,0.08859048528210432,-0.029754234253107324,-1.4614279492534576,0.8182620399812441,62,0.0,0.002639494649237236,0.0,0.0,0.0,2,0.0,0.0,0.0,0.0,60,0.659914801
1763394251416271584,0.07445920068960038,-0.022338170846706758,-1.4131284592503943,0.7416063406400566,63,0.0,0.002731236266911085,0.0,0.0,0.0,2,0.0,0.0,0.0,0.0,60,0.669932599
1763394251426182227,0.061335081857891216,-0.015352415871319946,-1.3124118831709164,0.6985754975386811,64,0.0,0.0014857140425050368,0.0,0.0,0.0,2,0.0,0.0,0.0,0.0,60,0.679843242
1763394251436213942,0.04876903243351416,-0.009243810894056622,-1.2566049424377057,0.6108604977263324,65,0.0,0.001946493277858655,0.0,0.0,0.0,2,0.0,0.0,0.0,0.0,60,0.689874957
1763394251446344759,0.034306339827338425,-0.002449721978210558,-1.4462692606175733,0.6794088915846064,66,0.0,0.0015196656142988027,0.0,0.0,0.0,2,0.0,0.0,0.0,0.0,60,0.700005774
1763394251456282104,0.023359128718750843,0.004201786374977295,-1.0947211108587582,0.6651508353187853,67,0.0,-0.003290232591825955,0.0,0.0,0.0,2,0.0,0.0,0.0,0.0,60,0.709943119
1763394251466185126,0.011110529782909266,0.011701249847489485,-1.2248598935841577,0.749946347251219,68,0.0,-0.004894786714613906,0.0,0.0,0.0,2,0.0,0.0,0.0,0.0,60,0.719846141
1763394251476211144,-0.0036537596452152314,0.018910043596029512,-1.4764289428124497,0.7208793748540027,69,0.0,-0.002368379514359968,0.0,0.0,0.0,2,0.0,0.0,0.0,0.0,60,0.729872159
1763394251486331301,-0.01681304748524,0.026753553434473762,-1.3159287840024767,0.784350983844425,70,0.0,-0.006939717090807762,0.0,0.0,0.0,2,0.0,0.0,0.0,0.0,60,0.739992316
1763394251496354218,-0.03275893140302623,0.034344587309386984,-1.594588391778623,0.7591033874913222,71,0.0,-0.004244704403183178,0.0,0.0,0.0,2,0.0,0.0,0.0,0.0,60,0.750015233
1763394251506141782,-0.045209891059770996,0.04077717319900892,-1.2450959656744767,0.6432585889621936,72,0.0,-0.006620948071728694,0.0,0.0,0.0,2,0.0,0.0,0.0,0.0,60,0.759802797
1763394251516236233,-0.05646014044698721,0.04646602124224817,-1.1250249387216213,0.5688848043239249,73,0.0,-0.007161689369793823,0.0,0.0,0.0,2,0.0,0.0,0.0,0.0,60,0.769897248
1763394251526220620,-0.06699701220432938,0.05139172742982691,-1.0536871757342172,0.4925706187578739,74,0.0,-0.006969696642290028,0.0,0.0,0.0,2,0.0,0.0,0.0,0.0,60,0.779881635
1763394251536330827,-0.07593063127086161,0.055539650395488305,-0.8933619066532228,0.41479229656613964,75,0.0,-0.0076686893208353524,0.0,0.0,0.0,2,0.0,0.0,0.0,0.0,60,0.789991842
1763394251546381557,-0.08385577418664569,0.058149982060723915,-0.7925142915784084,0.261033166523561,76,0.0,-0.0056576108027602086,0.0,0.0,0.0,2,0.0,0.0,0.0,0.0,60,0.800042572
1763394251556193388,-0.08797831888442488,0.06027886896337192,-0.41225446977791874,0.21288869026480084,77,0.0,-0.009321454769781197,0.0,0.0,0.0,2,0.0,0.0,0.0,0.0,60,0.809854403
1763394251566172289,-0.09523547044738868,0.06171297509294875,-0.7257151562963804,0.1434106129576826,78,0.0,-0.004244877798311885,0.0,0.0,0.0,2,0.0,0.0,0.0,0.0,60,0.819833304
1763394251576245828,-0.10086440365453116,0.0628033111914779,-0.5628933207142472,0.10903360985291544,79,0.0,-0.005528841976700686,0.0,0.0,0.0,2,0.0,0.0,0.0,0.0,60,0.829906843
1763394251586409848,-0.10593365292060525,0.06345891752559564,-0.5069249266074091,0.06556063341177365,80,0.0,-0.005278793456532824,0.0,0.0,0.0,2,0.0,0.0,0.0,0.0,60,0.840070863
1763394251596145818,-0.110715188673283,0.06391187314812041,-0.4781535752677757,0.04529556225247727,81,0.0,-0.005222620682154339,0.0,0.0,0.0,2,0.0,0.0,0.0,0.0,60,0.849806833
1763394251606170882,-0.11373571022822687,0.06365080646020749,-0.3020521554943867,-0.02610666879129253,82,0.0,-0.0055870319856665875,0.0,0.0,0.0,2,0.0,0.0,0.0,0.0,60,0.859831897
1763394251616173326,-0.11576938113197266,0.06350796743756962,-0.20336709037457879,-0.014283902263786952,83,0.0,-0.0070079750548654035,0.0,0.0,0.0,2,0.0,0.0,0.0,0.0,60,0.869834341
1763394251626241907,-0.11848156020555954,0.06370664787144849,-0.27121790735868817,0.019868043387887002,84,0.0,-0.0070491615636381726,0.0,0.0,0.0,2,0.0,0.0,0.0,0.0,60,0.879902922
1763394251636155285,-0.11945983835691604,0.06387109919355324,-0.09782781513564959,0.016445132210475555,85,0.0,-0.00903233028585278,0.0,0.0,0.0,2,0.0,0.0,0.0,0.0,60,0.8898163
1763394251646275612,-0.12391307760407548,0.06441593988687257,-0.44532392471594434,0.05448406933193234,86,0.0,-0.0059369086992002995,0.0,0.0,0.0,2,0.0,0.0,0.0,0.0,60,0.899936627
1763394251656445361,-0.12419034276514618,0.06491538547389583,-0.02772651610706972,0.04994455870232645,87,0.0,-0.01080924279503125,0.0,0.0,0.0,2,0.0,0.0,0.0,0.0,60,0.910106376
1763394251666369339,-0.12742009461973064,0.06480873105929243,-0.32297518545844617,-0.010665441460340486,88,0.0,-0.005914771677150897,0.0,0.0,0.0,2,0.0,0.0,0.0,0.0,60,0.920030354
1763394251676291681,-0.12818239255897426,0.06444699727275098,-0.07622979392436224,-0.036173378654144606,89,0.0,-0.008163200790873256,0.0,0.0,0.0,2,0.0,0.0,0.0,0.0,60,0.929952696
1763394251686163781,-0.12784051247110012,0.06338137963264939,0.034188008787414126,-0.10656176401015877,90,0.0,-0.007651166967137679,0.0,0.0,0.0,2,0.0,0.0,0.0,0.0,60,0.939824796
1763394251696401637,-0.12801127237379994,0.062114856463878876,-0.01707599026998241,-0.1266523168770517,91,0.0,-0.006391373515916303,0.0,0.0,0.0,2,0.0,0.0,0.0,0.0,60,0.950062652
1763394251706214675,-0.12478151216468157,0.05976366688286211,0.32297602091183736,-0.2351189581016766,92,0.0,-0.007484791165491633,0.0,0.0,0.0,2,0.0,0.0,0.0,0.0,60,0.95987569
1763394251716222765,-0.12227046620129356,0.05737723493766933,0.25110459633880117,-0.23864319451927796,93,0.0,-0.0061978851756865246,0.0,0.0,0.0,2,0.0,0.0,0.0,0.0,60,0.96988378
1763394251726219120,-0.11778919504685592,0.05484638772458865,0.4481271154437638,-0.2530847213080681,94,0.0,-0.007785669756680368,0.0,0.0,0.0,2,0.0,0.0,0.0,0.0,60,0.979880135
1763394251736316843,-0.11271140885051807,0.05175369698378619,0.5077786196337849,-0.3092690740802456,95,0.0,-0.0066967907671904876,0.0,0.0,0.0,2,0.0,0.0,0.0,0.0,60,0.989977858
1763394251746225856,-0.10866590091618951,0.04871282886868662,0.40455079343285627,-0.3040868115099571,96,0.0,-0.005144479330946913,0.0,0.0,0.0,2,0.0,0.0,0.0,0.0,60,0.999886871
1763394251756320921,-0.10346555881238276,0.04540050420651588,0.5200342103806751,-0.33123246621707403,97,0.0,-0.00535920289695355,0.0,0.0,0.0,2,0.0,0.0,0.0,0.0,60,1.009981936
1763394251766267960,-0.0976236018648887,0.0413516349284262,0.584195694749405,-0.40488692780896796,98,0.0,-0.003770090457617425,0.0,0.0,0.0,2,0.0,0.0,0.0,0.0,60,1.019928975
1763394251776253320,-0.09114190453689701,0.03738091136222932,0.6481697327991698,-0.3970723566196883,99,0.0,-0.004098381481671772,0.0,0.0,0.0,2,0.0,0.0,0.0,0.0,60,1.029914335
1763394251786247253,-0.08396391060309216,0.03325115745257492,0.7177993933804846,-0.41297539096544,100,0.0,-0.003911500306325056,0.0,0.0,0.0,2,0.0,0.0,0.0,0.0,60,1.039908268
1763394251796217693,-0.07690806912535025,0.02949943485040704,0.7055841477741909,-0.3751722602167877,101,0.0,-0.004078791966409529,0.0,0.0,0.0,2,0.0,0.0,0.0,0.0,60,1.049878708
1763394251806163543,-0.06988096893561133,0.025632050508334232,0.7027100189738927,-0.3867384342072809,102,0.0,-0.0031813676699264937,0.0,0.0,0.0,2,0.0,0.0,0.0,0.0,60,1.059824558
1763394251816346227,-0.06324477200633585,0.022496498666308574,0.6636196929275473,-0.3135551842025658,103,0.0,-0.003954833323887295,0.0,0.0,0.0,2,0.0,0.0,0.0,0.0,60,1.070007242
1763394251826228732,-0.054920723520577946,0.019390123798778185,0.8324048485757907,-0.310637486753039,104,0.0,-0.005521573715675279,0.0,0.0,0.0,2,0.0,0.0,0.0,0.0,60,1.079889747
1763394251836307463,-0.05283537977714514,0.01648377917256516,0.20853437434328048,-0.2906344626213024,105,0.0,0.0017718409390525868,0.0,0.0,0.0,2,0.0,0.0,0.0,0.0,60,1.089968478
1763394251846281584,-0.0413444029754481,0.014003865680580999,1.1490976801697041,-0.2479913491984162,106,0.0,-0.009872970684852003,0.0,0.0,0.0,2,0.0,0.0,0.0,0.0,60,1.099942599
1763394251856312548,-0.035532373082387755,0.010513705728580493,0.5812029893060344,-0.34901599520005055,107,0.0,-0.0003022995703579369,0.0,0.0,0.0,2,0.0,0.0,0.0,0.0,60,1.109973563
1763394251866222307,-0.026958189949025702,0.006978662887731923,0.8574183133362053,-0.353504284084857,108,0.0,-0.0028929106548315625,0.0,0.0,0.0,2,0.0,0.0,0.0,0.0,60,1.119883322
1763394251876179602,-0.01776663974766855,0.00224790082950517,0.9191550201357153,-0.4730762058226753,109,0.0,-8.817275272149719e-05,0.0,0.0,0.0,2,0.0,0.0,0.0,0.0,60,1.129840617
1763394251886230345,-0.007747420603649937,-0.0021967118147140467,1.0019219144018612,-0.4444612644219217,110,0.0,-0.0010443223531854395,0.0,0.0,0.0,2,0.0,0.0,0.0,0.0,60,1.13989136
1763394251896362966,0.003241039057980479,-0.008521171621052797,1.0988459661630416,-0.632445980633875,111,0.0,0.0031919730244694532,0.0,0.0,0.0,2,0.0,0.0,0.0,0.0,60,1.150023981
1763394251906258868,0.01482793520114498,-0.015167550869671021,1.15868961431645,-0.6646379248618224,112,0.0,0.004260736569520234,0.0,0.0,0.0,2,0.0,0.0,0.0,0.0,60,1.159919883
1763394251916327668,0.027324648485120936,-0.022087561245225974,1.2496713283975958,-0.6920010375554952,113,0.0,0.00489375820680356,0.0,0.0,0.0,2,0.0,0.0,0.0,0.0,60,1.169988683
1763394251926265972,0.0393518068076415,-0.029147334582048785,1.2027158322520561,-0.7059773336822811,114,0.0,0.006852107086405171,0.0,0.0,0.0,2,0.0,0.0,0.0,0.0,60,1.179926987
1763394251936347158,0.053653974230808685,-0.03609932322179403,1.4302167423167187,-0.6951988639745246,115,0.0,0.004997763466776342,0.0,0.0,0.0,2,0.0,0.0,0.0,0.0,60,1.190008173
1763394251946164621,0.06282902780858421,-0.04275218939939107,0.9175053577775524,-0.6652866177597041,116,0.0,0.011328294846858482,0.0,0.0,0.0,2,0.0,0.0,0.0,0.0,60,1.199825636
1763394251956162962,0.07423790779737989,-0.04897165142341895,1.1408879988795682,-0.6219462024027879,117,0.0,0.0086421209569312,0.0,0.0,0.0,2,0.0,0.0,0.0,0.0,60,1.209823977
1763394251966247075,0.08365007944861394,-0.05546489417167544,0.9412171651234049,-0.6493242748256488,118,0.0,0.01261662207920406,0.0,0.0,0.0,2,0.0,0.0,0.0,0.0,60,1.21990809
1763394251976111435,0.09455365980737951,-0.06062542271411164,1.0903580358765568,-0.5160528542436205,119,0.0,0.008535935889203736,0.0,0.0,0.0,2,0.0,0.0,0.0,0.0,60,1.22977245
1763394251986247027,0.10271415678742861,-0.06553017934528371,0.81604969800491,-0.4904756631172069,120,0.0,0.011906920226099167,0.0,0.0,0.0,2,0.0,0.0,0.0,0.0,60,1.239908042
1763394251996261857,0.10970591273388748,-0.06962456900352437,0.6991755946458872,-0.409438965824066,121,0.0,0.012005627212850261,0.0,0.0,0.0,2,0.0,0.0,0.0,0.0,60,1.249922872
1763394252006134502,0.11531791959226492,-0.0723463768655959,0.5612006858377441,-0.2721807862071532,122,0.0,0.010827081202793479,0.0,0.0,0.0,2,0.0,0.0,0.0,0.0,60,1.259795517
1763394252016356995,0.11980343223761358,-0.07417447506681812,0.44855126453486605,-0.18280982012222197,123,0.0,0.010338311637446765,0.0,0.0,0.0,2,0.0,0.0,0.0,0.0,60,1.27001801
1763394252026310828,0.12272032444783379,-0.07601082497769185,0.29168922102202066,-0.18363499108737247,124,0.0,0.012479890495349913,0.0,0.0,0.0,2,0.0,0.0,0.0,0.0,60,1.279971843
1763394252036264389,0.12471523610572643,-0.07623993276919838,0.1994911657892645,-0.022910779150653315,125,0.0,0.009834408569502507,0.0,0.0,0.0,2,0.0,0.0,0.0,0.0,60,1.289925404
1763394252046324561,0.125544460107718,-0.07611864796313045,0.08292240019915631,0.01212848060679339,126,0.0,0.010366399918098266,0.0,0.0,0.0,2,0.0,0.0,0.0,0.0,60,1.299985576
1763394252056175268,0.1249253142995422,-0.0753614282041137,-0.06191458081757917,0.07572197590167418,127,0.0,0.010462654164758679,0.0,0.0,0.0,2,0.0,0.0,0.0,0.0,60,1.309836283
1763394252066216089,0.12292311726191688,-0.07352948398714176,-0.20021970376253306,0.18319442169719424,128,0.0,0.009290536286445033,0.0,0.0,0.0,2,0.0,0.0,0.0,0.0,60,1.319877104
1763394252076149143,0.12018725448532377,-0.0710393252002722,-0.2735862776593101,0.24901587868695618,129,0.0,0.008232772640525571,0.0,0.0,0.0,2,0.0,0.0,0.0,0.0,60,1.329810158
1763394252086229086,0.11618331076135938,-0.06809967975036091,-0.4003943723964398,0.29396454499112934,130,0.0,0.008221745614768003,0.0,0.0,0.0,2,0.0,0.0,0.0,0.0,60,1.339890101
1763394252096296507,0.11119359862756192,-0.0642647049390116,-0.49897121337974526,0.3834974811349312,131,0.0,0.006698677195377796,0.0,0.0,0.0,2,0.0,0.0,0.0,0.0,60,1.349957522
1763394252106147869,0.10528045673473803,-0.06033539670850827,-0.5913141892823894,0.3929308230503324,132,0.0,0.006963562963693911,0.0,0.0,0.0,2,0.0,0.0,0.0,0.0,60,1.359808884
1763394252116095134,0.09835704167578631,-0.05590600368277937,-0.6923415058951721,0.44293930257289016,133,0.0,0.006302288878256897,0.0,0.0,0.0,2,0.0,0.0,0.0,0.0,60,1.369756149
1763394252126173130,0.09124839197963934,-0.050755984380510585,-0.7108649696146968,0.5150019302268785,134,0.0,0.0040479930759337295,0.0,0.0,0.0,2,0.0,0.0,0.0,0.0,60,1.379834145
1763394252136191519,0.08358789965572376,-0.04567923331068509,-0.766049232391558,0.5076751069825497,135,0.0,0.004094615436822645,0.0,0.0,0.0,2,0.0,0.0,0.0,0.0,60,1.389852534
1763394252146182533,0.0731655569738203,-0.04023658420203467,-1.0422342681903465,0.5442649108650416,136,0.0,0.005644788968537555,0.0,0.0,0.0,2,0.0,0.0,0.0,0.0,60,1.399843548
1763394252156194385,0.06558030955254074,-0.034243331111648304,-0.7585247421279556,0.5993253090386369,137,0.0,0.00011370129817339474,0.0,0.0,0.0,2,0.0,0.0,0.0,0.0,60,1.4098554
1763394252166136902,0.05653569278644044,-0.028603180432332703,-0.90446167661003,0.56401506793156,138,0.0,0.0017947407378696347,0.0,0.0,0.0,2,0.0,0.0,0.0,0.0,60,1.419797917
1763394252176220914,0.04714590651501624,-0.022801583384345375,-0.93897862714242,0.5801597047987328,139,0.0,0.0009361333352713701,0.0,0.0,0.0,2,0.0,0.0,0.0,0.0,60,1.429881929
1763394252186097243,0.03751252243375421,-0.016403713883847287,-0.9633384081262026,0.6397869500498088,140,0.0,-0.0011500313083899275,0.0,0.0,0.0,2,0.0,0.0,0.0,0.0,60,1.439758258
1763394252196309246,0.02743669574033409,-0.01020879895373314,-1.0075826693420122,0.6194914930114148,141,0.0,-0.001100292578697381,0.0,0.0,0.0,2,0.0,0.0,0.0,0.0,60,1.449970261
1763394252206265466,0.017623159195996052,-0.0038404080212180794,-0.9813536544338037,0.636839093251506,142,0.0,-0.002785533054060988,0.0,0.0,0.0,2,0.0,0.0,0.0,0.0,60,1.459926481
1763394252216225552,0.008325744023185727,0.0016620731144127536,-0.9297415172810325,0.5502481135630833,143,0.0,-0.002202607086065537,0.0,0.0,0.0,2,0.0,0.0,0.0,0.0,60,1.469886567
1763394252226184202,-0.0007656952557898514,0.007168379335823986,-0.9091439278975578,0.5506306221411232,144,0.0,-0.003294394164439291,0.0,0.0,0.0,2,0.0,0.0,0.0,0.0,60,1.479845217
1763394252236186770,-0.008870978427975625,0.011745087454864713,-0.8105283172185773,0.4576708119040727,145,0.0,-0.0029737526972316852,0.0,0.0,0.0,2,0.0,0.0,0.0,0.0,60,1.489847785
1763394252246355000,-0.016431471657942058,0.016479169991343606,-0.7560493229966433,0.4734082536478893,146,0.0,-0.0047047169179770705,0.0,0.0,0.0,2,0.0,0.0,0.0,0.0,60,1.500016015
1763394252256171853,-0.023751202884785768,0.02068820240206158,-0.731973122684371,0.4209032410717975,147,0.0,-0.004400446608733632,0.0,0.0,0.0,2,0.0,0.0,0.0,0.0,60,1.509832868
1763394252266194160,-0.030589248309606368,0.024076120621093086,-0.6838045424820599,0.3387918219031505,148,0.0,-0.0035621935086714313,0.0,0.0,0.0,2,0.0,0.0,0.0,0.0,60,1.519855175
1763394252276401084,-0.03430947539876529,0.02755148319639482,-0.3720227089158923,0.34753625753017325,149,0.0,-0.007953459807559096,0.0,0.0,0.0,2,0.0,0.0,0.0,0.0,60,1.530062099
1763394252286266545,-0.04300177972363948,0.030566456628216394,-0.8692304324874188,0.30149734318215754,150,0.0,-0.001506510796743868,0.0,0.0,0.0,2,0.0,0.0,0.0,0.0,60,1.53992756
1763394252296189181,-0.049261358437477,0.032990675774925024,-0.6259578713837518,0.24242191467086296,151,0.0,-0.0033553251243766844,0.0,0.0,0.0,2,0.0,0.0,0.0,0.0,60,1.549850196
1763394252306170562,-0.0511924903736144,0.03487320195344209,-0.19311319361373994,0.18825261785170647,152,0.0,-0.00745258841573181,0.0,0.0,0.0,2,0.0,0.0,0.0,0.0,60,1.559831577
1763394252316313732,-0.05506152937552563,0.03647453152013685,-0.38690390019112325,0.1601329566694759,153,0.0,-0.004765722920528689,0.0,0.0,0.0,2,0.0,0.0,0.0,0.0,60,1.569974747
1763394252326232874,-0.05351792815155495,0.03733045430869831,0.1543601223970681,0.08559227885614612,154,0.0,-0.009496621802416692,0.0,0.0,0.0,2,0.0,0.0,0.0,0.0,60,1.579893889
1763394252336254447,-0.05676216478807117,0.03821476025850678,-0.3244236636516219,0.08843059498084699,155,0.0,-0.004080822828480331,0.0,0.0,0.0,2,0.0,0.0,0.0,0.0,60,1.589915462
1763394252346293832,-0.06481634100783387,0.03813342429850485,-0.8054176219762704,-0.0081335960001927,156,0.0,0.0038199324787683573,0.0,0.0,0.0,2,0.0,0.0,0.0,0.0,60,1.599954847
1763394252356184133,-0.06225594261803103,0.03827512081613917,0.2560398389802841,0.0141696517634321,157,0.0,-0.009181675584400549,0.0,0.0,0.0,2,0.0,0.0,0.0,0.0,60,1.609845148
1763394252366317975,-0.06303202482265191,0.037777235435685015,-0.07760822046208801,-0.049788538045415776,158,0.0,-0.003692700077695647,0.0,0.0,0.0,2,0.0,0.0,0.0,0.0,60,1.61997899
1763394252376340633,-0.059502266707577446,0.03574210018200914,0.35297581150744645,-0.20351352536758724,159,0.0,-0.00483411973084837,0.0,0.0,0.0,2,0.0,0.0,0.0,0.0,60,1.630001648
1763394252386284026,-0.05516686045350065,0.034089864534518545,0.4335406254076794,-0.16522356474905978,160,0.0,-0.006420837802126463,0.0,0.0,0.0,2,0.0,0.0,0.0,0.0,60,1.639945041
1763394252396210077,-0.05234276741343285,0.03296996091327421,0.28240930400678027,-0.11199036212443322,161,0.0,-0.0057200946007527785,0.0,0.0,0.0,2,0.0,0.0,0.0,0.0,60,1.649871092
1763394252406226994,-0.0579854180704946,0.0311770435399112,-0.5642650657061751,-0.17929173733630122,162,0.0,0.006049208696916392,0.0,0.0,0.0,2,0.0,0.0,0.0,0.0,60,1.659888009
1763394252416163315,-0.05297444407471866,0.029694930585844312,0.5010973995775942,-0.14821129540668887,163,0.0,-0.006956714870018379,0.0,0.0,0.0,2,0.0,0.0,0.0,0.0,60,1.66982433
1763394252426336137,-0.04597966133791364,0.027365411058089886,0.6994782736805017,-0.23295195277544256,164,0.0,-0.006934763685591953,0.0,0.0,0.0,2,0.0,0.0,0.0,0.0,60,1.679997152
1763394252436359957,-0.04318601728737365,0.024212646934300155,0.2793644050539987,-0.3152764123789731,165,0.0,0.0004032664834605574,0.0,0.0,0.0,2,0.0,0.0,0.0,0.0,60,1.690020972
1763394252446273656,-0.04128091770413481,0.021172680260836706,0.19050995832388395,-0.30399666734634495,166,0.0,0.0016374093978962934,0.0,0.0,0.0,2,0.0,0.0,0.0,0.0,60,1.699934671
1763394252456202299,-0.03612080749283504,0.018109980744840062,0.5160110211299772,-0.3062699515996643,167,0.0,-0.0016638023797239864,0.0,0.0,0.0,2,0.0,0.0,0.0,0.0,60,1.709863314
1763394252466153791,-0.033449735049314165,0.014859530774843276,0.2671072443520876,-0.32504499699967865,168,0.0,0.0021878624166687703,0.0,0.0,0.0,2,0.0,0.0,0.0,0.0,60,1.719814806
1763394252476220619,-0.026419857239016162,0.011708905150852565,0.7029877810298002,-0.31506256239907104,169,0.0,-0.0026784198691873432,0.0,0.0,0.0,2,0.0,0.0,0.0,0.0,60,1.729881634
1763394252486212798,-0.021523492261367294,0.008245320178747836,0.4896364977648868,-0.34635849721047285,170,0.0,0.0010873246903585678,0.0,0.0,0.0,2,0.0,0.0,0.0,0.0,60,1.739873813
1763394252496121484,-0.01672499332442785,0.0050095207098680775,0.47984989369394443,-0.32357994688797587,171,0.0,0.0011608180943691654,0.0,0.0,0.0,2,0.0,0.0,0.0,0.0,60,1.749782499
1763394252506134061,-0.012557403678069172,0.0023698207470151805,0.41675896463586776,-0.26396999628528967,172,0.0,0.0009068349694740302,0.0,0.0,0.0,2,0.0,0.0,0.0,0.0,60,1.759795076
1763394252516113716,-0.008432662956435025,-0.00044651789774948283,0.41247407216341464,-0.2816338644764663,173,0.0,0.0017998306947148374,0.0,0.0,0.0,2,0.0,0.0,0.0,0.0,60,1.769774731
1763394252526160474,-0.004096218976336689,-0.0031145019393063345,0.4336443980098336,-0.2667984041556852,174,0.0,0.001610674147679402,0.0,0.0,0.0,2,0.0,0.0,0.0,0.0,60,1.779821489
1763394252536120988,-0.0005508213674452721,-0.004922033946135572,0.3545397608891417,-0.18075320068292375,175,0.0,0.0008001314619639969,0.0,0.0,0.0,2,0.0,0.0,0.0,0.0,60,1.789782003
1763394252546182442,0.0025229238333963934,-0.006289723542055387,0.30737452008416655,-0.13676895959198151,176,0.0,0.0005341429478783431,0.0,0.0,0.0,2,0.0,0.0,0.0,0.0,60,1.799843457
1763394252556139117,0.0058307225748060465,-0.007542325843937349,0.3307798741409653,-0.12526023018819615,177,0.0,0.00018441744106256503,0.0,0.0,0.0,2,0.0,0.0,0.0,0.0,60,1.809800132
1763394252566185792,0.007072835233804808,-0.0071657190885425805,0.12421126589987619,0.03766067553947682,178,0.0,-0.0012612212533103366,0.0,0.0,0.0,2,0.0,0.0,0.0,0.0,60,1.819846807
1763394252576175451,0.00825967649129999,-0.006840726565776769,0.11868412574951824,0.03249925227658112,179,0.0,-0.0011198764400661954,0.0,0.0,0.0,2,0.0,0.0,0.0,0.0,60,1.829836466
1763394252586345345,0.009688704449042355,-0.006088331813749863,0.1429027957742364,0.0752394752026906,180,0.0,-0.0025133294530169307,0.0,0.0,0.0,2,0.0,0.0,0.0,0.0,60,1.84000636
1763394252596195304,0.0112371188490131,-0.005453101326415312,0.15484143999707453,0.06352304873345517,181,0.0,-0.0024682332582809416,0.0,0.0,0.0,2,0.0,0.0,0.0,0.0,60,1.849856319
1763394252606085359,0.013193083593209087,-0.005421643390335615,0.1955964744195987,0.0031457936079696755,182,0.0,-0.0015302817023563203,0.0,0.0,0.0,2,0.0,0.0,0.0,0.0,60,1.859746374
1763394252616200767,0.016182286938931013,-0.0063639325057550135,0.2989203345721926,-0.09422891154193987,183,0.0,-0.00031273479258852764,0.0,0.0,0.0,2,0.0,0.0,0.0,0.0,60,1.869861782
1763394252626157916,0.02014982451481933,-0.007689444162064453,0.39675375758883163,-0.13255116563094396,184,0.0,-0.00035557242150411434,0.0,0.0,0.0,2,0.0,0.0,0.0,0.0,60,1.879818931
1763394252636191394,0.028240327905212477,-0.009950873784588527,0.8090503390393147,-0.22614296225240735,185,0.0,-0.0026451020161475684,0.0,0.0,0.0,2,0.0,0.0,0.0,0.0,60,1.889852409
1763394252646249236,0.030161450798964505,-0.012487664533711012,0.1921122893752028,-0.2536790749122485,186,0.0,0.005626263844635293,0.0,0.0,0.0,2,0.0,0.0,0.0,0.0,60,1.899910251
1763394252656132659,0.0362747192324378,-0.01573167617876535,0.6113268433473297,-0.32440116450543377,187,0.0,0.0028588213195134913,0.0,0.0,0.0,2,0.0,0.0,0.0,0.0,60,1.909793674
1763394252666171034,0.042139673300598326,-0.019781417918444375,0.5864954068160524,-0.40497417396790253,188,0.0,0.005655422123325141,0.0,0.0,0.0,2,0.0,0.0,0.0,0.0,60,1.919832049
1763394252676158155,0.04876691148446226,-0.02318947413886114,0.6627238183863932,-0.3408056220416764,189,0.0,0.0037793065726321818,0.0,0.0,0.0,2,0.0,0.0,0.0,0.0,60,1.92981917
1763394252686327090,0.05532487280083176,-0.02746119064171129,0.65579613163695,-0.4271716502850152,190,0.0,0.006536322868189842,0.0,0.0,0.0,2,0.0,0.0,0.0,0.0,60,1.939988105
1763394252696117152,0.06149430792491459,-0.030653932151584688,0.6169435124082828,-0.3192741509873396,191,0.0,0.004953321507839572,0.0,0.0,0.0,2,0.0,0.0,0.0,0.0,60,1.949778167
1763394252706146197,0.06678348392566281,-0.034280558877163955,0.5289176000748227,-0.3626626725579268,192,0.0,0.007556054703522399,0.0,0.0,0.0,2,0.0,0.0,0.0,0.0,60,1.959807212
1763394252716219448,0.07190980949641604,-0.03726898670047091,0.5126325570753223,-0.2988427823306952,193,0.0,0.006708090537811929,0.0,0.0,0.0,2,0.0,0.0,0.0,0.0,60,1.969880463
1763394252726157932,0.07600139013568288,-0.03949529635683952,0.4091580639266845,-0.2226309656368615,194,0.0,0.006477796836213873,0.0,0.0,0.0,2,0.0,0.0,0.0,0.0,60,1.979818947
1763394252736212083,0.07428570133617436,-0.04172763625436042,-0.17156887995085218,-0.22323398975208977,195,0.0,0.013636794090410749,0.0,0.0,0.0,2,0.0,0.0,0.0,0.0,60,1.989873098
1763394252746282500,0.08240081063179128,-0.0427655651464042,0.8115109295616915,-0.10379288920437796,196,0.0,-0.0005308850674423898,0.0,0.0,0.0,2,0.0,0.0,0.0,0.0,60,1.999943515
1763394252756194820,0.086247895671208,-0.044634143572940696,0.384708503941672,-0.18685784265364963,197,0.0,0.006716261350009576,0.0,0.0,0.0,2,0.0,0.0,0.0,0.0,60,2.009855835
1763394252766266091,0.08621280067951057,-0.04503156957447217,-0.003509499169743191,-0.03974260015314757,198,0.0,0.007885078401218923,0.0,0.0,0.0,2,0.0,0.0,0.0,0.0,60,2.019927106
1763394252776150692,0.08735671931518783,-0.04505864827995118,0.11439186356772685,-0.002707870547900837,199,0.0,0.005639632401638314,0.0,0.0,0.0,2,0.0,0.0,0.0,0.0,60,2.029811707
1763394252786185160,0.08743956260967835,-0.044310643947532556,0.008284329449051442,0.07480043324186239,200,0.0,0.0049582770095445445,0.0,0.0,0.0,2,0.0,0.0,0.0,0.0,60,2.039846175
1763394252796193992,0.08621422882649357,-0.04415770542231437,-0.1225333783184776,0.015293852521818668,201,0.0,0.007863379263353086,0.0,0.0,0.0,2,0.0,0.0,0.0,0.0,60,2.049855007
1763394252806149179,0.08643662711622144,-0.04382996042306149,0.022239828972786535,0.03277449992528797,202,0.0,0.005705604281743508,0.0,0.0,0.0,2,0.0,0.0,0.0,0.0,60,2.059810194
1763394252816324018,0.08605847010660443,-0.043231057766557654,-0.03781570096170056,0.05989026565038358,203,0.0,0.0056855095430511735,0.0,0.0,0.0,2,0.0,0.0,0.0,0.0,60,2.069985033
1763394252826191534,0.08800171463618152,-0.04275891942492485,0.19432445295770873,0.04721383416328023,204,0.0,0.003192433674180881,0.0,0.0,0.0,2,0.0,0.0,0.0,0.0,60,2.079852549
1763394252836120193,0.08186536828939989,-0.04163198796903113,-0.6136346346781631,0.11269314558937232,205,0.0,0.010961018076547582,0.0,0.0,0.0,2,0.0,0.0,0.0,0.0,60,2.089781208
1763394252846274575,0.07421062395536962,-0.04043981572492303,-0.7654744334030267,0.11921722441081001,206,0.0,0.012392424628182313,0.0,0.0,0.0,2,0.0,0.0,0.0,0.0,60,2.09993559
1763394252856224483,0.0760239774150561,-0.038243768378128054,0.1813353459686473,0.21960473467949743,207,0.0,-0.0013993547836257864,0.0,0.0,0.0,2,0.0,0.0,0.0,0.0,60,2.109885498
1763394252866173642,0.06768832466072465,-0.036356423548466646,-0.8335652754331443,0.18873448296614082,208,0.0,0.010939342934029487,0.0,0.0,0.0,2,0.0,0.0,0.0,0.0,60,2.119834657
1763394252876176319,0.06889159886474962,-0.034401213000677375,0.12032742040249678,0.19552105477892712,209,0.0,-0.0007074507130783395,0.0,0.0,0.0,2,0.0,0.0,0.0,0.0,60,2.129837334
1763394252886345924,0.0630383338738792,-0.030443685742440448,-0.5853264990870424,0.3957527258236927,210,0.0,0.0022828998482879795,0.0,0.0,0.0,2,0.0,0.0,0.0,0.0,60,2.140006939
1763394252896380174,0.05677242924520609,-0.026921260205819912,-0.6265904628673102,0.35224255366205354,211,0.0,0.003248250840616633,0.0,0.0,0.0,2,0.0,0.0,0.0,0.0,60,2.150041189
1763394252906210953,0.05067926618620183,-0.022743579552376145,-0.6093163059004258,0.4177680653443767,212,0.0,0.0008735787838914915,0.0,0.0,0.0,2,0.0,0.0,0.0,0.0,60,2.159871968
1763394252916170212,0.04279833970717649,-0.017668856059810445,-0.7880926479025343,0.5074723492565699,213,0.0,9.650462114592362e-05,0.0,0.0,0.0,2,0.0,0.0,0.0,0.0,60,2.169831227
1763394252926177511,0.03621201074806899,-0.013193736138587353,-0.6586328959107497,0.4475119921223092,214,0.0,-0.0006992144516371809,0.0,0.0,0.0,2,0.0,0.0,0.0,0.0,60,2.179838526
1763394252936257941,0.029511992881992334,-0.009489078439968435,-0.6700017866076657,0.3704657698618918,215,0.0,0.000673045822946243,0.0,0.0,0.0,2,0.0,0.0,0.0,0.0,60,2.189918956
1763394252946222529,0.023635169315158078,-0.006409639019936873,-0.5876823566834256,0.3079439420031561,216,0.0,0.000699434180118366,0.0,0.0,0.0,2,0.0,0.0,0.0,0.0,60,2.199883544
1763394252956284977,0.01873168606828253,-0.003842420746795066,-0.4903483246875548,0.25672182731418075,217,0.0,0.00036319319145658273,0.0,0.0,0.0,2,0.0,0.0,0.0,0.0,60,2.209945992
1763394252966286062,0.013751234009325947,-0.0009561859860242137,-0.49804520589565826,0.2886234760770852,218,0.0,-0.0007357301650403577,0.0,0.0,0.0,2,0.0,0.0,0.0,0.0,60,2.219947077
1763394252976269916,0.008959593147057913,0.0014689091186529599,-0.47916408622680345,0.24250951046771735,219,0.0,-0.00024906227690011783,0.0,0.0,0.0,2,0.0,0.0,0.0,0.0,60,2.229930931
1763394252986168663,0.0043758706326177225,0.003926006034592883,-0.458372251444019,0.24570969159399234,220,0.0,-0.000945056736443615,0.0,0.0,0.0,2,0.0,0.0,0.0,0.0,60,2.239829678
1763394252996164375,-0.0005708679910073709,0.006572178976977011,-0.4946738623625093,0.2646172942384128,221,0.0,-0.0013678340358467631,0.0,0.0,0.0,2,0.0,0.0,0.0,0.0,60,2.24982539
1763394253006188614,-0.004986775358882733,0.008712230861066993,-0.44159073678753624,0.2140051884089982,222,0.0,-0.0011341143449603696,0.0,0.0,0.0,2,0.0,0.0,0.0,0.0,60,2.259849629
1763394253016197764,-0.009722737047509845,0.010746576271667772,-0.4735961688627112,0.20343454106007788,223,0.0,-0.0008251780344148947,0.0,0.0,0.0,2,0.0,0.0,0.0,0.0,60,2.269858779
1763394253026180271,-0.014035019620304536,0.013002926805845947,-0.43122825727946906,0.22563505341781745,224,0.0,-0.002189508039625844,0.0,0.0,0.0,2,0.0,0.0,0.0,0.0,60,2.279841286
1763394253036228922,-0.017309502888876015,0.01477024053013206,-0.3274483268571479,0.1767313724286113,225,0.0,-0.0025327306588169974,0.0,0.0,0.0,2,0.0,0.0,0.0,0.0,60,2.289889937
1763394253046255710,-0.02109137333317735,0.016853752781091746,-0.3781870444301335,0.20835122509596862,226,0.0,-0.002997362248776869,0.0,0.0,0.0,2,0.0,0.0,0.0,0.0,60,2.299916725
1763394253056161484,-0.024486857276716817,0.01808655557718867,-0.3395483943539466,0.12328027960969226,227,0.0,-0.0016490198449741955,0.0,0.0,0.0,2,0.0,0.0,0.0,0.0,60,2.309822499
1763394253066211177,-0.02757756401277047,0.019774787707308485,-0.3090706736053654,0.16882321301198155,228,0.0,-0.003333350198433538,0.0,0.0,0.0,2,0.0,0.0,0.0,0.0,60,2.319872192
1763394253076171679,-0.029832716266878695,0.020776026192343935,-0.2255152254108224,0.10012384850354508,229,0.0,-0.0028587079814489996,0.0,0.0,0.0,2,0.0,0.0,0.0,0.0,60,2.329832694
1763394253086317102,-0.031929236268868275,0.021400985424674786,-0.20965200019895797,0.06249592323308503,230,0.0,-0.002261438426751279,0.0,0.0,0.0,2,0.0,0.0,0.0,0.0,60,2.339978117
1763394253096173217,-0.033820020003691824,0.02227811824460129,-0.18907837348235493,0.08771328199265044,231,0.0,-0.0032294911791629784,0.0,0.0,0.0,2,0.0,0.0,0.0,0.0,60,2.349834232
1763394253106086655,-0.03486647391694016,0.02247196475067386,-0.10464539132483339,0.019384650607257026,232,0.0,-0.0026509054491895574,0.0,0.0,0.0,2,0.0,0.0,0.0,0.0,60,2.35974767
1763394253116186428,-0.03593520053207371,0.022154129164458768,-0.10687266151335542,-0.03178355862150928,233,0.0,-0.0013813251850783538,0.0,0.0,0.0,2,0.0,0.0,0.0,0.0,60,2.369847443
1763394253126282843,-0.036408733301414045,0.021954723297092922,-0.04735327693403332,-0.019940586736584553,234,0.0,-0.002329845129982916,0.0,0.0,0.0,2,0.0,0.0,0.0,0.0,60,2.379943858
1763394253136181175,-0.036216317820713766,0.02143233267559267,0.019241548070027953,-0.05223906215002516,235,0.0,-0.002276903277844561,0.0,0.0,0.0,2,0.0,0.0,0.0,0.0,60,2.38984219
1763394253146281136,-0.03583504150793626,0.020402291895618367,0.03812763127775051,-0.10300407799743033,236,0.0,-0.001155147029744078,0.0,0.0,0.0,2,0.0,0.0,0.0,0.0,60,2.399942151
1763394253156177651,-0.03515102135739155,0.019388952879566275,0.06840201505447091,-0.10133390160520922,237,0.0,-0.0013979814389181232,0.0,0.0,0.0,2,0.0,0.0,0.0,0.0,60,2.409838666
1763394253166195065,-0.03429368166507539,0.018912173217691466,0.08573396923161614,-0.04767796618748085,238,0.0,-0.002786390421811615,0.0,0.0,0.0,2,0.0,0.0,0.0,0.0,60,2.41985608
1763394253176242108,-0.033658324231426937,0.018640066163955617,0.06353574336484535,-0.02721070537358497,239,0.0,-0.0029634271069663475,0.0,0.0,0.0,2,0.0,0.0,0.0,0.0,60,2.429903123
1763394253186199176,-0.03313596910184939,0.018439909853710988,0.052235512957754526,-0.020015631024462854,240,0.0,-0.002968268349747451,0.0,0.0,0.0,2,0.0,0.0,0.0,0.0,60,2.439860191
1763394253196089517,-0.032755857307356355,0.01811953208837356,0.03801117944930363,-0.0320377765337429,241,0.0,-0.0024708900425698182,0.0,0.0,0.0,2,0.0,0.0,0.0,0.0,60,2.449750532
1763394253206167920,-0.03188253932320108,0.018110239854124806,0.08733179841552766,-0.0009292234248753362,242,0.0,-0.0037754468348766917,0.0,0.0,0.0,2,0.0,0.0,0.0,0.0,60,2.459828935
1763394253216260884,-0.030770767611511297,0.017786897293419306,0.1111771711689781,-0.032334256070550016,243,0.0,-0.0032681483498497956,0.0,0.0,0.0,2,0.0,0.0,0.0,0.0,60,2.469921899
1763394253226150058,-0.029294789418450387,0.017117859146455243,0.14759781930609103,-0.06690381469640627,244,0.0,-0.0027821529290742286,0.0,0.0,0.0,2,0.0,0.0,0.0,0.0,60,2.479811073
1763394253236298124,-0.027642278432230473,0.01651322032511085,0.16525109862199142,-0.06046388213443929,245,0.0,-0.00304617650547511,0.0,0.0,0.0,2,0.0,0.0,0.0,0.0,60,2.489959139
1763394253246292766,-0.021824185159679058,0.015207236298460321,0.5818093272551416,-0.13059840266505285,246,0.0,-0.006083636909591729,0.0,0.0,0.0,2,0.0,0.0,0.0,0.0,60,2.499953781
1763394253256240682,-0.02192826700785961,0.013774510721648286,-0.01040818481805525,-0.14327255768120348,247,0.0,0.00137979389102013,0.0,0.0,0.0,2,0.0,0.0,0.0,0.0,60,2.509901697
1763394253266219979,-0.018360066023777034,0.012050566089909929,0.3568200984082576,-0.17239446317383575,248,0.0,-0.001984653522785172,0.0,0.0,0.0,2,0.0,0.0,0.0,0.0,60,2.519880994
1763394253276178585,-0.01419721335653165,0.00943742282456354,0.41628526672453836,-0.2613143265346389,249,0.0,-0.00019974602054938576,0.0,0.0,0.0,2,0.0,0.0,0.0,0.0,60,2.5298396
1763394253286323579,-0.00901702009721812,0.00629659666399382,0.518019325931353,-0.314082616056972,250,0.0,0.00032226673696593867,0.0,0.0,0.0,2,0.0,0.0,0.0,0.0,60,2.539984594
1763394253296349528,-0.00346004407588261,0.00284198435957601,0.5556976021335509,-0.34546123044178095,251,0.0,0.0011425784986750266,0.0,0.0,0.0,2,0.0,0.0,0.0,0.0,60,2.550010543
1763394253306161727,0.0020529789436473725,-0.00035846953211808065,0.5513023019529982,-0.32004538916940906,252,0.0,0.0010878053325749128,0.0,0.0,0.0,2,0.0,0.0,0.0,0.0,60,2.559822742
1763394253316128410,0.007981368867401455,-0.0036137562334719944,0.5928389923754083,-0.3255286701353914,253,0.0,0.00122734301579754,0.0,0.0,0.0,2,0.0,0.0,0.0,0.0,60,2.569789425
1763394253326132570,0.013605935372533618,-0.007227281627208483,0.5624566505132162,-0.36135253937364886,254,0.0,0.0029748399874111944,0.0,0.0,0.0,2,0.0,0.0,0.0,0.0,60,2.579793585
1763394253336158261,0.01916545789027782,-0.010784872257185068,0.5559522517744202,-0.3557590629976584,255,0.0,0.0034624889442301477,0.0,0.0,0.0,2,0.0,0.0,0.0,0.0,60,2.589819276
1763394253346162726,0.024952508257500804,-0.014389730874986597,0.5787050367222983,-0.3604858617801529,256,0.0,0.0038561568416604353,0.0,0.0,0.0,2,0.0,0.0,0.0,0.0,60,2.599823741
1763394253356222733,0.030498475260991177,-0.017596160756786775,0.5545967003490373,-0.3206429881800178,257,0.0,0.003695643752048014,0.0,0.0,0.0,2,0.0,0.0,0.0,0.0,60,2.609883748
1763394253366239671,0.03582719797167697,-0.021263000020977384,0.5328722710685796,-0.36668392641906083,258,0.0,0.005588004606078646,0.0,0.0,0.0,2,0.0,0.0,0.0,0.0,60,2.619900686
1763394253376267999,0.04070318053512298,-0.0247597597616795,0.4875982563446006,-0.3496759740702116,259,0.0,0.0062523463816407734,0.0,0.0,0.0,2,0.0,0.0,0.0,0.0,60,2.629929014
1763394253386178126,0.04557192860662041,-0.027078729930610442,0.4868748071497432,-0.23189701689309422,260,0.0,0.003856888596782632,0.0,0.0,0.0,2,0.0,0.0,0.0,0.0,60,2.639839141
1763394253396304497,0.049794646585224575,-0.029635536615964603,0.42227179786041635,-0.25568066853541604,261,0.0,0.005563617050816399,0.0,0.0,0.0,2,0.0,0.0,0.0,0.0,60,2.649965512
1763394253406156062,0.05367039296006379,-0.03172172192119105,0.38757463748392146,-0.20861853052264456,262,0.0,0.005187651176516234,0.0,0.0,0.0,2,0.0,0.0,0.0,0.0,60,2.659817077
1763394253416295252,0.055935063620925596,-0.033279536029452675,0.2264670660861806,-0.15578141082616265,263,0.0,0.0060779446024595745,0.0,0.0,0.0,2,0.0,0.0,0.0,0.0,60,2.669956267
1763394253426058857,0.059091892477885,-0.03491677628746982,0.31568288569594066,-0.16372402580171475,264,0.0,0.005467809999290109,0.0,0.0,0.0,2,0.0,0.0,0.0,0.0,60,2.679719872
1763394253436308017,0.056520630563514196,-0.0355524577966836,-0.25712619143708065,-0.06356815092137744,265,0.0,0.009933059621972991,0.0,0.0,0.0,2,0.0,0.0,0.0,0.0,60,2.689969032
1763394253446279535,0.06175510229785361,-0.03632971647616075,0.5234471734339413,-0.0777258679477151,266,0.0,0.0012285602251678497,0.0,0.0,0.0,2,0.0,0.0,0.0,0.0,60,2.69994055
1763394253456203852,0.06261317577550128,-0.036857669682515845,0.08580734776476723,-0.052795320635509735,267,0.0,0.005864147022156589,0.0,0.0,0.0,2,0.0,0.0,0.0,0.0,60,2.709864867
1763394253466109465,0.06324234705982636,-0.03693702827911653,0.06291712843250752,-0.007935859660068711,268,0.0,0.005094875613405,0.0,0.0,0.0,2,0.0,0.0,0.0,0.0,60,2.71977048
1763394253476079651,0.06201640638416335,-0.036119174808089155,-0.12259406756630065,0.08178534710273772,269,0.0,0.00504551252604261,0.0,0.0,0.0,2,0.0,0.0,0.0,0.0,60,2.729740666
1763394253486291880,0.062469258412572476,-0.03495665457657506,0.045285202840912586,0.11625202315140928,270,0.0,0.002095417228129788,0.0,0.0,0.0,2,0.0,0.0,0.0,0.0,60,2.739952895
1763394253496288621,0.058481015339028095,-0.033686269300473554,-0.39882430735443813,0.12703852761015086,271,0.0,0.006858405683975334,0.0,0.0,0.0,2,0.0,0.0,0.0,0.0,60,2.749949636
1763394253506215669,0.05609297023094863,-0.03202955962181923,-0.23880451080794673,0.16567096786543264,272,0.0,0.0038215212682992435,0.0,0.0,0.0,2,0.0,0.0,0.0,0.0,60,2.759876684
1763394253516177323,0.05450765383050557,-0.03062470804656544,-0.1585316400443057,0.14048515752537877,273,0.0,0.0032568851004212787,0.0,0.0,0.0,2,0.0,0.0,0.0,0.0,60,2.769838338
1763394253526104377,0.051610607285807686,-0.028750910331611187,-0.28970465446978844,0.1873797714954252,274,0.0,0.003412355752518464,0.0,0.0,0.0,2,0.0,0.0,0.0,0.0,60,2.779765392
1763394253536192147,0.04937576566810878,-0.02773023810657078,-0.22348416176989072,0.10206722250404067,275,0.0,0.004477232062098219,0.0,0.0,0.0,2,0.0,0.0,0.0,0.0,60,2.789853162
1763394253546309695,0.046422623315139445,-0.026363204432174207,-0.2953142352969333,0.13670336743965733,276,0.0,0.004297955710718274,0.0,0.0,0.0,2,0.0,0.0,0.0,0.0,60,2.79997071
1763394253556284389,0.043468912854146745,-0.02394301358086004,-0.29537104609927006,0.24201908513141676,277,0.0,0.0014630890179921042,0.0,0.0,0.0,2,0.0,0.0,0.0,0.0,60,2.809945404
1763394253566245872,0.03988022624423776,-0.022635768715671536,-0.3588686609908985,0.13072448651885032,278,0.0,0.0046140794680780296,0.0,0.0,0.0,2,0.0,0.0,0.0,0.0,60,2.819906887
1763394253576149095,0.03662200380514353,-0.02056484574270886,-0.3258222439094231,0.2070922972962675,279,0.0,0.0021198563390812802,0.0,0.0,0.0,2,0.0,0.0,0.0,0.0,60,2.82981011
1763394253586172170,0.03296461456067932,-0.018619962879236528,-0.365738924446421,0.19448828634723336,280,0.0,0.0025857681835163493,0.0,0.0,0.0,2,0.0,0.0,0.0,0.0,60,2.839833185
1763394253596235615,0.029001392922144605,-0.016840435697636442,-0.3963221638534714,0.17795271816000852,281,0.0,0.0030577934245100613,0.0,0.0,0.0,2,0.0,0.0,0.0,0.0,60,2.84989663
1763394253606199829,0.024927278059755087,-0.014991203184270108,-0.40741148623895174,0.18492325133663348,282,0.0,0.00273918854101213,0.0,0.0,0.0,2,0.0,0.0,0.0,0.0,60,2.859860844
1763394253616146848,0.020868231507481613,-0.012525711681229297,-0.40590465522734737,0.24654915030408106,283,0.0,0.0009002590904760117,0.0,0.0,0.0,2,0.0,0.0,0.0,0.0,60,2.869807863
1763394253626220374,0.01625187965076199,-0.0102420440358548,-0.4616351856719623,0.22836676453744964,284,0.0,0.001629745091503829,0.0,0.0,0.0,2,0.0,0.0,0.0,0.0,60,2.879881389
1763394253636137357,0.01124369150568199,-0.00790644423625211,-0.500818814508,0.23355997996026903,285,0.0,0.0016080709443921691,0.0,0.0,0.0,2,0.0,0.0,0.0,0.0,60,2.889798372
1763394253646228067,0.005912691982882204,-0.005066011771499207,-0.5330999522799785,0.28404324647529033,286,0.0,0.0003679761284880777,0.0,0.0,0.0,2,0.0,0.0,0.0,0.0,60,2.899889082
1763394253656197285,0.00031172642079007294,-0.002058817767453187,-0.5600965562092131,0.300719400404602,287,0.0,-0.00016706858232480234,0.0,0.0,0.0,2,0.0,0.0,0.0,0.0,60,2.9098583
1763394253666197360,-0.0050866834456016925,0.0011915131759095456,-0.5398409866391766,0.32503309433627325,288,0.0,-0.0014714312229180413,0.0,0.0,0.0,2,0.0,0.0,0.0,0.0,60,2.919858375
1763394253676136799,-0.010807398809374966,0.004442487391779843,-0.5720715363773273,0.32509742158702976,289,0.0,-0.001591968095137267,0.0,0.0,0.0,2,0.0,0.0,0.0,0.0,60,2.929797814
1763394253686264500,-0.016868371173651173,0.007794427455573835,-0.6060972364276208,0.3351940063793992,290,0.0,-0.0019425459848744914,0.0,0.0,0.0,2,0.0,0.0,0.0,0.0,60,2.939925515
1763394253696374336,-0.02307567544287141,0.011338641292578926,-0.6207304269220236,0.35442138370050913,291,0.0,-0.002763781579832719,0.0,0.0,0.0,2,0.0,0.0,0.0,0.0,60,2.950035351
1763394253706182440,-0.02871419729510139,0.014946033529681418,-0.5638521852229982,0.36073922371024914,292,0.0,-0.004129840839336419,0.0,0.0,0.0,2,0.0,0.0,0.0,0.0,60,2.959843455
1763394253716204703,-0.03398283972870027,0.017854475125043283,-0.5268642433598876,0.29084415953618653,293,0.0,-0.0033711698370054322,0.0,0.0,0.0,2,0.0,0.0,0.0,0.0,60,2.969865718
1763394253726155872,-0.0432906642968747,0.02067570879098638,-0.930782456817443,0.28212336659430987,294,0.0,0.0011321914619800613,0.0,0.0,0.0,2,0.0,0.0,0.0,0.0,60,2.979816887
1763394253736199101,-0.0430616113335139,0.02313733073856966,0.022905296336080128,0.24616219475832798,295,0.0,-0.009587778591801339,0.0,0.0,0.0,2,0.0,0.0,0.0,0.0,60,2.989860116
1763394253746100568,-0.04696386776849498,0.024954375661818615,-0.39022564349810857,0.18170449232489533,296,0.0,-0.003505171651569334,0.0,0.0,0.0,2,0.0,0.0,0.0,0.0,60,2.999761583
1763394253756302489,-0.04994929932092165,0.026725835244285213,-0.29854315524266706,0.17714595824665988,297,0.0,-0.004745701704055,0.0,0.0,0.0,2,0.0,0.0,0.0,0.0,60,3.009963504
1763394253766183011,-0.05390150613282941,0.0285376719125602,-0.3952206811907756,0.1811836668274988,298,0.0,-0.003984550250939277,0.0,0.0,0.0,2,0.0,0.0,0.0,0.0,60,3.019844026
1763394253776192624,-0.05400020458428521,0.030317508887100268,-0.009869845145579759,0.17798369745400666,299,0.0,-0.008698400183801528,0.0,0.0,0.0,2,0.0,0.0,0.0,0.0,60,3.029853639
1763394253786185095,-0.06045334337713743,0.03103687694590094,-0.6453138792852225,0.07193680588006707,300,0.0,0.0011247711759041364,0.0,0.0,0.0,2,0.0,0.0,0.0,0.0,60,3.03984611
1763394253796284837,-0.06240978002223007,0.03155728522489584,-0.1956436645092638,0.052040827899490355,301,0.0,-0.003772237805470926,0.0,0.0,0.0,2,0.0,0.0,0.0,0.0,60,3.049945852
1763394253806158725,-0.060231941394081286,0.03134530529260959,0.21778386281487844,-0.021197993228624923,302,0.0,-0.006872626214123197,0.0,0.0,0.0,2,0.0,0.0,0.0,0.0,60,3.05981974
1763394253816309007,-0.05941403001038044,0.030404414806109108,0.08179113837008464,-0.09408904865004855,303,0.0,-0.0034252214827919345,0.0,0.0,0.0,2,0.0,0.0,0.0,0.0,60,3.069970022
1763394253826210880,-0.0573925580577488,0.02872812678204071,0.20214719526316371,-0.1676288024068398,304,0.0,-0.0028607827153860534,0.0,0.0,0.0,2,0.0,0.0,0.0,0.0,60,3.079871895
1763394253836185383,-0.052451253366953526,0.026328540385631163,0.49413046907952757,-0.23995863964095462,305,0.0,-0.004224690834783211,0.0,0.0,0.0,2,0.0,0.0,0.0,0.0,60,3.089846398
1763394253846213850,-0.053782111466205,0.024522806489883447,-0.13308580992514724,-0.1805733895747716,306,0.0,0.0020119649944518488,0.0,0.0,0.0,2,0.0,0.0,0.0,0.0,60,3.099874865
1763394253856182026,-0.04885703353256071,0.022088023028242643,0.4925077933644287,-0.24347834616408048,307,0.0,-0.0034855206523061854,0.0,0.0,0.0,2,0.0,0.0,0.0,0.0,60,3.109843041
1763394253866284878,-0.04690307806909285,0.020101252957146452,0.19539554634678616,-0.19867700710961902,308,0.0,-0.0007471421831949593,0.0,0.0,0.0,2,0.0,0.0,0.0,0.0,60,3.119945893
1763394253876056825,-0.04366306094151595,0.017693555704573753,0.3240017127576898,-0.24076972525726992,309,0.0,-0.00090508832561599,0.0,0.0,0.0,2,0.0,0.0,0.0,0.0,60,3.12971784
1763394253886291127,-0.040729700333885954,0.014693646080158683,0.2933360607629998,-0.299990962441507,310,0.0,0.001295609224644498,0.0,0.0,0.0,2,0.0,0.0,0.0,0.0,60,3.139952142
1763394253896288291,-0.03796680011071994,0.013010680901253773,0.2762900223166012,-0.16829651789049097,311,0.0,-0.001334628034888056,0.0,0.0,0.0,2,0.0,0.0,0.0,0.0,60,3.149949306
1763394253906142036,-0.03516253417584041,0.011451452660035853,0.2804265934879535,-0.15592282412179198,312,0.0,-0.0014344875268676167,0.0,0.0,0.0,2,0.0,0.0,0.0,0.0,60,3.159803051
1763394253916242330,-0.033121366621489595,0.01027618378215163,0.20411675543508118,-0.11752688778842238,313,0.0,-0.0012586923877991544,0.0,0.0,0.0,2,0.0,0.0,0.0,0.0,60,3.169903345
1763394253926186378,-0.03133152082444846,0.009322692685147349,0.17898457970411327,-0.09534910970042804,314,0.0,-0.0013372262768598124,0.0,0.0,0.0,2,0.0,0.0,0.0,0.0,60,3.179847393
1763394253936212808,-0.02979482347032223,0.008951886088739886,0.1536697354126232,-0.03708065964074629,315,0.0,-0.0023466156443301914,0.0,0.0,0.0,2,0.0,0.0,0.0,0.0,60,3.189873823
1763394253946243332,-0.028041914626898,0.00861295363157746,0.17529088434242307,-0.03389324571624261,316,0.0,-0.002619979341864434,0.0,0.0,0.0,2,0.0,0.0,0.0,0.0,60,3.199904347
1763394253956193591,-0.026364009212458364,0.007418773835988567,0.16779054144396358,-0.11941797955888935,317,0.0,-0.0003453746716905355,0.0,0.0,0.0,2,0.0,0.0,0.0,0.0,60,3.209854606
1763394253966219840,-0.024547620905190207,0.007539829879660818,0.18163883072681575,0.012105604367225117,318,0.0,-0.003603954268362557,0.0,0.0,0.0,2,0.0,0.0,0.0,0.0,60,3.219880855
1763394253976197881,-0.022517886669281725,0.006792984171791208,0.2029734235908482,-0.07468457078696096,319,0.0,-0.0017034199933009826,0.0,0.0,0.0,2,0.0,0.0,0.0,0.0,60,3.229858896
1763394253986145601,-0.019936065082721305,0.0063578488110173255,0.258182158656042,-0.04351353607738827,320,0.0,-0.0030105978637047226,0.0,0.0,0.0,2,0.0,0.0,0.0,0.0,60,3.239806616
1763394253996248773,-0.018038030550492395,0.005594949411068726,0.189803453222891,-0.07628993999485995,321,0.0,-0.0013208006708830225,0.0,0.0,0.0,2,0.0,0.0,0.0,0.0,60,3.249909788
1763394254006277244,-0.015065081551966994,0.00471960696064528,0.2972948998525401,-0.08753424504234462,322,0.0,-0.002181353064579751,0.0,0.0,0.0,2,0.0,0.0,0.0,0.0,60,3.259938259
1763394254016203683,-0.012003833903394275,0.0036580704073872067,0.3061247648572719,-0.10615365532580731,323,0.0,-0.0016825740792114777,0.0,0.0,0.0,2,0.0,0.0,0.0,0.0,60,3.269864698
1763394254026144166,-0.008322050121632828,0.0023062222421727195,0.3681783781761446,-0.1351848165214487,324,0.0,-0.0015199913943967367,0.0,0.0,0.0,2,0.0,0.0,0.0,0.0,60,3.279805181
1763394254036311250,-0.004076469361179261,0.0005754651501960542,0.42455807604535667,-0.17307570919766652,325,0.0,-0.0010253865651586869,0.0,0.0,0.0,2,0.0,0.0,0.0,0.0,60,3.289972265
1763394254046200399,0.0004522038095050706,-0.0015005299157658542,0.45286731706843314,-0.20759950659619084,326,0.0,-0.00022818935971667936,0.0,0.0,0.0,2,0.0,0.0,0.0,0.0,60,3.299861414
1763394254056185630,0.0061256606817705235,-0.004707908435097739,0.5673456872265453,-0.3207378519331885,327,0.0,0.001570744396255679,0.0,0.0,0.0,2,0.0,0.0,0.0,0.0,60,3.309846645
1763394254066100596,0.011795844280274956,-0.007842199487229442,0.5670183598504432,-0.31342910521317024,328,0.0,0.0018833736022085329,0.0,0.0,0.0,2,0.0,0.0,0.0,0.0,60,3.319761611
1763394254076173385,0.017822764984409885,-0.01124766983500045,0.6026920704134929,-0.34054703477710085,329,0.0,0.0026214554261978044,0.0,0.0,0.0,2,0.0,0.0,0.0,0.0,60,3.3298344
1763394254086466334,0.02408947655357631,-0.014835478065390779,0.6266711569166423,-0.3587808230390328,330,0.0,0.003316264198315622,0.0,0.0,0.0,2,0.0,0.0,0.0,0.0,60,3.340127349
1763394254096311699,0.03020035275851255,-0.018405669437121932,0.6110876204936243,-0.3570191371731153,331,0.0,0.004003850159569545,0.0,0.0,0.0,2,0.0,0.0,0.0,0.0,60,3.349972714
1763394254106211380,0.036613172647701295,-0.022371805983391977,0.6412819889188743,-0.3966136546270045,332,0.0,0.005182814246361945,0.0,0.0,0.0,2,0.0,0.0,0.0,0.0,60,3.359872395
1763394254116252368,0.04250325548003793,-0.025844202118570376,0.5890082832336635,-0.3472396135178399,333,0.0,0.005169957624061205,0.0,0.0,0.0,2,0.0,0.0,0.0,0.0,60,3.369913383
1763394254126126614,0.04802098048448457,-0.028868355009920084,0.5517725004446639,-0.3024152891349708,334,0.0,0.00501978871020308,0.0,0.0,0.0,2,0.0,0.0,0.0,0.0,60,3.379787629
1763394254136256561,0.05356274600888257,-0.03203088018943259,0.5541765524398001,-0.3162525179512508,335,0.0,0.005799877655733725,0.0,0.0,0.0,2,0.0,0.0,0.0,0.0,60,3.389917576
1763394254146166961,0.057566781823262914,-0.03482208741950908,0.4004035814380344,-0.27912072300764895,336,0.0,0.007159718453348283,0.0,0.0,0.0,2,0.0,0.0,0.0,0.0,60,3.399827976
1763394254156236185,0.06168200202616014,-0.03688082666463574,0.41152202028972296,-0.2058739245126659,337,0.0,0.005628495276956233,0.0,0.0,0.0,2,0.0,0.0,0.0,0.0,60,3.4098972
1763394254166204408,0.06548025612478106,-0.039067375587991726,0.3798254098620918,-0.21865489233559854,338,0.0,0.006634844918531748,0.0,0.0,0.0,2,0.0,0.0,0.0,0.0,60,3.419865423
1763394254176160401,0.07132060753029233,-0.04097511840304639,0.584035140551127,-0.19077428150546666,339,0.0,0.003882331224793703,0.0,0.0,0.0,2,0.0,0.0,0.0,0.0,60,3.429821416
1763394254186205246,0.06976932602005931,-0.041943089129460785,-0.1551281510233024,-0.09679707264143925,340,0.0,0.010498159322015317,0.0,0.0,0.0,2,0.0,0.0,0.0,0.0,60,3.439866261
1763394254196268583,0.07196157342699756,-0.04273643204906153,0.21922474069382553,-0.07933429196007452,341,0.0,0.005816278326633577,0.0,0.0,0.0,2,0.0,0.0,0.0,0.0,60,3.449929598
1763394254206208927,0.07384080094638173,-0.04337644119159098,0.18792275193841718,-0.06400091425294505,342,0.0,0.0059245670006329515,0.0,0.0,0.0,2,0.0,0.0,0.0,0.0,60,3.459869942
1763394254216147858,0.07376967073410694,-0.04367853822855391,-0.007113021227479754,-0.030209703696292695,343,0.0,0.007467258015136763,0.0,0.0,0.0,2,0.0,0.0,0.0,0.0,60,3.469808873
1763394254226192299,0.0752114405891263,-0.043540125959780906,0.14417698550193564,0.013841226877300133,344,0.0,0.0046416294971271975,0.0,0.0,0.0,2,0.0,0.0,0.0,0.0,60,3.479853314
1763394254236259757,0.0723124509421432,-0.042350870744960176,-0.28989896469830967,0.11892552148207308,345,0.0,0.007091303736642575,0.0,0.0,0.0,2,0.0,0.0,0.0,0.0,60,3.489920772
1763394254246018883,0.07195789278719844,-0.040591799553949516,-0.03545581549447563,0.17590711910106596,346,0.0,0.0025062226140027183,0.0,0.0,0.0,2,0.0,0.0,0.0,0.0,60,3.499679898
1763394254256306901,0.06788033195005173,-0.03930572097603573,-0.4077560837146707,0.12860785779137893,347,0.0,0.007785071771056669,0.0,0.0,0.0,2,0.0,0.0,0.0,0.0,60,3.509967916
1763394254266269432,0.06452523467037927,-0.03670996051388323,-0.3355097279672467,0.25957604621524993,348,0.0,0.0034725785023256876,0.0,0.0,0.0,2,0.0,0.0,0.0,0.0,60,3.519930447
1763394254276242564,0.06521984913387305,-0.03440641310865074,0.06946144634937812,0.23035474052324895,349,0.0,-0.0009367566987040438,0.0,0.0,0.0,2,0.0,0.0,0.0,0.0,60,3.529903579
1763394254286333271,0.05756934490797151,-0.03244297002613608,-0.7650504225901535,0.1963443082514657,350,0.0,0.009347909887131915,0.0,0.0,0.0,2,0.0,0.0,0.0,0.0,60,3.539994286
1763394254296125892,0.0508458510940734,-0.029424680326927244,-0.6723493813898113,0.3018289699208837,351,0.0,0.005320250301153886,0.0,0.0,0.0,2,0.0,0.0,0.0,0.0,60,3.549786907
1763394254306194524,0.04927198662852102,-0.026885694392106408,-0.15738644655523826,0.2538985934820836,352,0.0,1.634317076601704e-05,0.0,0.0,0.0,2,0.0,0.0,0.0,0.0,60,3.559855539
1763394254316185776,0.04495624104025949,-0.02392014966205372,-0.43157455882615253,0.2965544730052689,353,0.0,0.0017850905891039041,0.0,0.0,0.0,2,0.0,0.0,0.0,0.0,60,3.569846791
1763394254326229613,0.04035159950957412,-0.021906887436088304,-0.460464153068537,0.20132622259654148,354,0.0,0.004045621599347175,0.0,0.0,0.0,2,0.0,0.0,0.0,0.0,60,3.579890628
1763394254336254799,0.03557336793823157,-0.018604342800154754,-0.47782315713425505,0.330254463593355,355,0.0,0.000724546008507466,0.0,0.0,0.0,2,0.0,0.0,0.0,0.0,60,3.589915814
1763394254346290507,0.030165351025892316,-0.01524432393081792,-0.5408016912339254,0.33600188693368344,356,0.0,0.0008166634983112573,0.0,0.0,0.0,2,0.0,0.0,0.0,0.0,60,3.599951522
1763394254356154771,0.025126970605882835,-0.012640771965723715,-0.5038380420009481,0.2603551965094205,357,0.0,0.00175621889724534,0.0,0.0,0.0,2,0.0,0.0,0.0,0.0,60,3.609815786
1763394254366287003,0.020347230624260783,-0.00963414939205228,-0.47797399816220526,0.3006622573671435,358,0.0,4.890532377504336e-05,0.0,0.0,0.0,2,0.0,0.0,0.0,0.0,60,3.619948018
1763394254376348650,0.015305624523578674,-0.007160422535383612,-0.5041606100682109,0.24737268566686674,359,0.0,0.0012251262449844008,0.0,0.0,0.0,2,0.0,0.0,0.0,0.0,60,3.630009665
1763394254386157374,0.011129171501396438,-0.005080436822050543,-0.41764530221822355,0.2079985713333069,360,0.0,0.0008123587245711817,0.0,0.0,0.0,2,0.0,0.0,0.0,0.0,60,3.639818389
1763394254396148443,0.006541605367155336,-0.002988608069500758,-0.4587566134241102,0.2091828752549785,361,0.0,0.0009445882868984994,0.0,0.0,0.0,2,0.0,0.0,0.0,0.0,60,3.649809458
1763394254406182653,0.0019070175255791917,-0.0012190942064094056,-0.46345878415761443,0.1769513863091352,362,0.0,0.0014801532533098545,0.0,0.0,0.0,2,0.0,0.0,0.0,0.0,60,3.659843668
1763394254416197501,-0.0024529063171764894,0.0009575978529465651,-0.4359923842755681,0.21766920593559708,363,0.0,-0.0001316538743595403,0.0,0.0,0.0,2,0.0,0.0,0.0,0.0,60,3.669858516
1763394254426185540,-0.0070177902611240316,0.0032873052584562502,-0.4564883943947542,0.2329707405509685,364,0.0,-0.0006075887502953866,0.0,0.0,0.0,2,0.0,0.0,0.0,0.0,60,3.679846555
1763394254436180202,-0.011735619997384716,0.005502471428047554,-0.4717829736260684,0.22151661695913039,365,0.0,-0.0005008699273388257,0.0,0.0,0.0,2,0.0,0.0,0.0,0.0,60,3.689841217
1763394254446185390,-0.01673818369812409,0.008300577980067593,-0.5002563700739374,0.2798106552020039,366,0.0,-0.0019615699341155235,0.0,0.0,0.0,2,0.0,0.0,0.0,0.0,60,3.699846405
1763394254456287426,-0.022289192791177262,0.011022280072115052,-0.5551009093053172,0.27217020920474594,367,0.0,-0.0015571488519521264,0.0,0.0,0.0,2,0.0,0.0,0.0,0.0,60,3.709948441
1763394254466049323,-0.027417926528289123,0.013791742850369455,-0.5128733737111861,0.27694627782544023,368,0.0,-0.0025896107528552434,0.0,0.0,0.0,2,0.0,0.0,0.0,0.0,60,3.719710338
1763394254476310383,-0.03223699585793983,0.016860190636701536,-0.4819069329650705,0.30684477863320814,369,0.0,-0.004122087770357578,0.0,0.0,0.0,2,0.0,0.0,0.0,0.0,60,3.729971398
1763394254486183279,-0.03772356240180734,0.019521264965142247,-0.5486566543867512,0.2661074328440711,370,0.0,-0.0027927911418419655,0.0,0.0,0.0,2,0.0,0.0,0.0,0.0,60,3.739844294
1763394254496231407,-0.03943679530801905,0.021717382915079783,-0.1713232906211712,0.21961179499375358,371,0.0,-0.00646378033520457,0.0,0.0,0.0,2,0.0,0.0,0.0,0.0,60,3.749892422
1763394254506181498,-0.0470089350339286,0.023852074389254456,-0.7572139725909546,0.21346914741746728,372,0.0,0.00022276873065114628,0.0,0.0,0.0,2,0.0,0.0,0.0,0.0,60,3.759842513
1763394254516082493,-0.04813811176572668,0.02602634302548887,-0.1129176731798083,0.21742686362344124,373,0.0,-0.007761184206157541,0.0,0.0,0.0,2,0.0,0.0,0.0,0.0,60,3.769743508
1763394254526153357,-0.05321502385746357,0.026621566770548152,-0.5076912091736892,0.0595223745059284,374,0.0,0.0004737868834249605,0.0,0.0,0.0,2,0.0,0.0,0.0,0.0,60,3.779814372
1763394254536246519,-0.05411889739885243,0.02750949934556643,-0.09038735413888568,0.0887932575018277,375,0.0,-0.005247025127603203,0.0,0.0,0.0,2,0.0,0.0,0.0,0.0,60,3.789907534
1763394254546128645,-0.05816752318413179,0.02685912923894461,-0.4048625785279362,-0.06503701066218198,376,0.0,0.0021366468002470174,0.0,0.0,0.0,2,0.0,0.0,0.0,0.0,60,3.79978966
1763394254556215719,-0.05615019112998951,0.026042499059840803,0.20173320541422846,-0.08166301791038069,377,0.0,-0.004470503680858465,0.0,0.0,0.0,2,0.0,0.0,0.0,0.0,60,3.809876734
1763394254566226988,-0.05480497808174627,0.02531535372002082,0.13452130482432406,-0.07271453398199831,378,0.0,-0.003779504330309265,0.0,0.0,0.0,2,0.0,0.0,0.0,0.0,60,3.819888003
1763394254576159446,-0.055409614936317804,0.024760532656280303,-0.06046368545715372,-0.05548210637405168,379,0.0,-0.0018134106461437647,0.0,0.0,0.0,2,0.0,0.0,0.0,0.0,60,3.829820461
1763394254586247466,-0.05572171445499665,0.024628596531475123,-0.03120995186788461,-0.013193612480517924,380,0.0,-0.0031297590880735382,0.0,0.0,0.0,2,0.0,0.0,0.0,0.0,60,3.839908481
1763394254596242761,-0.05685969123733377,0.024905560738535157,-0.11379767823371176,0.02769642070600334,381,0.0,-0.003162793974146496,0.0,0.0,0.0,2,0.0,0.0,0.0,0.0,60,3.849903776
1763394254606268002,-0.05483232068895064,0.024999764175255165,0.20273705483831242,0.009420343672000842,382,0.0,-0.006459557192126597,0.0,0.0,0.0,2,0.0,0.0,0.0,0.0,60,3.859929017
1763394254616367085,-0.05533125350200389,0.02483354442505617,-0.04989328130532433,-0.016621975019899538,383,0.0,-0.0028591335514040203,0.0,0.0,0.0,2,0.0,0.0,0.0,0.0,60,3.8700281
1763394254626237350,-0.05603093468981188,0.024049489476959604,-0.0699681187807992,-0.07840549480965658,384,0.0,-0.0010610739587471362,0.0,0.0,0.0,2,0.0,0.0,0.0,0.0,60,3.879898365
1763394254636202120,-0.05457468787671061,0.023452999615819613,0.14562468131012682,-0.05964898611399913,385,0.0,-0.003940144208398202,0.0,0.0,0.0,2,0.0,0.0,0.0,0.0,60,3.889863135
1763394254646266683,-0.05149202949587407,0.022494032566720203,0.30826583808365376,-0.09589670490994101,386,0.0,-0.004849492989469455,0.0,0.0,0.0,2,0.0,0.0,0.0,0.0,60,3.899927698
1763394254656288073,-0.050634813863012135,0.021056059356149424,0.08572156328619379,-0.14379732105707782,387,0.0,-0.000897912080350853,0.0,0.0,0.0,2,0.0,0.0,0.0,0.0,60,3.909949088
1763394254666118563,-0.04653652994734893,0.01958196964978943,0.4098283915663206,-0.14740897063599961,388,0.0,-0.0043893990368110945,0.0,0.0,0.0,2,0.0,0.0,0.0,0.0,60,3.919779578
1763394254676280425,-0.04549676604462213,0.018643409108570014,0.10397639027267952,-0.09385605412194145,389,0.0,-0.0019112366322939231,0.0,0.0,0.0,2,0.0,0.0,0.0,0.0,60,3.92994144
1763394254686371926,-0.043164997929204925,0.016976285769830513,0.23317681154172085,-0.16671233387395012,390,0.0,-0.0014671283578398756,0.0,0.0,0.0,2,0.0,0.0,0.0,0.0,60,3.940032941
1763394254696335427,-0.04055085551024549,0.01586550039954141,0.26141424189594364,-0.1110785370289101,391,0.0,-0.0029310613259623114,0.0,0.0,0.0,2,0.0,0.0,0.0,0.0,60,3.949996442
1763394254706258707,-0.039162064270336576,0.013818836687499756,0.13887912399089125,-0.20466637120416553,392,0.0,0.0010086963347675938,0.0,0.0,0.0,2,0.0,0.0,0.0,0.0,60,3.959919722
1763394254716204604,-0.03375619905000786,0.012138754841572438,0.5405865220328716,-0.16800818459273176,393,0.0,-0.004303866999897049,0.0,0.0,0.0,2,0.0,0.0,0.0,0.0,60,3.969865619
1763394254726148713,-0.030509771615453693,0.010080552508676233,0.32464274345541666,-0.20582023328962057,394,0.0,-0.0005675763770042657,0.0,0.0,0.0,2,0.0,0.0,0.0,0.0,60,3.979809728
1763394254736122497,-0.0271561242394091,0.008643973310295622,0.33536473760445923,-0.1436579198380611,395,0.0,-0.0019285191875861325,0.0,0.0,0.0,2,0.0,0.0,0.0,0.0,60,3.989783512
1763394254746232382,-0.02397156400478867,0.007808270141925953,0.318456023462043,-0.0835703168369669,396,0.0,-0.003005686490035697,0.0,0.0,0.0,2,0.0,0.0,0.0,0.0,60,3.999893397
1763394254756153831,-0.020708175855162103,0.006326563229494219,0.3263388149626567,-0.14817069124317336,397,0.0,-0.0013551008017929356,0.0,0.0,0.0,2,0.0,0.0,0.0,0.0,60,4.009814846
1763394254766226263,-0.017667452833497133,0.0051110864714611,0.30407230216649705,-0.1215476758033119,398,0.0,-0.0015290836445407702,0.0,0.0,0.0,2,0.0,0.0,0.0,0.0,60,4.019887278
1763394254776230613,-0.014025390586510452,0.0037307615667997,0.3642062246986681,-0.13803249046614,399,0.0,-0.0016339949371537792,0.0,0.0,0.0,2,0.0,0.0,0.0,0.0,60,4.029891628
1763394254786173094,-0.0093770618809893,0.0013738267368932876,0.4648328705521152,-0.23569348299064125,400,0.0,-0.00016400419566394656,0.0,0.0,0.0,2,0.0,0.0,0.0,0.0,60,4.039834109
1763394254796223507,-0.0014640674720888015,-0.0005677791614641173,0.7912994408900498,-0.19416058983574047,401,0.0,-0.0046612094144679785,0.0,0.0,0.0,2,0.0,0.0,0.0,0.0,60,4.049884522
1763394254806141167,0.000530291649173167,-0.0030715505242594338,0.19943591212619685,-0.2503771362795316,402,0.0,0.003983398271050394,0.0,0.0,0.0,2,0.0,0.0,0.0,0.0,60,4.059802182
1763394254816150721,0.006388105349757381,-0.006637287748348455,0.5857813700584213,-0.3565737224089021,403,0.0,0.0024804294595134812,0.0,0.0,0.0,2,0.0,0.0,0.0,0.0,60,4.069811736
1763394254826197429,0.01226804513914892,-0.009621237479220376,0.5879939789391538,-0.29839497308719215,404,0.0,0.001549038997289854,0.0,0.0,0.0,2,0.0,0.0,0.0,0.0,60,4.079858444
1763394254836185242,0.018892223109240866,-0.013823166664986631,0.6624177970091946,-0.4201929185766255,405,0.0,0.004171225587306282,0.0,0.0,0.0,2,0.0,0.0,0.0,0.0,60,4.089846257
1763394254846231032,0.02560526907936126,-0.01779976838571604,0.6713045970120395,-0.3976601720729408,406,0.0,0.00414635795549927,0.0,0.0,0.0,2,0.0,0.0,0.0,0.0,60,4.099892047
1763394254856187019,0.03241978103066725,-0.021460489183652336,0.6814511951305987,-0.3660720797936296,407,0.0,0.003847995535141811,0.0,0.0,0.0,2,0.0,0.0,0.0,0.0,60,4.109848034
1763394254866197687,0.03828858341420308,-0.024983520613641234,0.5868802383535834,-0.3523031429988898,408,0.0,0.005173998109778973,0.0,0.0,0.0,2,0.0,0.0,0.0,0.0,60,4.119858702
1763394254876231930,0.04379194799481382,-0.028142908395419067,0.5503364580610737,-0.3159387781777833,409,0.0,0.005233989372609823,0.0,0.0,0.0,2,0.0,0.0,0.0,0.0,60,4.129892945
1763394254886098258,0.04853967212259161,-0.030705623825610852,0.474772412777779,-0.2562715430191785,410,0.0,0.005115464581453228,0.0,0.0,0.0,2,0.0,0.0,0.0,0.0,60,4.139759273
1763394254896252290,0.053060182577368595,-0.033197820863626576,0.45205104547769853,-0.2492197038015724,411,0.0,0.005598778306999611,0.0,0.0,0.0,2,0.0,0.0,0.0,0.0,60,4.149913305
1763394254906201033,0.05670009344829835,-0.035459024104162226,0.3639910870929755,-0.22612032405356502,412,0.0,0.006436443109890756,0.0,0.0,0.0,2,0.0,0.0,0.0,0.0,60,4.159862048
1763394254916248268,0.060529167371941694,-0.03728599101092482,0.38290739236433446,-0.1826966906762595,413,0.0,0.005477695770653365,0.0,0.0,0.0,2,0.0,0.0,0.0,0.0,60,4.169909283
1763394254926173263,0.062057315709106456,-0.03965187663421059,0.15281483371647614,-0.23658856232857683,414,0.0,0.009797557525442736,0.0,0.0,0.0,2,0.0,0.0,0.0,0.0,60,4.179834278
1763394254936187144,0.06546505132329992,-0.040224520411095886,0.3407735614193469,-0.05726437768852968,415,0.0,0.003480931427492384,0.0,0.0,0.0,2,0.0,0.0,0.0,0.0,60,4.189848159
1763394254946251019,0.06770039976130529,-0.041306674352251146,0.22353484380053662,-0.10821539411552603,416,0.0,0.006218798207308966,0.0,0.0,0.0,2,0.0,0.0,0.0,0.0,60,4.199912034
1763394254956266877,0.07155926402169316,-0.04193586836204267,0.38588642603878676,-0.06291940097915213,417,0.0,0.0033546884475038055,0.0,0.0,0.0,2,0.0,0.0,0.0,0.0,60,4.209927892
1763394254966242417,0.06931586435036186,-0.041833374153272776,-0.2243399671331303,0.010249420876989185,418,0.0,0.00878383838726516,0.0,0.0,0.0,2,0.0,0.0,0.0,0.0,60,4.219903432
1763394254976195012,0.07168321979235627,-0.04106102178552243,0.23673554419944148,0.0772352367750348,419,0.0,0.001691523346566623,0.0,0.0,0.0,2,0.0,0.0,0.0,0.0,60,4.229856027
1763394254986229619,0.06742612558138712,-0.04002509453311316,-0.4257094210969148,0.10359272524092661,420,0.0,0.008687390083131609,0.0,0.0,0.0,2,0.0,0.0,0.0,0.0,60,4.239890634
1763394254996195937,0.06721212657332448,-0.03832777278978522,-0.021399900806264027,0.16973217433279425,421,0.0,0.002137191300176298,0.0,0.0,0.0,2,0.0,0.0,0.0,0.0,60,4.249856952
1763394255006192003,0.06501676730268,-0.03756089741218277,-0.2195359270644487,0.07668753776024495,422,0.0,0.006525472988401789,0.0,0.0,0.0,2,0.0,0.0,0.0,0.0,60,4.259853018
1763394255016182720,0.06297379165035824,-0.036806550509811686,-0.20429756523217546,0.07543469023710836,423,0.0,0.006258341803041738,0.0,0.0,0.0,2,0.0,0.0,0.0,0.0,60,4.269843735
1763394255026134850,0.061178914711383536,-0.03509333795452788,-0.17948769389747044,0.17132125552838037,424,0.0,0.003460450559429313,0.0,0.0,0.0,2,0.0,0.0,0.0,0.0,60,4.279795865
1763394255036250427,0.05853736908306022,-0.03394272986252039,-0.2641545628323319,0.11506080920074893,425,0.0,0.005595789273469985,0.0,0.0,0.0,2,0.0,0.0,0.0,0.0,60,4.289911442
1763394255046251812,0.05537648608743838,-0.03155202953180637,-0.31608829956218387,0.23907003307140212,426,0.0,0.0029356513646514757,0.0,0.0,0.0,2,0.0,0.0,0.0,0.0,60,4.299912827
1763394255056205374,0.05161014178037665,-0.029053088222948914,-0.3766344307061728,0.2498941308857458,427,0.0,0.0030123395654430814,0.0,0.0,0.0,2,0.0,0.0,0.0,0.0,60,4.309866389
1763394255066173640,0.04729324173236161,-0.026181571413434343,-0.43169000480150416,0.2871516809514571,428,0.0,0.002348142393264526,0.0,0.0,0.0,2,0.0,0.0,0.0,0.0,60,4.319834655
1763394255076230199,0.04272093510683795,-0.023401973448796982,-0.4572306625523659,0.27795979646373614,429,0.0,0.002439118883760137,0.0,0.0,0.0,2,0.0,0.0,0.0,0.0,60,4.329891214
1763394255086252076,0.037843055447339825,-0.020387039621663793,-0.48778796594981244,0.30149338271331894,430,0.0,0.0017861078853417091,0.0,0.0,0.0,2,0.0,0.0,0.0,0.0,60,4.339913091
1763394255096331316,0.03297599089012036,-0.017616803016368122,-0.4867064557219462,0.277023660529567,431,0.0,0.0019231304246927847,0.0,0.0,0.0,2,0.0,0.0,0.0,0.0,60,4.349992331
1763394255106135886,0.028325368986437616,-0.01487495939490062,-0.46506219036827473,0.2741843621467503,432,0.0,0.0013164114541966828,0.0,0.0,0.0,2,0.0,0.0,0.0,0.0,60,4.359796901
1763394255116120935,0.023292702212457113,-0.012338487287952478,-0.5032666773980503,0.2536472106948141,433,0.0,0.0018566777532655968,0.0,0.0,0.0,2,0.0,0.0,0.0,0.0,60,4.36978195
1763394255126240427,0.018960189859240334,-0.00980802669641442,-0.43325123532167786,0.2530460591538058,434,0.0,0.0006616293451211178,0.0,0.0,0.0,2,0.0,0.0,0.0,0.0,60,4.379901442
1763394255136264807,0.014364209610118077,-0.0072791920915698605,-0.4595980249122257,0.252883460484456,435,0.0,0.0005874033901157082,0.0,0.0,0.0,2,0.0,0.0,0.0,0.0,60,4.389925822
1763394255146177732,0.010006537909223887,-0.005075659373297736,-0.435767170089419,0.22035327182721243,436,0.0,0.0007315281578099348,0.0,0.0,0.0,2,0.0,0.0,0.0,0.0,60,4.399838747
1763394255156192584,0.0055370151877298796,-0.00270394376650516,-0.4469522721494007,0.23717156067925763,437,0.0,0.00010476037056492745,0.0,0.0,0.0,2,0.0,0.0,0.0,0.0,60,4.409853599
1763394255166240695,0.0008697832674062107,-0.0005634881485407119,-0.4667231920323669,0.21404556179644482,438,0.0,0.000548874671749508,0.0,0.0,0.0,2,0.0,0.0,0.0,0.0,60,4.41990171
1763394255176161041,-0.0038078347255712137,0.0012933186590875084,-0.4677617992977424,0.18568068076282201,439,0.0,0.0009377346706859139,0.0,0.0,0.0,2,0.0,0.0,0.0,0.0,60,4.429822056
1763394255186257925,-0.008614924310424413,0.003522721214368127,-0.4807089584853199,0.22294025552806185,440,0.0,-0.00012750746459271045,0.0,0.0,0.0,2,0.0,0.0,0.0,0.0,60,4.43991894
1763394255196181119,-0.013430877197290497,0.006022204282946836,-0.4815952886866084,0.2499483068578709,441,0.0,-0.0011340159648749286,0.0,0.0,0.0,2,0.0,0.0,0.0,0.0,60,4.449842134
1763394255206242174,-0.018002464876292174,0.008427593706515198,-0.45715876790016763,0.24053894235683618,442,0.0,-0.0015695169741355283,0.0,0.0,0.0,2,0.0,0.0,0.0,0.0,60,4.459903189
1763394255216334595,-0.02335528444571686,0.011365840466098301,-0.5352819569424686,0.2938246759583103,443,0.0,-0.002351489496363949,0.0,0.0,0.0,2,0.0,0.0,0.0,0.0,60,4.46999561
1763394255226288431,-0.02834504105315839,0.014592715220427828,-0.4989756607441529,0.3226874754329527,444,0.0,-0.003946322885701837,0.0,0.0,0.0,2,0.0,0.0,0.0,0.0,60,4.479949446
1763394255236309434,-0.03334658966760312,0.017315007531047345,-0.5001548614444733,0.27222923106195174,445,0.0,-0.003166792020443633,0.0,0.0,0.0,2,0.0,0.0,0.0,0.0,60,4.489970449
1763394255246238274,-0.03824274835179713,0.020238709791122647,-0.48961586841940113,0.29237022600753015,446,0.0,-0.0042094497486347155,0.0,0.0,0.0,2,0.0,0.0,0.0,0.0,60,4.499899289
1763394255256251847,-0.04018949421104439,0.0224808644883314,-0.19467458592472564,0.22421546972087522,447,0.0,-0.006412585979059521,0.0,0.0,0.0,2,0.0,0.0,0.0,0.0,60,4.509912862
1763394255266240782,-0.04791133823982169,0.024244191078640412,-0.7721844028777298,0.17633265903090126,448,0.0,0.0012085553791410927,0.0,0.0,0.0,2,0.0,0.0,0.0,0.0,60,4.519901797
1763394255276208425,-0.04800697153533243,0.026127726431969665,-0.009563329551073863,0.18835353533292534,449,0.0,-0.008307955678046937,0.0,0.0,0.0,2,0.0,0.0,0.0,0.0,60,4.52986944
1763394255286283467,-0.05223209840125925,0.02668554746140482,-0.4225126865926826,0.05578210294351557,450,0.0,-0.00044539934611386215,0.0,0.0,0.0,2,0.0,0.0,0.0,0.0,60,4.539944482
1763394255296359638,-0.05507331138435443,0.028021137845524548,-0.2841212983095177,0.13355903841197267,451,0.0,-0.00409982758665991,0.0,0.0,0.0,2,0.0,0.0,0.0,0.0,60,4.550020653
1763394255306239835,-0.05746260506310158,0.027895684626254455,-0.23892936787471494,-0.012545321927009273,452,0.0,-0.0011937995227233775,0.0,0.0,0.0,2,0.0,0.0,0.0,0.0,60,4.55990085
1763394255316104278,-0.05770195788036362,0.027787423871555306,-0.0239352817262041,-0.01082607546991493,453,0.0,-0.0037436014979149008,0.0,0.0,0.0,2,0.0,0.0,0.0,0.0,60,4.569765293
1763394255326196019,-0.056424953230998526,0.027517828878965894,0.12770046493650947,-0.026959499258941144,454,0.0,-0.005102503705173865,0.0,0.0,0.0,2,0.0,0.0,0.0,0.0,60,4.579857034
1763394255336212562,-0.055961451183646725,0.027323784544057997,0.04635020473518006,-0.01940443349078974,455,0.0,-0.00429422286657703,0.0,0.0,0.0,2,0.0,0.0,0.0,0.0,60,4.589873577
1763394255346170131,-0.05264710485109876,0.027057752144129865,0.3314346332547964,-0.026603239992813166,456,0.0,-0.007424287510023124,0.0,0.0,0.0,2,0.0,0.0,0.0,0.0,60,4.599831146
1763394255356316092,-0.05885386987089884,0.026999463963953606,-0.6206765019800081,-0.005828818017625942,457,0.0,0.0032602514256307212,0.0,0.0,0.0,2,0.0,0.0,0.0,0.0,60,4.609977107
1763394255366335399,-0.055621190314112216,0.026426417993850218,0.32326795567866257,-0.05730459701033877,458,0.0,-0.006524020743360857,0.0,0.0,0.0,2,0.0,0.0,0.0,0.0,60,4.619996414
1763394255376107952,-0.05489441514359137,0.0256976434642801,0.07267751705208464,-0.07287745295701184,459,0.0,-0.0031062081609283575,0.0,0.0,0.0,2,0.0,0.0,0.0,0.0,60,4.629768967
1763394255386188922,-0.056240627141660005,0.02415068947752487,-0.13462119980686346,-0.15469539867552298,460,0.0,0.0014711171466523145,0.0,0.0,0.0,2,0.0,0.0,0.0,0.0,60,4.639849937
1763394255396178730,-0.048681037267044765,0.021667516007727712,0.755958987461524,-0.24831734697971578,461,0.0,-0.006403241500320598,0.0,0.0,0.0,2,0.0,0.0,0.0,0.0,60,4.649839745
1763394255406249844,-0.04652815775098879,0.020094476561066957,0.21528795160559722,-0.15730394466607553,462,0.0,-0.0019485810890756258,0.0,0.0,0.0,2,0.0,0.0,0.0,0.0,60,4.659910859
1763394255416291666,-0.04354806905809716,0.018309263009523458,0.29800886928916315,-0.17852135515434991,463,0.0,-0.0021498720607923552,0.0,0.0,0.0,2,0.0,0.0,0.0,0.0,60,4.669952681
1763394255426215199,-0.03860148671028851,0.016220632559977285,0.4946582347808648,-0.20886304495461722,464,0.0,-0.003424537943344922,0.0,0.0,0.0,2,0.0,0.0,0.0,0.0,60,4.679876214
1763394255436266613,-0.038796503195199464,0.014867851921859968,-0.01950164849109509,-0.1352780638117317,465,0.0,0.0010879000365480594,0.0,0.0,0.0,2,0.0,0.0,0.0,0.0,60,4.689927628
1763394255446227623,-0.035257263954256594,0.012338872674618272,0.3539239240942869,-0.25289792472416966,466,0.0,-0.00015565894741166337,0.0,0.0,0.0,2,0.0,0.0,0.0,0.0,60,4.699888638
1763394255456114190,-0.031596357479903414,0.009998039874699459,0.366090647435318,-0.23408327999188128,467,0.0,-0.000382728485646449,0.0,0.0,0.0,2,0.0,0.0,0.0,0.0,60,4.709775205
1763394255466284394,-0.02753820375222718,0.007580556296346512,0.40581537276762336,-0.2417483578352947,468,0.0,-0.00030014462796480127,0.0,0.0,0.0,2,0.0,0.0,0.0,0.0,60,4.719945409
1763394255476205115,-0.02341805371209405,0.00517147134188024,0.41201500401331287,-0.2409084954466272,469,0.0,-2.4302364803107344e-05,0.0,0.0,0.0,2,0.0,0.0,0.0,0.0,60,4.72986613
1763394255486274585,-0.019814836058562626,0.0029345267012473135,0.3603217653531426,-0.22369446406329263,470,0.0,0.0005205658741575967,0.0,0.0,0.0,2,0.0,0.0,0.0,0.0,60,4.7399356
1763394255496179050,-0.017329360008486196,0.002140181220112315,0.24854760500764295,-0.07943454811349983,471,0.0,-0.0014240171877090326,0.0,0.0,0.0,2,0.0,0.0,0.0,0.0,60,4.749840065
1763394255506165645,-0.014812572892334206,0.0013270449050868938,0.251678711615199,-0.08131363150254214,472,0.0,-0.0012890994653473426,0.0,0.0,0.0,2,0.0,0.0,0.0,0.0,60,4.75982666
1763394255516191561,-0.013433608197336008,0.001458118635874868,0.13789646949981976,0.013107373078797419,473,0.0,-0.002181787167379416,0.0,0.0,0.0,2,0.0,0.0,0.0,0.0,60,4.769852576
1763394255526118855,-0.011209807264514721,0.0013781647986127084,0.22238009328212868,-0.007995383726215957,474,0.0,-0.002660841498225062,0.0,0.0,0.0,2,0.0,0.0,0.0,0.0,60,4.77977987
1763394255536227209,-0.009096415247405659,0.0008759073872161884,0.21133920171090628,-0.050225741139652,475,0.0,-0.001460667787671713,0.0,0.0,0.0,2,0.0,0.0,0.0,0.0,60,4.789888224
1763394255546197922,-0.00595569351630121,-3.5875765522219716e-07,0.3140721731104449,-0.08762661448714106,476,0.0,-0.0016515036540844601,0.0,0.0,0.0,2,0.0,0.0,0.0,0.0,60,4.799858937
1763394255556205968,-0.0026519192203384653,-0.0018886655988675852,0.3303774295962745,-0.1888306841212363,477,0.0,0.0008185372854888975,0.0,0.0,0.0,2,0.0,0.0,0.0,0.0,60,4.809866983
1763394255566223078,0.0013623202141139178,-0.0030458902510554463,0.4014239434452383,-0.11572246521878611,478,0.0,-0.0015468084662468456,0.0,0.0,0.0,2,0.0,0.0,0.0,0.0,60,4.819884093
1763394255576238171,0.0067151012877623255,-0.005938681417835313,0.5352781073648407,-0.2892791166779866,479,0.0,0.001393549062004085,0.0,0.0,0.0,2,0.0,0.0,0.0,0.0,60,4.829899186
1763394255586255072,0.012381652227128063,-0.008860957813395218,0.5666550939365738,-0.29222763955599057,480,0.0,0.0015429630996173713,0.0,0.0,0.0,2,0.0,0.0,0.0,0.0,60,4.839916087
1763394255596273599,0.01790426154363107,-0.011973633429971757,0.5522609316503005,-0.31126756165765385,481,0.0,0.0026348659177985404,0.0,0.0,0.0,2,0.0,0.0,0.0,0.0,60,4.849934614
1763394255606050142,0.023602793320219716,-0.015261692064687365,0.5698531776588647,-0.3288058634715608,482,0.0,0.003342380802063313,0.0,0.0,0.0,2,0.0,0.0,0.0,0.0,60,4.859711157
1763394255616192946,0.029329153420726332,-0.01865534351971538,0.5726360100506617,-0.33936514550280145,483,0.0,0.004075893157539303,0.0,0.0,0.0,2,0.0,0.0,0.0,0.0,60,4.869853961
1763394255626212438,0.034922699282408654,-0.02235466411773851,0.5593545861682321,-0.369932059802313,484,0.0,0.005511916982353978,0.0,0.0,0.0,2,0.0,0.0,0.0,0.0,60,4.879873453
1763394255636176572,0.04045680900902323,-0.02571134511858451,0.5534109726614577,-0.3356681000846001,485,0.0,0.005291057286428095,0.0,0.0,0.0,2,0.0,0.0,0.0,0.0,60,4.889837587
1763394255646221803,0.046024202089554676,-0.02845677541883826,0.5567393080531446,-0.2745430300253749,486,0.0,0.004241303674653722,0.0,0.0,0.0,2,0.0,0.0,0.0,0.0,60,4.899882818
1763394255656113476,0.050981958207436465,-0.031575695688323066,0.4957756117881788,-0.31189202694848067,487,0.0,0.006308593669339571,0.0,0.0,0.0,2,0.0,0.0,0.0,0.0,60,4.909774491
1763394255666143616,0.05540761740918548,-0.0337897595299729,0.4425659201749019,-0.22140638416498354,488,0.0,0.005152552138378534,0.0,0.0,0.0,2,0.0,0.0,0.0,0.0,60,4.919804631
1763394255676290164,0.0595142670464731,-0.03686926782830619,0.41066496372876155,-0.307950829833329,489,0.0,0.008023531622986562,0.0,0.0,0.0,2,0.0,0.0,0.0,0.0,60,4.929951179
1763394255686214501,0.060274350513528294,-0.038277117812192576,0.07600834670551948,-0.14078499838863848,490,0.0,0.008245033450231611,0.0,0.0,0.0,2,0.0,0.0,0.0,0.0,60,4.939875516
1763394255696170116,0.06595383611915637,-0.04007904042352828,0.5679485605628073,-0.18019226113357018,491,0.0,0.0036748850440299057,0.0,0.0,0.0,2,0.0,0.0,0.0,0.0,60,4.949831131
1763394255706194243,0.06718646594602432,-0.04071765620933364,0.12326298268679481,-0.06386157858053604,492,0.0,0.006267927108948077,0.0,0.0,0.0,2,0.0,0.0,0.0,0.0,60,4.959855258
1763394255716161654,0.0687610401097111,-0.0417750104236222,0.15745741636867816,-0.10573542142885625,493,0.0,0.007009014220838419,0.0,0.0,0.0,2,0.0,0.0,0.0,0.0,60,4.969822669
1763394255726195564,0.06918571163150573,-0.04192713471982393,0.042467152179463674,-0.015212429620172635,494,0.0,0.006260966485657702,0.0,0.0,0.0,2,0.0,0.0,0.0,0.0,60,4.979856579
1763394255736260937,0.06877179147746322,-0.04115806496217145,-0.0413920154042513,0.07690697576524796,495,0.0,0.004971222737809586,0.0,0.0,0.0,2,0.0,0.0,0.0,0.0,60,4.989921952
1763394255746177842,0.06793834172091746,-0.0406835897455286,-0.08334497565457566,0.04744752166428445,496,0.0,0.0060819280066307145,0.0,0.0,0.0,2,0.0,0.0,0.0,0.0,60,4.999838857
1763394255756146070,0.06798523475256683,-0.0391673366494729,0.0046893031649369865,0.15162530960557002,497,0.0,0.002381718037025529,0.0,0.0,0.0,2,0.0,0.0,0.0,0.0,60,5.009807085
1763394255766279300,0.06465240488650432,-0.03817933511475409,-0.3332829866062509,0.09880015347188131,498,0.0,0.007433246104506613,0.0,0.0,0.0,2,0.0,0.0,0.0,0.0,60,5.019940315
1763394255776110932,0.06231278212656137,-0.03665931744226854,-0.23396227599429553,0.1520017672485552,499,0.0,0.004787986636481225,0.0,0.0,0.0,2,0.0,0.0,0.0,0.0,60,5.029771947
1763394255786213010,0.061702101764922926,-0.03442674194170862,-0.061068036163844375,0.22325755005599204,500,0.0,0.0007551744967686366,0.0,0.0,0.0,2,0.0,0.0,0.0,0.0,60,5.039874025
1763394255796211758,0.05601102297207618,-0.032819911538032404,-0.5691078792846749,0.1606830403676214,501,0.0,0.00793402758666108,0.0,0.0,0.0,2,0.0,0.0,0.0,0.0,60,5.049872773
1763394255806291422,0.05379337197182077,-0.030841608677127517,-0.22176510002554078,0.19783028609048867,502,0.0,0.0026850664263193495,0.0,0.0,0.0,2,0.0,0.0,0.0,0.0,60,5.059952437
1763394255816147900,0.04948722657358659,-0.028222875633279458,-0.4306145398234179,0.2618733043848059,503,0.0,0.003236421519402813,0.0,0.0,0.0,2,0.0,0.0,0.0,0.0,60,5.069808915
1763394255826266365,0.04572773195342884,-0.026115084977781096,-0.37594946201577467,0.21077906554983622,504,0.0,0.00346956667698783,0.0,0.0,0.0,2,0.0,0.0,0.0,0.0,60,5.07992738
1763394255836103739,0.04106615038235045,-0.023787254535142875,-0.4661581571078391,0.23278304426382207,505,0.0,0.0036551721120689938,0.0,0.0,0.0,2,0.0,0.0,0.0,0.0,60,5.089764754
1763394255846328212,0.03682831188997703,-0.020203396986436112,-0.423783849237342,0.3583857548706763,506,0.0,-0.0003294321243703987,0.0,0.0,0.0,2,0.0,0.0,0.0,0.0,60,5.099989227
1763394255856219360,0.031733030310654706,-0.017455751482452986,-0.5095281579322326,0.2747645503983126,507,0.0,0.002216632107484377,0.0,0.0,0.0,2,0.0,0.0,0.0,0.0,60,5.109880375
1763394255866245665,0.026352952953370562,-0.014603360815980295,-0.5380077357284143,0.2852390666472691,508,0.0,0.0018679314951767622,0.0,0.0,0.0,2,0.0,0.0,0.0,0.0,60,5.11990668
1763394255876197682,0.02085525681473232,-0.011100426751577406,-0.5497696138638243,0.35029340644028883,509,0.0,-5.318406692141585e-05,0.0,0.0,0.0,2,0.0,0.0,0.0,0.0,60,5.129858697
1763394255886200357,0.015372993649054575,-0.008016910044697886,-0.5482263165677743,0.308351670687952,510,0.0,0.0004398904929810588,0.0,0.0,0.0,2,0.0,0.0,0.0,0.0,60,5.139861372
1763394255896251124,0.010240610206081531,-0.004962527933049788,-0.5132383442973044,0.30543821116480985,511,0.0,-0.00036942333269815095,0.0,0.0,0.0,2,0.0,0.0,0.0,0.0,60,5.149912139
1763394255906153943,0.005377774134087052,-0.0017911173701914678,-0.48628360719944785,0.317141056285832,512,0.0,-0.0014435696695848333,0.0,0.0,0.0,2,0.0,0.0,0.0,0.0,60,5.159814958
1763394255916258519,0.00025415155738590413,0.0007176655593468771,-0.5123622576701148,0.2508782929538345,513,0.0,3.009743562232617e-05,0.0,0.0,0.0,2,0.0,0.0,0.0,0.0,60,5.169919534
1763394255926246384,-0.0009220977617380634,0.002860076376756192,-0.11762493191239676,0.21424108174093145,514,0.0,-0.004066873721539425,0.0,0.0,0.0,2,0.0,0.0,0.0,0.0,60,5.179907399
1763394255936241316,-0.009020710681653533,0.004846121285943399,-0.809861291991547,0.19860449091872073,515,0.0,0.004111559280654472,0.0,0.0,0.0,2,0.0,0.0,0.0,0.0,60,5.189902331
1763394255946259598,-0.013155914471990715,0.006782690569998324,-0.41352037903371813,0.19365692840549245,516,0.0,-0.0007254269517283645,0.0,0.0,0.0,2,0.0,0.0,0.0,0.0,60,5.199920613
1763394255956201351,-0.016723093340797093,0.008858688105868043,-0.3567178868806378,0.20759975358697197,517,0.0,-0.002036821502004558,0.0,0.0,0.0,2,0.0,0.0,0.0,0.0,60,5.209862366
1763394255966208794,-0.020484169927765965,0.01048853059834821,-0.3761076586968871,0.16298424924801672,518,0.0,-0.0010152240894249144,0.0,0.0,0.0,2,0.0,0.0,0.0,0.0,60,5.219869809
1763394255976253744,-0.024212734832672632,0.011658290009589942,-0.3728564904906667,0.1169759411241731,519,0.0,-0.00015873343524973023,0.0,0.0,0.0,2,0.0,0.0,0.0,0.0,60,5.229914759
1763394255986220404,-0.02797406782036776,0.013644036641749662,-0.37613329876951296,0.19857466321597203,520,0.0,-0.002337907771718867,0.0,0.0,0.0,2,0.0,0.0,0.0,0.0,60,5.239881419
1763394255996100484,-0.031507551406211594,0.015498177740170701,-0.35334835858438324,0.18541410984210388,521,0.0,-0.002581508277762959,0.0,0.0,0.0,2,0.0,0.0,0.0,0.0,60,5.249761499
1763394256006208354,-0.03554239108169818,0.016953468505238545,-0.40348396754865884,0.14552907650678437,522,0.0,-0.001284738488097889,0.0,0.0,0.0,2,0.0,0.0,0.0,0.0,60,5.259869369
1763394256016242382,-0.041169218981618454,0.01865752669277377,-0.5626827899920271,0.17040581875352248,523,0.0,-0.0002668924557291414,0.0,0.0,0.0,2,0.0,0.0,0.0,0.0,60,5.269903397
1763394256026335937,-0.040731718635580796,0.02107935466474036,0.043750034603765725,0.2421827971966592,524,0.0,-0.009428122332543837,0.0,0.0,0.0,2,0.0,0.0,0.0,0.0,60,5.279996952
1763394256036202900,-0.045984111404851515,0.022054200210881628,-0.5252392769270718,0.09748455461412661,525,0.0,0.000486514408411656,0.0,0.0,0.0,2,0.0,0.0,0.0,0.0,60,5.289863915
1763394256046131854,-0.04640576072080677,0.023978898377510098,-0.04216493159552581,0.19246981666284704,526,0.0,-0.007699148437051906,0.0,0.0,0.0,2,0.0,0.0,0.0,0.0,60,5.299792869
1763394256056168158,-0.05333574652695279,0.025125246549701816,-0.6929985806146017,0.11463481721917176,527,0.0,0.0015788245685160532,0.0,0.0,0.0,2,0.0,0.0,0.0,0.0,60,5.309829173
1763394256066094748,-0.0569225279485621,0.02673840180302907,-0.3586781421609307,0.1613155253327253,528,0.0,-0.0036907388737986457,0.0,0.0,0.0,2,0.0,0.0,0.0,0.0,60,5.319755763
1763394256076156888,-0.053276110982788956,0.02694365416954192,0.36464169657731416,0.020525236651285084,529,0.0,-0.008904098430787438,0.0,0.0,0.0,2,0.0,0.0,0.0,0.0,60,5.329817903
1763394256086300125,-0.05322684727305018,0.02702514502575385,0.004926370973877547,0.008149085621193125,530,0.0,-0.004401514367793309,0.0,0.0,0.0,2,0.0,0.0,0.0,0.0,60,5.33996114
1763394256096135421,-0.05439159193025693,0.026755999122928108,-0.11647446572067496,-0.026914590282574313,531,0.0,-0.002117440102488493,0.0,0.0,0.0,2,0.0,0.0,0.0,0.0,60,5.349796436
1763394256106132056,-0.05367784639652639,0.02680610611977264,0.07137455337305407,0.005010699684453168,532,0.0,-0.005077216372516942,0.0,0.0,0.0,2,0.0,0.0,0.0,0.0,60,5.359793071
1763394256116128362,-0.057211078132769204,0.02634154482538969,-0.35332317362428145,-0.04645612943829508,533,0.0,0.001175131684437835,0.0,0.0,0.0,2,0.0,0.0,0.0,0.0,60,5.369789377
1763394256126171517,-0.056898855594409624,0.024742558865584685,0.031222253835958003,-0.15989859598050035,534,0.0,-0.0004439505890271129,0.0,0.0,0.0,2,0.0,0.0,0.0,0.0,60,5.379832532
1763394256136183721,-0.054239727668159085,0.02360656587712527,0.26591279262505385,-0.11359929884594139,535,0.0,-0.0041096886377708745,0.0,0.0,0.0,2,0.0,0.0,0.0,0.0,60,5.389844736
1763394256146090563,-0.04973912196106641,0.021064887569892478,0.45006057070926736,-0.2541678307232793,536,0.0,-0.002587743366061189,0.0,0.0,0.0,2,0.0,0.0,0.0,0.0,60,5.399751578
1763394256156139921,-0.04593916223320159,0.01946779497892631,0.37999597278648223,-0.15970925909661662,537,0.0,-0.003732057035122126,0.0,0.0,0.0,2,0.0,0.0,0.0,0.0,60,5.409800936
1763394256166137120,-0.04762759069495852,0.01827029980510196,-0.168842846175693,-0.11974951738243506,538,0.0,0.001948581472877829,0.0,0.0,0.0,2,0.0,0.0,0.0,0.0,60,5.419798135
1763394256176234537,-0.04621555921734803,0.017148702036634364,0.1412031477610487,-0.1121597768467597,539,0.0,-0.001700402032537783,0.0,0.0,0.0,2,0.0,0.0,0.0,0.0,60,5.429895552
1763394256186307993,-0.04355682824570842,0.01655697954560703,0.2658730971639614,-0.059172249102733276,540,0.0,-0.004311381278559097,0.0,0.0,0.0,2,0.0,0.0,0.0,0.0,60,5.439969008
1763394256196276789,-0.04243999171024949,0.014994272239279665,0.11168365354589302,-0.1562707306327366,541,0.0,1.0053256414645478e-05,0.0,0.0,0.0,2,0.0,0.0,0.0,0.0,60,5.449937804
1763394256206289789,-0.03834069236716202,0.013745494806584574,0.40992993430874686,-0.12487774326950911,542,0.0,-0.004031687465711598,0.0,0.0,0.0,2,0.0,0.0,0.0,0.0,60,5.459950804
1763394256216369830,-0.035863951260882196,0.01201030476646837,0.24767411062798228,-0.1735190040116203,543,0.0,-0.0007220354923506041,0.0,0.0,0.0,2,0.0,0.0,0.0,0.0,60,5.470030845
1763394256226180007,-0.03300428071555612,0.01066866482029331,0.28596705453260773,-0.13416399461750605,544,0.0,-0.0018875646008708349,0.0,0.0,0.0,2,0.0,0.0,0.0,0.0,60,5.479841022
1763394256236225238,-0.030306863322977218,0.008825360609186352,0.26974173925789,-0.18433042111069586,545,0.0,-0.00024044336469066646,0.0,0.0,0.0,2,0.0,0.0,0.0,0.0,60,5.489886253
1763394256246356310,-0.02769814998309151,0.007991874632953321,0.2608713339885708,-0.08334859762330303,546,0.0,-0.0023727394333013176,0.0,0.0,0.0,2,0.0,0.0,0.0,0.0,60,5.500017325
1763394256256216268,-0.024966287892176614,0.0064197299149877235,0.2731862090914895,-0.15721447179655976,547,0.0,-0.0005451752675285082,0.0,0.0,0.0,2,0.0,0.0,0.0,0.0,60,5.509877283
1763394256266151369,-0.021968933826987405,0.005438467483953272,0.2997354065189209,-0.09812624310344513,548,0.0,-0.0020882922394742697,0.0,0.0,0.0,2,0.0,0.0,0.0,0.0,60,5.519812384
1763394256276137210,-0.01908777566486365,0.004405148976452725,0.28811581621237536,-0.10333185075005469,549,0.0,-0.0016685336980768535,0.0,0.0,0.0,2,0.0,0.0,0.0,0.0,60,5.529798225
1763394256286266123,-0.01607968911215269,0.0030572885639025445,0.300808655271096,-0.13478604125501809,550,0.0,-0.0008720444221478703,0.0,0.0,0.0,2,0.0,0.0,0.0,0.0,60,5.539927138
1763394256296336245,-0.013466319422408108,0.002471133005906616,0.26133696897445835,-0.058615555799592864,551,0.0,-0.002099862041284778,0.0,0.0,0.0,2,0.0,0.0,0.0,0.0,60,5.54999726
1763394256306131496,-0.009615769861624268,0.0007510044777555465,0.3850549560783839,-0.17201285281510692,552,0.0,-0.0006286382885857056,0.0,0.0,0.0,2,0.0,0.0,0.0,0.0,60,5.559792511
1763394256316137258,-0.006084009730624998,-0.0008432218327598245,0.353176013099927,-0.1594226310515371,553,0.0,-0.00030330880172425205,0.0,0.0,0.0,2,0.0,0.0,0.0,0.0,60,5.569798273
1763394256326129237,-0.0020578259188794457,-0.002824737664829413,0.4026183811745552,-0.19815158320695883,554,0.0,0.00032884615457621103,0.0,0.0,0.0,2,0.0,0.0,0.0,0.0,60,5.579790252
1763394256336211317,0.0023200890429505433,-0.004499851313945374,0.4377914961829989,-0.16751136491159613,555,0.0,-0.0005419650351726219,0.0,0.0,0.0,2,0.0,0.0,0.0,0.0,60,5.589872332
1763394256346238544,0.00736810924367548,-0.006812074110464722,0.5048020200724936,-0.2312222796519348,556,0.0,0.0005214498289141398,0.0,0.0,0.0,2,0.0,0.0,0.0,0.0,60,5.599899559
1763394256356112293,0.012662775350387324,-0.009618060684060206,0.5294666106711844,-0.28059865735954836,557,0.0,0.0018198404726480445,0.0,0.0,0.0,2,0.0,0.0,0.0,0.0,60,5.609773308
1763394256366148968,0.018098049743413995,-0.012471969150639927,0.543527439302667,-0.28539084665797215,558,0.0,0.0022050411744183977,0.0,0.0,0.0,2,0.0,0.0,0.0,0.0,60,5.619809983
1763394256376223892,0.023340167735274996,-0.015524541068171797,0.5242117991861001,-0.30525719175318705,559,0.0,0.003364402115496545,0.0,0.0,0.0,2,0.0,0.0,0.0,0.0,60,5.629884907
1763394256386154544,0.029290275121061603,-0.01906332250312702,0.5950107385786607,-0.3538781434955222,560,0.0,0.004213583394819989,0.0,0.0,0.0,2,0.0,0.0,0.0,0.0,60,5.639815559
1763394256396094319,0.034829961172511026,-0.022463991271075495,0.5539686051449423,-0.3400668767948475,561,0.0,0.004890912362378985,0.0,0.0,0.0,2,0.0,0.0,0.0,0.0,60,5.649755334
1763394256406180285,0.040427119305621595,-0.025727727720971233,0.5597158133110569,-0.32637364498957383,562,0.0,0.0050014551746809365,0.0,0.0,0.0,2,0.0,0.0,0.0,0.0,60,5.6598413
1763394256416168675,0.045883850090237065,-0.028741988899500994,0.545673078461547,-0.3014261178529761,563,0.0,0.005043259214357912,0.0,0.0,0.0,2,0.0,0.0,0.0,0.0,60,5.66982969
1763394256426162634,0.0510976954472092,-0.03180273124345956,0.5213845356972134,-0.30607423439585646,564,0.0,0.005905374222621495,0.0,0.0,0.0,2,0.0,0.0,0.0,0.0,60,5.679823649
1763394256436267566,0.05560707835325998,-0.0342931009571732,0.45093829060507823,-0.2490369713713643,565,0.0,0.00577700594442014,0.0,0.0,0.0,2,0.0,0.0,0.0,0.0,60,5.689928581
1763394256446273845,0.06178257606942643,-0.037230652523866314,0.6175497716166447,-0.29375515666931123,566,0.0,0.005321270290081333,0.0,0.0,0.0,2,0.0,0.0,0.0,0.0,60,5.69993486
1763394256456160059,0.06175920401622188,-0.03932580333294443,-0.0023372053204545606,-0.2095150809078114,567,0.0,0.01093580565550488,0.0,0.0,0.0,2,0.0,0.0,0.0,0.0,60,5.709821074
1763394256466161086,0.06709129632775962,-0.040655807417655176,0.5332092311537736,-0.1330004084710748,568,0.0,0.0030651295536841022,0.0,0.0,0.0,2,0.0,0.0,0.0,0.0,60,5.719822101
1763394256476303490,0.07118853085708299,-0.04201116392362662,0.4097234529323368,-0.13553565059714404,569,0.0,0.0047871891122688096,0.0,0.0,0.0,2,0.0,0.0,0.0,0.0,60,5.729964505
1763394256486207959,0.07007926901384771,-0.04301876460103969,-0.11092618432352735,-0.10076006774130744,570,0.0,0.01023194487227502,0.0,0.0,0.0,2,0.0,0.0,0.0,0.0,60,5.739868974
1763394256496279401,0.07534079593433844,-0.043115300861322856,0.5261526920490728,-0.009653626028316431,571,0.0,0.000644233434322157,0.0,0.0,0.0,2,0.0,0.0,0.0,0.0,60,5.749940416
1763394256506222618,0.06918848933259662,-0.042900759412675474,-0.6152306601741819,0.02145414486473818,572,0.0,0.013269072845469777,0.0,0.0,0.0,2,0.0,0.0,0.0,0.0,60,5.759883633
1763394256516147304,0.0682005987803785,-0.042694209613921626,-0.09878905522181236,0.02065497987538481,573,0.0,0.0071894866031764655,0.0,0.0,0.0,2,0.0,0.0,0.0,0.0,60,5.769808319
1763394256526271616,0.0690939863674879,-0.04191663369227999,0.08933875871093983,0.07775759216416336,574,0.0,0.003529147880889324,0.0,0.0,0.0,2,0.0,0.0,0.0,0.0,60,5.779932631
1763394256536281320,0.0630830396459436,-0.04067181306202433,-0.6010946721544299,0.12448206302556608,575,0.0,0.010340178385166585,0.0,0.0,0.0,2,0.0,0.0,0.0,0.0,60,5.789942335
1763394256546081547,0.06614628935317819,-0.039110757412157075,0.30632497072345943,0.1561055649867256,576,0.0,-0.0012793720669695184,0.0,0.0,0.0,2,0.0,0.0,0.0,0.0,60,5.799742562
1763394256556186946,0.061846865786106583,-0.03683529310678672,-0.42994235670716086,0.2275464305370352,577,0.0,0.005343104482585128,0.0,0.0,0.0,2,0.0,0.0,0.0,0.0,60,5.809847961
1763394256566384272,0.05742472994319661,-0.03386242824477234,-0.44221358429099716,0.2972864862014382,578,0.0,0.003399662231720357,0.0,0.0,0.0,2,0.0,0.0,0.0,0.0,60,5.820045287
1763394256576091598,0.05253899829518745,-0.03027816766966878,-0.48857316480091645,0.35842605751035606,579,0.0,0.0019663978545582123,0.0,0.0,0.0,2,0.0,0.0,0.0,0.0,60,5.829752613
1763394256586383716,0.04685478370517747,-0.026309269511984253,-0.5684214590009978,0.3968898157684527,580,0.0,0.0013987917489938356,0.0,0.0,0.0,2,0.0,0.0,0.0,0.0,60,5.840044731
1763394256596166949,0.04154538723596866,-0.02285631125612976,-0.5309396469208811,0.3452958255854493,581,0.0,0.0016419834034039054,0.0,0.0,0.0,2,0.0,0.0,0.0,0.0,60,5.849827964
1763394256606231838,0.036895261838497645,-0.019717298325626683,-0.4650125397471012,0.31390129305030773,582,0.0,0.0011259370315987813,0.0,0.0,0.0,2,0.0,0.0,0.0,0.0,60,5.859892853
1763394256616286218,0.03195477635814365,-0.01707375566965887,-0.4940485480353994,0.2643542655967813,583,0.0,0.0022230684043654794,0.0,0.0,0.0,2,0.0,0.0,0.0,0.0,60,5.869947233
1763394256626171899,0.027439772313311135,-0.01426448892347445,-0.45150040448325157,0.28092667461844195,584,0.0,0.0009062110388890678,0.0,0.0,0.0,2,0.0,0.0,0.0,0.0,60,5.879832914
1763394256636304871,0.02291213129176084,-0.011881720491193947,-0.4527641021550295,0.23827684322805034,585,0.0,0.0015552742708762274,0.0,0.0,0.0,2,0.0,0.0,0.0,0.0,60,5.889965886
1763394256646185157,0.01862413087877321,-0.009581770748935934,-0.42880004129876303,0.22999497422580129,586,0.0,0.0011153138547230082,0.0,0.0,0.0,2,0.0,0.0,0.0,0.0,60,5.899846172
1763394256656228376,0.014447877929856443,-0.007249586423268187,-0.41762529489167666,0.2332184325667747,587,0.0,0.0005513812185615015,0.0,0.0,0.0,2,0.0,0.0,0.0,0.0,60,5.909889391
1763394256666164347,0.010521387282796116,-0.005058694011237383,-0.39264906470603267,0.21908924120308035,588,0.0,0.00025380566506309245,0.0,0.0,0.0,2,0.0,0.0,0.0,0.0,60,5.919825362
1763394256676148012,0.006584444769189578,-0.003209635427615116,-0.3936942513606538,0.18490585836222675,589,0.0,0.000782473165324123,0.0,0.0,0.0,2,0.0,0.0,0.0,0.0,60,5.929809027
1763394256686187547,0.002506322956834856,-0.002130517720406089,-0.4078121812354722,0.10791177072090266,590,0.0,0.00258173383554494,0.0,0.0,0.0,2,0.0,0.0,0.0,0.0,60,5.939848562
1763394256696338252,-0.0009160827836049313,-0.00011598868215817286,-0.34224057404397873,0.2014529038247916,591,0.0,-0.0006892006618137558,0.0,0.0,0.0,2,0.0,0.0,0.0,0.0,60,5.949999267
1763394256706149379,-0.004654535728182073,0.0017896679842795,-0.3738452944577142,0.19056566664376728,592,0.0,-0.0003555865222559084,0.0,0.0,0.0,2,0.0,0.0,0.0,0.0,60,5.959810394
1763394256716090235,-0.008675996277502738,0.0027779362017843826,-0.40214605493206645,0.09882682175048826,593,0.0,0.0019695023763850873,0.0,0.0,0.0,2,0.0,0.0,0.0,0.0,60,5.96975125
1763394256726263869,-0.012905390523208316,0.004518234258384039,-0.42293942457055783,0.17402980565996568,594,0.0,0.00018089216330358093,0.0,0.0,0.0,2,0.0,0.0,0.0,0.0,60,5.979924884
1763394256736178426,-0.016673987595992232,0.006365443421792034,-0.37685970727839163,0.18472091634079943,595,0.0,-0.0008951085439504224,0.0,0.0,0.0,2,0.0,0.0,0.0,0.0,60,5.989839441
1763394256746218203,-0.021430860214194273,0.009112999526036458,-0.47568726182020404,0.27475561042444235,596,0.0,-0.002265517957094891,0.0,0.0,0.0,2,0.0,0.0,0.0,0.0,60,5.999879218
1763394256756120792,-0.02593412977591371,0.011291064263990461,-0.45032695617194357,0.21780647379540038,597,0.0,-0.0015635476526914913,0.0,0.0,0.0,2,0.0,0.0,0.0,0.0,60,6.009781807
1763394256766253344,-0.030533689606998028,0.013663828195565851,-0.4599559831084319,0.23727639315753896,598,0.0,-0.0022712905422165902,0.0,0.0,0.0,2,0.0,0.0,0.0,0.0,60,6.019914359
1763394256776151448,-0.035718941285833666,0.016355360117811142,-0.5185251678835638,0.2691531922245291,599,0.0,-0.002744020219987832,0.0,0.0,0.0,2,0.0,0.0,0.0,0.0,60,6.029812463
1763394256786259789,-0.043069973772148204,0.018464225130220675,-0.7351032486314537,0.21088650124095332,600,0.0,0.0008319215890100918,0.0,0.0,0.0,2,0.0,0.0,0.0,0.0,60,6.039920804
1763394256796236213,-0.043462894640400096,0.021014106286028136,-0.0392920868251892,0.2549881155807461,601,0.0,-0.008751495414776874,0.0,0.0,0.0,2,0.0,0.0,0.0,0.0,60,6.049897228
1763394256806120041,-0.04624307684223017,0.02327771375298783,-0.27801822018300726,0.2263607466959694,602,0.0,-0.005619752033821181,0.0,0.0,0.0,2,0.0,0.0,0.0,0.0,60,6.059781056
1763394256816305233,-0.05397217094524481,0.024577591761254326,-0.7729094103014644,0.1299878008266496,603,0.0,0.0022364431134219358,0.0,0.0,0.0,2,0.0,0.0,0.0,0.0,60,6.069966248
1763394256826143400,-0.05582605198802135,0.02691991127008262,-0.1853881042776534,0.23423195088282944,604,0.0,-0.007458826667741689,0.0,0.0,0.0,2,0.0,0.0,0.0,0.0,60,6.079804415
1763394256836189821,-0.05386705710178927,0.02823196005549882,0.19589948862320794,0.13120487854162005,605,0.0,-0.009709428852164548,0.0,0.0,0.0,2,0.0,0.0,0.0,0.0,60,6.089850836
1763394256846145218,-0.057706453989160626,0.029362751918550173,-0.38393968873713585,0.11307918630513517,606,0.0,-0.002653601758595151,0.0,0.0,0.0,2,0.0,0.0,0.0,0.0,60,6.099806233
1763394256856215460,-0.059727188653651266,0.028993948479455536,-0.20207346644906393,-0.03688034390946365,607,0.0,-0.001225173423693044,0.0,0.0,0.0,2,0.0,0.0,0.0,0.0,60,6.109876475
1763394256866050426,-0.06070909010217581,0.02910002302094141,-0.09819014485245442,0.010607454148587464,608,0.0,-0.003576994470797631,0.0,0.0,0.0,2,0.0,0.0,0.0,0.0,60,6.119711441
1763394256876232917,-0.06040871256139091,0.028743279326429817,0.030037754078490048,-0.03567436945115937,609,0.0,-0.003944201492523046,0.0,0.0,0.0,2,0.0,0.0,0.0,0.0,60,6.129893932
1763394256886210388,-0.057551890597430315,0.027485880325625572,0.2856821963960594,-0.1257399000804245,610,0.0,-0.0046405926316790205,0.0,0.0,0.0,2,0.0,0.0,0.0,0.0,60,6.139871403
1763394256896108853,-0.05637331818456669,0.026628309849329977,0.1178572412863628,-0.08575704762955952,611,0.0,-0.0034767983509006975,0.0,0.0,0.0,2,0.0,0.0,0.0,0.0,60,6.149769868
1763394256906060059,-0.0555539554331921,0.025863436131184844,0.08193627513745846,-0.07648737181451329,612,0.0,-0.003156763902647312,0.0,0.0,0.0,2,0.0,0.0,0.0,0.0,60,6.159721074
1763394256916278377,-0.05247699144293692,0.024917723323254884,0.30769639902551854,-0.09457128079299604,613,0.0,-0.0052351579405949256,0.0,0.0,0.0,2,0.0,0.0,0.0,0.0,60,6.169939392
1763394256926150546,-0.05503032987792115,0.02326685661666046,-0.25533384349842314,-0.16508667065944227,614,0.0,0.003266573406638735,0.0,0.0,0.0,2,0.0,0.0,0.0,0.0,60,6.179811561
1763394256936287085,-0.05300421621928951,0.02230908265288066,0.20261136586316383,-0.0957773963779801,615,0.0,-0.0035886259431236875,0.0,0.0,0.0,2,0.0,0.0,0.0,0.0,60,6.1899481
1763394256946079477,-0.04659294733627513,0.019748000372620533,0.6411268883014382,-0.2561082280260127,616,0.0,-0.004582082553937212,0.0,0.0,0.0,2,0.0,0.0,0.0,0.0,60,6.199740492
1763394256956145251,-0.04810669608702191,0.01754365827604812,-0.15137487507467795,-0.22043420965724148,617,0.0,0.004209897937410211,0.0,0.0,0.0,2,0.0,0.0,0.0,0.0,60,6.209806266
1763394256966106874,-0.042079911731599536,0.015056138163677152,0.6026784355422372,-0.24875201123709667,618,0.0,-0.003595976608558209,0.0,0.0,0.0,2,0.0,0.0,0.0,0.0,60,6.219767889
1763394256976178071,-0.03778158495704739,0.012112165796284012,0.42983267745521425,-0.29439723673931395,619,0.0,-4.8104285544473685e-05,0.0,0.0,0.0,2,0.0,0.0,0.0,0.0,60,6.229839086
1763394256986309899,-0.03303967487700436,0.00902011439641803,0.47419100800430297,-0.30920513998659827,620,0.0,0.0002492748076839812,0.0,0.0,0.0,2,0.0,0.0,0.0,0.0,60,6.239970914
1763394256996147191,-0.028575678047325616,0.005908759833529072,0.4463996829678747,-0.3111354562888958,621,0.0,0.0010940891271100936,0.0,0.0,0.0,2,0.0,0.0,0.0,0.0,60,6.249808206
1763394257006196323,-0.024601988732533248,0.0028402297771002692,0.3973689314792368,-0.30685300564288026,622,0.0,0.002034906676726794,0.0,0.0,0.0,2,0.0,0.0,0.0,0.0,60,6.259857338
1763394257016197234,-0.02049747048204367,0.0009928521514954054,0.41045182504895783,-0.18473776256048638,623,0.0,-0.0006963252053309643,0.0,0.0,0.0,2,0.0,0.0,0.0,0.0,60,6.269858249
1763394257026194306,-0.017420765760381443,-0.00098002076327448,0.3076704721662226,-0.19728729147698854,624,0.0,0.0011056712386296637,0.0,0.0,0.0,2,0.0,0.0,0.0,0.0,60,6.279855321
1763394257036181357,-0.014402154585325242,-0.0025212434074334596,0.3018611175056201,-0.15412226441589796,625,0.0,0.0003987194587108758,0.0,0.0,0.0,2,0.0,0.0,0.0,0.0,60,6.289842372
1763394257046318586,-0.011986947996036465,-0.0032124018810094825,0.2415206589288777,-0.06911584735760229,626,0.0,-0.0007762265433392044,0.0,0.0,0.0,2,0.0,0.0,0.0,0.0,60,6.299979601
1763394257056120934,-0.00959948868578412,-0.003783064085799941,0.23874593102523445,-0.057066220479045845,627,0.0,-0.0009347269249889022,0.0,0.0,0.0,2,0.0,0.0,0.0,0.0,60,6.309781949
1763394257066171459,-0.00777424991565474,-0.004495009475715812,0.182523877012938,-0.07119453899158706,628,0.0,0.00016738021350197582,0.0,0.0,0.0,2,0.0,0.0,0.0,0.0,60,6.319832474
1763394257076202499,-0.005804633913598313,-0.004121996247769388,0.19696160020564266,0.037301322794642405,629,0.0,-0.0025950734753942373,0.0,0.0,0.0,2,0.0,0.0,0.0,0.0,60,6.329863514
1763394257086107196,-0.004004437535319049,-0.004593290206894866,0.18001963782792643,-0.047129395912547806,630,0.0,-0.00034176935612462394,0.0,0.0,0.0,2,0.0,0.0,0.0,0.0,60,6.339768211
1763394257096289979,-0.0016716603516941618,-0.00533831833346275,0.23327771836248873,-0.07450281265678846,631,0.0,-0.00020845397891269607,0.0,0.0,0.0,2,0.0,0.0,0.0,0.0,60,6.349950994
1763394257106252992,0.0007763985184766412,-0.006105332728527353,0.24480588701708028,-0.07670143950646024,632,0.0,-0.00017167856887204038,0.0,0.0,0.0,2,0.0,0.0,0.0,0.0,60,6.359914007
1763394257116223883,0.004614875127998162,-0.007600853237479664,0.38384766095215206,-0.1495520508952311,633,0.0,0.00013577961428087046,0.0,0.0,0.0,2,0.0,0.0,0.0,0.0,60,6.369884898
1763394257126265743,0.007836518372074632,-0.008902903837380256,0.32216432440764703,-0.13020505999005919,634,0.0,0.0006086013535584601,0.0,0.0,0.0,2,0.0,0.0,0.0,0.0,60,6.379926758
1763394257136242347,0.0121967181337767,-0.010859621072054293,0.4360199761702068,-0.19567172346740372,635,0.0,0.0011084579090725136,0.0,0.0,0.0,2,0.0,0.0,0.0,0.0,60,6.389903362
1763394257146255408,0.016233726651982625,-0.013068470945694882,0.4037008518205924,-0.22088498736405893,636,0.0,0.002417575883323127,0.0,0.0,0.0,2,0.0,0.0,0.0,0.0,60,6.399916423
1763394257156123158,0.020422013074582364,-0.015238275856707801,0.4188286422599739,-0.21698049110129186,637,0.0,0.0024815421372328477,0.0,0.0,0.0,2,0.0,0.0,0.0,0.0,60,6.409784173
1763394257166167156,0.02478122145740625,-0.017350182486010876,0.4359208382823887,-0.2111906629303075,638,0.0,0.002470181486597953,0.0,0.0,0.0,2,0.0,0.0,0.0,0.0,60,6.419828171
1763394257176140319,0.02910136014772178,-0.02013543851386672,0.4320138690315528,-0.27852560278558425,639,0.0,0.00451918806791274,0.0,0.0,0.0,2,0.0,0.0,0.0,0.0,60,6.429801334
1763394257186131565,0.03354564686513181,-0.0224524305260716,0.44442867174100326,-0.23169920122048798,640,0.0,0.0036312856773451094,0.0,0.0,0.0,2,0.0,0.0,0.0,0.0,60,6.43979258
1763394257196272242,0.03801155746521633,-0.02522897803835142,0.446591060008452,-0.277654751227982,641,0.0,0.005106946461982638,0.0,0.0,0.0,2,0.0,0.0,0.0,0.0,60,6.449933257
1763394257206081746,0.04150965604864515,-0.02743676884979509,0.3498098583428817,-0.22077908114436703,642,0.0,0.00524687591725839,0.0,0.0,0.0,2,0.0,0.0,0.0,0.0,60,6.459742761
1763394257216204405,0.045166163516641405,-0.02921174070455075,0.3656507467996256,-0.17749718547556623,643,0.0,0.004319372127991922,0.0,0.0,0.0,2,0.0,0.0,0.0,0.0,60,6.46986542
1763394257226132339,0.0484235858856121,-0.030854980477046916,0.3257422368970697,-0.16432397724961653,644,0.0,0.004731771060603202,0.0,0.0,0.0,2,0.0,0.0,0.0,0.0,60,6.479793354
1763394257236215840,0.05074355780718735,-0.03218822903899289,0.23199719215752507,-0.13332485619459744,645,0.0,0.005309905946771569,0.0,0.0,0.0,2,0.0,0.0,0.0,0.0,60,6.489876855
1763394257246157003,0.05325822098553594,-0.03359176024184926,0.2514663178348586,-0.140353120285637,646,0.0,0.005460965894627861,0.0,0.0,0.0,2,0.0,0.0,0.0,0.0,60,6.499818018
1763394257256078372,0.05487389782771719,-0.034199043144105816,0.16156768421812517,-0.060728290225655485,647,0.0,0.004744549634759998,0.0,0.0,0.0,2,0.0,0.0,0.0,0.0,60,6.509739387
1763394257266049232,0.05554635477706009,-0.03439858545456273,0.06724569493428978,-0.019954231045691412,648,0.0,0.004927818325041005,0.0,0.0,0.0,2,0.0,0.0,0.0,0.0,60,6.519710247
1763394257276182613,0.05587134673734631,-0.03459551966966371,0.032499196028622224,-0.019693421510098147,649,0.0,0.005359827977613106,0.0,0.0,0.0,2,0.0,0.0,0.0,0.0,60,6.529843628
1763394257286231957,0.05573870052331864,-0.0341842943892447,-0.013264621402767074,0.04112252804190086,650,0.0,0.004410315504062983,0.0,0.0,0.0,2,0.0,0.0,0.0,0.0,60,6.539892972
1763394257296254024,0.05549600816557332,-0.033683783111875476,-0.024269235774532216,0.05005112773692269,651,0.0,0.004255507679430483,0.0,0.0,0.0,2,0.0,0.0,0.0,0.0,60,6.549915039
1763394257306118949,0.05498196291146405,-0.03322938992444886,-0.051404525410926605,0.04543931874266133,652,0.0,0.0046135897534712415,0.0,0.0,0.0,2,0.0,0.0,0.0,0.0,60,6.559779964
1763394257316198033,0.05357674129394854,-0.032471185935826805,-0.1405221617515509,0.07582039886220582,653,0.0,0.004831662355951357,0.0,0.0,0.0,2,0.0,0.0,0.0,0.0,60,6.569859048
1763394257326074075,0.05139921773854078,-0.031245394203282883,-0.2177523555407762,0.12257917325439217,654,0.0,0.0044547696517043996,0.0,0.0,0.0,2,0.0,0.0,0.0,0.0,60,6.57973509
1763394257336307857,0.04930072439749829,-0.029706337342499348,-0.20984933410424927,0.1539056860783535,655,0.0,0.003393807096996694,0.0,0.0,0.0,2,0.0,0.0,0.0,0.0,60,6.589968872
1763394257346158276,0.046811065268809356,-0.028112230684610374,-0.24896591286889327,0.15941066578889737,656,0.0,0.003481083707312423,0.0,0.0,0.0,2,0.0,0.0,0.0,0.0,60,6.599819291
1763394257356282336,0.04417099168708773,-0.025702668649774704,-0.26400735817216286,0.24095620348356694,657,0.0,0.0013819436001355802,0.0,0.0,0.0,2,0.0,0.0,0.0,0.0,60,6.609943351
1763394257366275734,0.04026827394793417,-0.024428254512292434,-0.3902717739153558,0.127441413748227,658,0.0,0.0053260218678977496,0.0,0.0,0.0,2,0.0,0.0,0.0,0.0,60,6.619936749
1763394257376166507,0.03713354043329972,-0.021429638369399127,-0.3134733514634447,0.2998616142893307,659,0.0,-7.063604821933456e-05,0.0,0.0,0.0,2,0.0,0.0,0.0,0.0,60,6.629827522
1763394257386245977,0.03307000111150111,-0.019447421682179476,-0.4063539321798613,0.19822166872196512,660,0.0,0.0030978734397715466,0.0,0.0,0.0,2,0.0,0.0,0.0,0.0,60,6.639906992
1763394257396116345,0.028992751851136832,-0.01687080010830433,-0.4077249260364277,0.25766215738751463,661,0.0,0.0013274879619219714,0.0,0.0,0.0,2,0.0,0.0,0.0,0.0,60,6.64977736
1763394257406140721,0.024830099519114766,-0.0144541023259655,-0.41626523320220654,0.24166977823388297,662,0.0,0.0014331130929074046,0.0,0.0,0.0,2,0.0,0.0,0.0,0.0,60,6.659801736
1763394257416198995,0.02091395682394477,-0.01178714425361545,-0.3916142695169995,0.266695807235005,663,0.0,0.00015105261421041478,0.0,0.0,0.0,2,0.0,0.0,0.0,0.0,60,6.66986001
1763394257426127576,0.016524118744398734,-0.009222161257925406,-0.4389838079546036,0.2564982995690043,664,0.0,0.0005542247778520673,0.0,0.0,0.0,2,0.0,0.0,0.0,0.0,60,6.679788591
1763394257436264384,0.01266590532778723,-0.006827869972971365,-0.3858213416611505,0.2394291284954041,665,0.0,-3.5309584802771174e-05,0.0,0.0,0.0,2,0.0,0.0,0.0,0.0,60,6.689925399
1763394257446164434,0.008411241728101461,-0.0048079311218807794,-0.42546635996857685,0.20199388510905858,666,0.0,0.0009966920403237907,0.0,0.0,0.0,2,0.0,0.0,0.0,0.0,60,6.699825449
1763394257456209561,0.005063258142390798,-0.0022397631877950613,-0.33479835857106627,0.25681679340857183,667,0.0,-0.001742914047087818,0.0,0.0,0.0,2,0.0,0.0,0.0,0.0,60,6.709870576
1763394257466205537,0.0008902222370237266,-0.0010386412547521168,-0.4173035905367071,0.12011219330429444,668,0.0,0.002240970823322292,0.0,0.0,0.0,2,0.0,0.0,0.0,0.0,60,6.719866552
1763394257476126282,-0.001954067187112383,0.00020835809418432924,-0.284428942413611,0.1246999348936446,669,0.0,0.0003802404814064104,0.0,0.0,0.0,2,0.0,0.0,0.0,0.0,60,6.729787297
1763394257486214724,-0.004864572850089413,0.0021799336223773218,-0.291050566297703,0.19715755281929925,670,0.0,-0.001540756019111542,0.0,0.0,0.0,2,0.0,0.0,0.0,0.0,60,6.739875739
1763394257496243800,-0.007825694942071222,0.0022541795543584153,-0.29611220919818093,0.0074245931981093555,671,0.0,0.0029470320406878624,0.0,0.0,0.0,2,0.0,0.0,0.0,0.0,60,6.749904815
1763394257506168491,-0.01022626400826059,0.003819869735533856,-0.2400569066189368,0.15656901811754406,672,0.0,-0.00144631766214472,0.0,0.0,0.0,2,0.0,0.0,0.0,0.0,60,6.759829506
1763394257516211739,-0.010492892424069776,0.004918688808785779,-0.026662841580918535,0.10988190732519228,673,0.0,-0.0030210758311857828,0.0,0.0,0.0,2,0.0,0.0,0.0,0.0,60,6.769872754
1763394257526263515,-0.01641196800853531,0.005726736867884986,-0.5919075584465534,0.08080480590992069,674,0.0,0.004161709458458473,0.0,0.0,0.0,2,0.0,0.0,0.0,0.0,60,6.77992453
1763394257536104607,-0.020389066421502546,0.007796876559778464,-0.3977098412967235,0.20701396918934786,675,0.0,-0.0013954678326995214,0.0,0.0,0.0,2,0.0,0.0,0.0,0.0,60,6.789765622
1763394257546083627,-0.023686171871746587,0.009074377709627202,-0.32971054502440417,0.1277501149848738,676,0.0,-0.0005343841388065268,0.0,0.0,0.0,2,0.0,0.0,0.0,0.0,60,6.799744642
1763394257556134057,-0.022552504530560215,0.011050341888709233,0.11336673411863722,0.19759641790820306,677,0.0,-0.007663997149884097,0.0,0.0,0.0,2,0.0,0.0,0.0,0.0,60,6.809795072
1763394257566249174,-0.02993899663608182,0.012146026181993334,-0.7386492105521607,0.10956842932841014,678,0.0,0.004221687041177469,0.0,0.0,0.0,2,0.0,0.0,0.0,0.0,60,6.819910189
1763394257576081292,-0.03337244778582768,0.013519821344481861,-0.34334511497458586,0.13737951624885267,679,0.0,-0.0012858262766372204,0.0,0.0,0.0,2,0.0,0.0,0.0,0.0,60,6.829742307
1763394257586371941,-0.03706134444184704,0.016060186507307443,-0.3688896656019361,0.2540365162825582,680,0.0,-0.004107187820973447,0.0,0.0,0.0,2,0.0,0.0,0.0,0.0,60,6.840032956
1763394257596334526,-0.03934161314386307,0.01645003143423194,-0.22802687020160306,0.03898449269244958,681,0.0,-0.0007841694729105753,0.0,0.0,0.0,2,0.0,0.0,0.0,0.0,60,6.849995541
1763394257606177152,-0.0416856308153595,0.018004626390340152,-0.23440176714964317,0.15545949561082129,682,0.0,-0.0036766679185560027,0.0,0.0,0.0,2,0.0,0.0,0.0,0.0,60,6.859838167
1763394257616100365,-0.045891887842816226,0.01887170711722111,-0.42062570274567224,0.08670807268809574,683,0.0,-1.8527515061477796e-05,0.0,0.0,0.0,2,0.0,0.0,0.0,0.0,60,6.86976138
1763394257626089835,-0.04726146191402297,0.02025545838470407,-0.13695740712067472,0.1383751267482962,684,0.0,-0.004769711253072241,0.0,0.0,0.0,2,0.0,0.0,0.0,0.0,60,6.87975085
1763394257636100103,-0.04621051530383473,0.02138357563687679,0.10509466101882442,0.11281172521727181,685,0.0,-0.007176692062943253,0.0,0.0,0.0,2,0.0,0.0,0.0,0.0,60,6.889761118
1763394257646130780,-0.04780837073417303,0.0221615697510388,-0.1597855430338302,0.07779941141620103,686,0.0,-0.0033649706625721136,0.0,0.0,0.0,2,0.0,0.0,0.0,0.0,60,6.899791795
1763394257656142899,-0.05206313521750542,0.02338723828553077,-0.4254764483332389,0.12256685344919707,687,0.0,-0.0014880642987555922,0.0,0.0,0.0,2,0.0,0.0,0.0,0.0,60,6.909803914
1763394257666189167,-0.05314193181449759,0.0235351119893814,-0.10787965969921709,0.014787370385063031,688,0.0,-0.002716082984954766,0.0,0.0,0.0,2,0.0,0.0,0.0,0.0,60,6.919850182
1763394257676217849,-0.053048511368395265,0.023453314376380846,0.009342044610232553,-0.00817976130005546,689,0.0,-0.003541882929355497,0.0,0.0,0.0,2,0.0,0.0,0.0,0.0,60,6.929878864
1763394257686126939,-0.05339998388086071,0.022639658471395444,-0.03514725124654436,-0.08136559049854025,690,0.0,-0.0011843977103185856,0.0,0.0,0.0,2,0.0,0.0,0.0,0.0,60,6.939787954
1763394257695867203,-0.050284381174770534,0.021890738471742062,0.3115602706090174,-0.07489199996533816,691,0.0,-0.005287850292112489,0.0,0.0,0.0,2,0.0,0.0,0.0,0.0,60,6.949528218
1763394257705959943,-0.04837092510849779,0.021308643129196433,0.1913456066272745,-0.05820953425456285,692,0.0,-0.0041754986057287715,0.0,0.0,0.0,2,0.0,0.0,0.0,0.0,60,6.959620958
1763394257716061579,-0.046633500983891435,0.020081804560922643,0.17374241246063543,-0.122683856827379,693,0.0,-0.0022707443355499644,0.0,0.0,0.0,2,0.0,0.0,0.0,0.0,60,6.969722594
1763394257725892543,-0.04881415315253662,0.019062850123047308,-0.21806521686451863,-0.10189544378753357,694,0.0,0.00198738349444775,0.0,0.0,0.0,2,0.0,0.0,0.0,0.0,60,6.979553558
1763394257735978245,-0.048808139191348555,0.018151599181626857,0.0006013961188065797,-0.09112509414204509,695,0.0,-0.0006982808503504284,0.0,0.0,0.0,2,0.0,0.0,0.0,0.0,60,6.98963926
1763394257745920637,-0.042441592865766375,0.01653021604839018,0.636654632558218,-0.16213831332366757,696,0.0,-0.006244549748817968,0.0,0.0,0.0,2,0.0,0.0,0.0,0.0,60,6.999581652
1763394257755990990,-0.03783239710856823,0.014608948162989726,0.4609195757198148,-0.1921267885400455,697,0.0,-0.003180107991136872,0.0,0.0,0.0,2,0.0,0.0,0.0,0.0,60,7.009652005
1763394257766043441,-0.0390687667508213,0.012682047142796148,-0.12363696422530712,-0.19269010201935777,698,0.0,0.003979176456144577,0.0,0.0,0.0,2,0.0,0.0,0.0,0.0,60,7.019704456
1763394257775917067,-0.035327015552420515,0.010561476962667234,0.37417511984007834,-0.2120570180128914,699,0.0,-0.00108832715539396,0.0,0.0,0.0,2,0.0,0.0,0.0,0.0,60,7.029578082
1763394257785812999,-0.0325118067075354,0.008787376676845583,0.28152088448851126,-0.17741002858216517,700,0.0,-0.0005418781686609177,0.0,0.0,0.0,2,0.0,0.0,0.0,0.0,60,7.039474014
1763394257796069927,-0.028760694999091556,0.006123476771139249,0.37511117084438467,-0.26638999057063334,701,0.0,0.0008499817400283525,0.0,0.0,0.0,2,0.0,0.0,0.0,0.0,60,7.049730942
1763394257806069687,-0.02499390084613503,0.0036644500553898764,0.37667941529565263,-0.24590267157493725,702,0.0,0.0007259510410606001,0.0,0.0,0.0,2,0.0,0.0,0.0,0.0,60,7.059730702
1763394257815906113,-0.022010887986022614,0.0019824590451017476,0.29830128601124156,-0.16819910102881286,703,0.0,8.221793737459102e-05,0.0,0.0,0.0,2,0.0,0.0,0.0,0.0,60,7.069567128
1763394257825925371,-0.01891632516605708,0.00010064114339929965,0.3094562819965535,-0.1881817901702448,704,0.0,0.0007070421426904343,0.0,0.0,0.0,2,0.0,0.0,0.0,0.0,60,7.079586386
1763394257835900455,-0.013270030947108515,-0.0007853792542447426,0.5646294218948563,-0.08860203976440421,705,0.0,-0.004476502715973838,0.0,0.0,0.0,2,0.0,0.0,0.0,0.0,60,7.08956147
1763394257845851350,-0.014442573344754588,-0.001745809628740068,-0.11725423976460726,-0.09604303744953253,706,0.0,0.0038442675499381217,0.0,0.0,0.0,2,0.0,0.0,0.0,0.0,60,7.099512365
1763394257855854093,-0.013216252000206626,-0.0019657710048055204,0.1226321344547962,-0.02199613760654525,707,0.0,-0.000672656327198304,0.0,0.0,0.0,2,0.0,0.0,0.0,0.0,60,7.109515108
1763394257865912149,-0.011813114607903883,-0.001780212457244969,0.1403137392302743,0.018555854756055132,708,0.0,-0.0018543005171347085,0.0,0.0,0.0,2,0.0,0.0,0.0,0.0,60,7.119573164
1763394257876245534,-0.009752837819168364,-0.0020517114808840872,0.20602767887355194,-0.027149902363911814,709,0.0,-0.0015083052568562296,0.0,0.0,0.0,2,0.0,0.0,0.0,0.0,60,7.129906549
1763394257886212058,-0.008115641200123615,-0.0023899165635043913,0.16371966190447482,-0.03382050826203041,710,0.0,-0.0008002513626706032,0.0,0.0,0.0,2,0.0,0.0,0.0,0.0,60,7.139873073
1763394257896182146,-0.006309699675981599,-0.0021289086846006285,0.18059415241420163,0.026100787890376287,711,0.0,-0.0024364762449337308,0.0,0.0,0.0,2,0.0,0.0,0.0,0.0,60,7.149843161
1763394257906176761,-0.004437306096616462,-0.00263801563800054,0.18723935793651375,-0.05091069533999116,712,0.0,-0.0006283003179986021,0.0,0.0,0.0,2,0.0,0.0,0.0,0.0,60,7.159837776
1763394257916121230,-0.0023205221745016824,-0.003030625836467727,0.2116783922114779,-0.039261019846718696,713,0.0,-0.001124135286798163,0.0,0.0,0.0,2,0.0,0.0,0.0,0.0,60,7.169782245
1763394257926149702,0.00035356463313128417,-0.0037592662980388183,0.26740868076329666,-0.07286404615710912,714,0.0,-0.0008752274784538893,0.0,0.0,0.0,2,0.0,0.0,0.0,0.0,60,7.179810717
1763394257936117511,0.004092261434206823,-0.0059771227448731055,0.3738696801075539,-0.22178564468342873,715,0.0,0.0017047426187217114,0.0,0.0,0.0,2,0.0,0.0,0.0,0.0,60,7.189778526
1763394257946259021,0.0077527429329912224,-0.007310162170532246,0.3660481498784399,-0.13330394256591402,716,0.0,-6.986295166114265e-05,0.0,0.0,0.0,2,0.0,0.0,0.0,0.0,60,7.199920036
1763394257956211829,0.01242042642056694,-0.00961035403547068,0.46676834875757184,-0.23001918649384342,717,0.0,0.001368523856061665,0.0,0.0,0.0,2,0.0,0.0,0.0,0.0,60,7.209872844
1763394257966259932,0.016944437146427856,-0.011929281470503428,0.45240107258609147,-0.23189274350327477,718,0.0,0.0019373638317823289,0.0,0.0,0.0,2,0.0,0.0,0.0,0.0,60,7.219920947
1763394257976183293,0.02163169390867606,-0.014840042414227641,0.46872567622482025,-0.2910760943724213,719,0.0,0.0035773137344221693,0.0,0.0,0.0,2,0.0,0.0,0.0,0.0,60,7.229844308
1763394257986068690,0.026130673057342194,-0.017199113622555655,0.4498979148666135,-0.23590712083280135,720,0.0,0.0028671136919465414,0.0,0.0,0.0,2,0.0,0.0,0.0,0.0,60,7.239729705
1763394257996171379,0.030797202970374568,-0.019834832430529047,0.46665299130323745,-0.2635718807973392,721,0.0,0.003722367310791358,0.0,0.0,0.0,2,0.0,0.0,0.0,0.0,60,7.249832394
1763394258006163414,0.03526952143686528,-0.02254527959041149,0.447231846649071,-0.2710447159882442,722,0.0,0.004539566073046701,0.0,0.0,0.0,2,0.0,0.0,0.0,0.0,60,7.259824429
1763394258016200659,0.03944574697992507,-0.024711004126192853,0.417622554305979,-0.21657245357813645,723,0.0,0.0039427747839230224,0.0,0.0,0.0,2,0.0,0.0,0.0,0.0,60,7.269861674
1763394258026162541,0.04402434396630327,-0.027132099680010617,0.45785969863781983,-0.2421095553817764,724,0.0,0.004440390527054285,0.0,0.0,0.0,2,0.0,0.0,0.0,0.0,60,7.279823556
1763394258036151889,0.047312089643085885,-0.029469041441424117,0.32877456767826174,-0.23369417614135002,725,0.0,0.006114248074136329,0.0,0.0,0.0,2,0.0,0.0,0.0,0.0,60,7.289812904
1763394258046212890,0.05039537754437175,-0.03118384684071461,0.3083287901285862,-0.17148053992904927,726,0.0,0.005158468947260951,0.0,0.0,0.0,2,0.0,0.0,0.0,0.0,60,7.299873905
1763394258056129365,0.0496040837717857,-0.03268435506244771,-0.07912937725860492,-0.15005082217331017,727,0.0,0.00942577472559655,0.0,0.0,0.0,2,0.0,0.0,0.0,0.0,60,7.30979038
1763394258066048654,0.05548240023760623,-0.03399589355922976,0.5878316465820529,-0.1311538496782047,728,0.0,0.0013614644449510293,0.0,0.0,0.0,2,0.0,0.0,0.0,0.0,60,7.319709669
1763394258076267028,0.05674651140604782,-0.035020080874106053,0.12641111684415923,-0.10241873148762945,729,0.0,0.00626169932628629,0.0,0.0,0.0,2,0.0,0.0,0.0,0.0,60,7.329928043
1763394258086155535,0.0586030369834572,-0.035639774693220466,0.1856525577409382,-0.061969381911441274,730,0.0,0.004714803198947967,0.0,0.0,0.0,2,0.0,0.0,0.0,0.0,60,7.33981655
1763394258096175687,0.05895535057054142,-0.03582288744287041,0.035231358708422145,-0.018311274964994545,731,0.0,0.005485894429652465,0.0,0.0,0.0,2,0.0,0.0,0.0,0.0,60,7.349836702
1763394258106190272,0.05817196695386467,-0.035028283726513176,-0.078338361667675,0.07946037163572353,732,0.0,0.004407688050892398,0.0,0.0,0.0,2,0.0,0.0,0.0,0.0,60,7.359851287
1763394258116179100,0.05729655260447286,-0.03411741237566159,-0.0875414349391812,0.09108713508515845,733,0.0,0.004105929966699838,0.0,0.0,0.0,2,0.0,0.0,0.0,0.0,60,7.369840115
1763394258126125821,0.055997552148074115,-0.03294538645154421,-0.12990004563987467,0.117202592411738,734,0.0,0.0038140075127394324,0.0,0.0,0.0,2,0.0,0.0,0.0,0.0,60,7.379786836
1763394258136307848,0.05227176843661929,-0.032183027538905506,-0.3725783711454822,0.07623589126387054,735,0.0,0.007500647344997704,0.0,0.0,0.0,2,0.0,0.0,0.0,0.0,60,7.389968863
1763394258146168311,0.05335796682230751,-0.0304170129682598,0.1086198385688214,0.17660145706457075,736,0.0,-0.0007612195300047662,0.0,0.0,0.0,2,0.0,0.0,0.0,0.0,60,7.399829326
1763394258156146240,0.050877406667929365,-0.029553543678733016,-0.2480560154378142,0.08634692895267831,737,0.0,0.005408356028384366,0.0,0.0,0.0,2,0.0,0.0,0.0,0.0,60,7.409807255
1763394258166142223,0.04879627776770819,-0.028154189487094937,-0.2081128900221177,0.1399354191638079,738,0.0,0.0034699345417555294,0.0,0.0,0.0,2,0.0,0.0,0.0,0.0,60,7.419803238
1763394258176060776,0.045883668042227224,-0.026385407216168368,-0.29126097254809635,0.17687822709265694,739,0.0,0.0033102094731308623,0.0,0.0,0.0,2,0.0,0.0,0.0,0.0,60,7.429721791
1763394258186196298,0.04310480477636837,-0.024521080673515935,-0.2778863265858855,0.18643265426524327,740,0.0,0.0026453103535321763,0.0,0.0,0.0,2,0.0,0.0,0.0,0.0,60,7.439857313
1763394258196172454,0.03980756335923345,-0.023039174621669573,-0.3297241417134916,0.1481906051846362,741,0.0,0.003921785729534035,0.0,0.0,0.0,2,0.0,0.0,0.0,0.0,60,7.449833469
1763394258206202090,0.037059359053076404,-0.021075425543442678,-0.2748204306157048,0.19637490782268943,742,0.0,0.0018489505873008263,0.0,0.0,0.0,2,0.0,0.0,0.0,0.0,60,7.459863105
1763394258216323117,0.033760383810364086,-0.019522735280802353,-0.3298975242712318,0.1552690262640325,743,0.0,0.00322013361722826,0.0,0.0,0.0,2,0.0,0.0,0.0,0.0,60,7.469984132
1763394258226165200,0.030622816619283795,-0.018197876094115,-0.3137567191080291,0.1324859186687354,744,0.0,0.0033595740405852246,0.0,0.0,0.0,2,0.0,0.0,0.0,0.0,60,7.479826215
1763394258236182197,0.02741091797657462,-0.016370354460595128,-0.3211898642709175,0.18275216335198705,745,0.0,0.0019887688916528463,0.0,0.0,0.0,2,0.0,0.0,0.0,0.0,60,7.489843212
1763394258246138141,0.023534151959794636,-0.014852547041128424,-0.3876766016779984,0.15178074194667038,746,0.0,0.0032598126501027663,0.0,0.0,0.0,2,0.0,0.0,0.0,0.0,60,7.499799156
1763394258256143654,0.019970162757425462,-0.013050203410760573,-0.3563989202369173,0.18023436303678514,747,0.0,0.0019484587234487967,0.0,0.0,0.0,2,0.0,0.0,0.0,0.0,60,7.509804669
1763394258266144361,0.01568202098836629,-0.010719488955961066,-0.4288141769059173,0.23307144547995065,748,0.0,0.001202936814745893,0.0,0.0,0.0,2,0.0,0.0,0.0,0.0,60,7.519805376
1763394258276202048,0.011218520771258428,-0.008595491466969038,-0.44635002171078614,0.21239974889920282,749,0.0,0.0015662981590043807,0.0,0.0,0.0,2,0.0,0.0,0.0,0.0,60,7.529863063
1763394258286291514,0.006033038110154071,-0.005970794083989933,-0.5185482661104357,0.26246973829791054,750,0.0,0.000836989848780164,0.0,0.0,0.0,2,0.0,0.0,0.0,0.0,60,7.539952529
1763394258296149217,0.0007225603304286052,-0.0031325895787436796,-0.5310477779725465,0.28382045052462535,751,0.0,4.795068895803445e-05,0.0,0.0,0.0,2,0.0,0.0,0.0,0.0,60,7.549810232
1763394258306249692,-0.004333532973890428,-0.0003063466683113133,-0.5056093304319033,0.2826242910432366,752,0.0,-0.0006555187259208702,0.0,0.0,0.0,2,0.0,0.0,0.0,0.0,60,7.559910707
1763394258316129381,-0.009909879879328499,0.003175970324944863,-0.5576346905438071,0.3482316993256176,753,0.0,-0.0021139453189561366,0.0,0.0,0.0,2,0.0,0.0,0.0,0.0,60,7.569790396
1763394258326151619,-0.011908729898126285,0.006641805869141676,-0.19988500187977862,0.3465835544196813,754,0.0,-0.006794929273423329,0.0,0.0,0.0,2,0.0,0.0,0.0,0.0,60,7.579812634
1763394258336194611,-0.021174108168720646,0.009879338497402558,-0.926537827059436,0.3237532628260882,755,0.0,0.0017678388903728005,0.0,0.0,0.0,2,0.0,0.0,0.0,0.0,60,7.589855626
1763394258346064497,-0.026799520739614766,0.012949269718706646,-0.5625412570894119,0.30699312213040875,756,0.0,-0.0025843471067680127,0.0,0.0,0.0,2,0.0,0.0,0.0,0.0,60,7.599725512
1763394258356114738,-0.03267260064735124,0.01580421608152858,-0.5873079907736473,0.2854946362821933,757,0.0,-0.0022289137206608174,0.0,0.0,0.0,2,0.0,0.0,0.0,0.0,60,7.609775753
1763394258366184556,-0.03551316532733962,0.01784535567110273,-0.28405646799883816,0.20411395895741508,758,0.0,-0.004192482717210398,0.0,0.0,0.0,2,0.0,0.0,0.0,0.0,60,7.619845571
1763394258376129508,-0.04055646535487764,0.019036181278603376,-0.5043300027538021,0.11908256075006465,759,0.0,0.00019685169888270264,0.0,0.0,0.0,2,0.0,0.0,0.0,0.0,60,7.629790523
1763394258386170230,-0.04017835812095151,0.021385931011195382,0.0378107233926131,0.2349749732592006,760,0.0,-0.009233101449280932,0.0,0.0,0.0,2,0.0,0.0,0.0,0.0,60,7.639831245
1763394258396274010,-0.04660683562206872,0.02269982881376538,-0.6428477501117212,0.1313897802569998,761,0.0,0.0009754995546696304,0.0,0.0,0.0,2,0.0,0.0,0.0,0.0,60,7.649935025
1763394258406164763,-0.04688721041196355,0.024452039026422803,-0.028037478989483,0.17522102126574235,762,0.0,-0.007532058186312011,0.0,0.0,0.0,2,0.0,0.0,0.0,0.0,60,7.659825778
1763394258416326887,-0.05332959942562345,0.026204906366171038,-0.6442389013659899,0.17528673397482347,763,0.0,-0.0005753182115466647,0.0,0.0,0.0,2,0.0,0.0,0.0,0.0,60,7.669987902
1763394258426173381,-0.05632493273951874,0.027364918112566194,-0.29953333138952876,0.11600117463951565,764,0.0,-0.0034138616627659994,0.0,0.0,0.0,2,0.0,0.0,0.0,0.0,60,7.679834396
1763394258436224258,-0.05343442227170406,0.027819970763105044,0.28905104678146815,0.04550526505388494,765,0.0,-0.008732059689374906,0.0,0.0,0.0,2,0.0,0.0,0.0,0.0,60,7.689885273
1763394258446157103,-0.055459554538202886,0.02789111503871488,-0.2025132266498829,0.007114427560983572,766,0.0,-0.0020757866592430764,0.0,0.0,0.0,2,0.0,0.0,0.0,0.0,60,7.699818118
1763394258456136273,-0.05519077622260696,0.028011935355609724,0.026877831559592863,0.012082031689484435,767,0.0,-0.004903193528765411,0.0,0.0,0.0,2,0.0,0.0,0.0,0.0,60,7.709797288
1763394258466097949,-0.058792957350928286,0.02823212943730813,-0.36021811283213284,0.022019408169840493,768,0.0,-0.0006334184624015432,0.0,0.0,0.0,2,0.0,0.0,0.0,0.0,60,7.719758964
1763394258476183871,-0.05563403930985484,0.02791601696926497,0.3158918041073447,-0.03161124680431601,769,0.0,-0.007260043984962638,0.0,0.0,0.0,2,0.0,0.0,0.0,0.0,60,7.729844886
1763394258486129917,-0.05558817321439326,0.02613919362219686,0.004586609546158166,-0.17768233470681072,770,0.0,8.3100444367659e-05,0.0,0.0,0.0,2,0.0,0.0,0.0,0.0,60,7.739790932
1763394258496212071,-0.053912155104953965,0.024517598618004628,0.16760181094392923,-0.16215950041922333,771,0.0,-0.0019504860559835845,0.0,0.0,0.0,2,0.0,0.0,0.0,0.0,60,7.749873086
1763394258506089183,-0.05370147471645663,0.02330019858285149,0.021068038849733628,-0.12174000351531378,772,0.0,-0.0009966019587732055,0.0,0.0,0.0,2,0.0,0.0,0.0,0.0,60,7.759750198
1763394258516313136,-0.051097506198497386,0.02123014724345497,0.2603968517959243,-0.20700513393965211,773,0.0,-0.0014945070601532955,0.0,0.0,0.0,2,0.0,0.0,0.0,0.0,60,7.769974151
1763394258526167660,-0.046613054696079875,0.019623530852246968,0.4484451502417511,-0.16066163912080017,774,0.0,-0.004538577926657352,0.0,0.0,0.0,2,0.0,0.0,0.0,0.0,60,7.779828675
1763394258536193675,-0.044963953589229055,0.018274301477643702,0.164910110685082,-0.13492293746032655,775,0.0,-0.001607914407010773,0.0,0.0,0.0,2,0.0,0.0,0.0,0.0,60,7.78985469
1763394258546129899,-0.04089382217953649,0.016369148724827795,0.4070131409692562,-0.1905152752815907,776,0.0,-0.002854109299783896,0.0,0.0,0.0,2,0.0,0.0,0.0,0.0,60,7.799790914
1763394258556097916,-0.040729293234759614,0.016045193908316775,0.016452894477687885,-0.03239548165110198,777,0.0,-0.0019260496638162958,0.0,0.0,0.0,2,0.0,0.0,0.0,0.0,60,7.809758931
1763394258566023966,-0.03973965631524073,0.014968997988684372,0.09896369195188867,-0.10761959196324035,778,0.0,-0.0009694519401261619,0.0,0.0,0.0,2,0.0,0.0,0.0,0.0,60,7.819684981
1763394258576268595,-0.03605808977220215,0.013857380897946275,0.36815665430385763,-0.11116170907380964,779,0.0,-0.0038725063007740146,0.0,0.0,0.0,2,0.0,0.0,0.0,0.0,60,7.82992961
1763394258586189209,-0.03329366544871231,0.012688827852227903,0.276442432348984,-0.11685530457183728,780,0.0,-0.002481056049293386,0.0,0.0,0.0,2,0.0,0.0,0.0,0.0,60,7.839850224
1763394258596119473,-0.0300940383556757,0.011433953502322618,0.31996270930366094,-0.12548743499052847,781,0.0,-0.0025948098868246523,0.0,0.0,0.0,2,0.0,0.0,0.0,0.0,60,7.849780488
1763394258606194073,-0.027046172236009372,0.009691853717039348,0.30478661196663287,-0.17420997852832693,782,0.0,-0.001007794514879136,0.0,0.0,0.0,2,0.0,0.0,0.0,0.0,60,7.859855088
1763394258616212240,-0.02386304672572129,0.008695277024809208,0.3183125510288081,-0.09965766922301403,783,0.0,-0.002757695407405103,0.0,0.0,0.0,2,0.0,0.0,0.0,0.0,60,7.869873255
1763394258626192059,-0.01975847352842631,0.007006836151648054,0.4104573197294983,-0.1688440873161154,784,0.0,-0.001956091456545939,0.0,0.0,0.0,2,0.0,0.0,0.0,0.0,60,7.879853074
1763394258636097389,-0.01581267242630812,0.005225284277358581,0.39458011021181877,-0.17815518742894734,785,0.0,-0.0012763164281808098,0.0,0.0,0.0,2,0.0,0.0,0.0,0.0,60,7.889758404
1763394258646214203,-0.011250949239743489,0.002761174843290061,0.4561723186564632,-0.24641094340685196,786,0.0,-2.1694286433779526e-05,0.0,0.0,0.0,2,0.0,0.0,0.0,0.0,60,7.899875218
1763394258656211384,-0.006005205174971216,0.00015433023392686686,0.5245744064772273,-0.2606844609363194,787,0.0,-8.946767922845579e-05,0.0,0.0,0.0,2,0.0,0.0,0.0,0.0,60,7.909872399
1763394258666208806,-0.0002555023063505468,-0.002896600277723144,0.5749702868620669,-0.3050930511650011,788,0.0,0.000827839355145567,0.0,0.0,0.0,2,0.0,0.0,0.0,0.0,60,7.919869821
1763394258676121190,0.0059260130280337844,-0.00629531965788669,0.6181515334384331,-0.3398719380163546,789,0.0,0.0016568127949004195,0.0,0.0,0.0,2,0.0,0.0,0.0,0.0,60,7.929782205
1763394258686298956,0.01194414759106439,-0.009690675880956633,0.6018134563030606,-0.3395356223069943,790,0.0,0.0023605506342753374,0.0,0.0,0.0,2,0.0,0.0,0.0,0.0,60,7.939959971
1763394258696187019,0.018180125547762827,-0.013314010917578306,0.6235977956698436,-0.36233350366216727,791,0.0,0.003193295425593627,0.0,0.0,0.0,2,0.0,0.0,0.0,0.0,60,7.949848034
1763394258706220107,0.024794027537251233,-0.017316325107625097,0.6613901989488407,-0.40023141900467907,792,0.0,0.004249197510212839,0.0,0.0,0.0,2,0.0,0.0,0.0,0.0,60,7.959881122
1763394258716119468,0.03139392125616872,-0.02109162685986509,0.659989371891749,-0.3775301752239994,793,0.0,0.004311095022825103,0.0,0.0,0.0,2,0.0,0.0,0.0,0.0,60,7.969780483
1763394258726258498,0.03778867264078849,-0.025073725322787524,0.6394751384619763,-0.39820984629224326,794,0.0,0.00564443412016993,0.0,0.0,0.0,2,0.0,0.0,0.0,0.0,60,7.979919513
1763394258736148896,0.043678278654325824,-0.0285563661876024,0.5889606013537336,-0.34826408648148743,795,0.0,0.005599028842313655,0.0,0.0,0.0,2,0.0,0.0,0.0,0.0,60,7.989809911
1763394258746232992,0.04886274210238113,-0.03152589256560951,0.5184463448055309,-0.2969526378007112,796,0.0,0.0056785293927399585,0.0,0.0,0.0,2,0.0,0.0,0.0,0.0,60,7.999894007
1763394258756163070,0.054088799802591486,-0.03424343945073391,0.5226057700210354,-0.27175468851243983,797,0.0,0.005456151619336947,0.0,0.0,0.0,2,0.0,0.0,0.0,0.0,60,8.009824085
1763394258766247544,0.05773525734909739,-0.03666053093693605,0.3646457546505902,-0.24170914862021442,798,0.0,0.006974920276813573,0.0,0.0,0.0,2,0.0,0.0,0.0,0.0,60,8.019908559
1763394258776163341,0.05833874486129853,-0.039034611582751344,0.06034875122011424,-0.23740806458152908,799,0.0,0.010800446700114772,0.0,0.0,0.0,2,0.0,0.0,0.0,0.0,60,8.029824356
1763394258786252205,0.06491526490399815,-0.04097292024179361,0.6576520042699624,-0.1938308659042265,800,0.0,0.0030703053288592312,0.0,0.0,0.0,2,0.0,0.0,0.0,0.0,60,8.03991322
1763394258796186258,0.06272347781140032,-0.04200163848543317,-0.21917870925978328,-0.10287182436395578,801,0.0,0.011380698509141472,0.0,0.0,0.0,2,0.0,0.0,0.0,0.0,60,8.049847273
1763394258806197755,0.06735205620355729,-0.04295208947563563,0.4628578392156968,-0.09504509902024602,802,0.0,0.0033418071478032696,0.0,0.0,0.0,2,0.0,0.0,0.0,0.0,60,8.05985877
1763394258816041838,0.06987177266307232,-0.04299057649440774,0.25197164595150284,-0.003848701877211258,803,0.0,0.0036934907176221876,0.0,0.0,0.0,2,0.0,0.0,0.0,0.0,60,8.069702853
1763394258826080973,0.07113368771882737,-0.042428602675251476,0.12619150557550557,0.0561973819156264,804,0.0,0.0036835145547147214,0.0,0.0,0.0,2,0.0,0.0,0.0,0.0,60,8.079741988
1763394258836258982,0.06831837713801743,-0.041108610031970236,-0.2815310580809943,0.13199926432812398,805,0.0,0.006491106160906769,0.0,0.0,0.0,2,0.0,0.0,0.0,0.0,60,8.089919997
1763394258846257106,0.06707626405391416,-0.039840083128735194,-0.1242113084103269,0.12685269032350413,806,0.0,0.004573037885807052,0.0,0.0,0.0,2,0.0,0.0,0.0,0.0,60,8.099918121
1763394258856107679,0.06416778666680292,-0.03832247532193142,-0.29084773871112385,0.15176078068037738,807,0.0,0.005713055302211233,0.0,0.0,0.0,2,0.0,0.0,0.0,0.0,60,8.109768694
1763394258866286038,0.062472097723651296,-0.036661980320346135,-0.1695688943151627,0.16604950015852854,808,0.0,0.003703309767276707,0.0,0.0,0.0,2,0.0,0.0,0.0,0.0,60,8.119947053
1763394258876194204,0.06111190295645395,-0.03605423893828562,-0.13601947671973424,0.06077413820605171,809,0.0,0.005683492898576223,0.0,0.0,0.0,2,0.0,0.0,0.0,0.0,60,8.129855219
1763394258886048633,0.05939867104518215,-0.034986767328821375,-0.17132319112718036,0.10674716094642434,810,0.0,0.004857429329373573,0.0,0.0,0.0,2,0.0,0.0,0.0,0.0,60,8.139709648
1763394258896280584,0.05681796962291048,-0.03383025169075779,-0.2580701422271667,0.11565156380635849,811,0.0,0.005488799887352887,0.0,0.0,0.0,2,0.0,0.0,0.0,0.0,60,8.149941599
1763394258906109397,0.054856327637957406,-0.032518289041244285,-0.19616419849530775,0.13119626495135053,812,0.0,0.004197614644892317,0.0,0.0,0.0,2,0.0,0.0,0.0,0.0,60,8.159770412
1763394258916195454,0.05133652577333267,-0.03106579099035231,-0.3519801864624736,0.14524980508919746,813,0.0,0.005472861640737426,0.0,0.0,0.0,2,0.0,0.0,0.0,0.0,60,8.169856469
1763394258926093044,0.0479784436774615,-0.0290362198619046,-0.33580820958711705,0.20295711284477116,814,0.0,0.003620095956474898,0.0,0.0,0.0,2,0.0,0.0,0.0,0.0,60,8.179754059
1763394258936280664,0.043982901434292246,-0.02710443351999297,-0.39955422431692533,0.19317863419116288,815,0.0,0.004300551152466742,0.0,0.0,0.0,2,0.0,0.0,0.0,0.0,60,8.189941679
1763394258946209326,0.03895072325716592,-0.024514766552866905,-0.5032178177126325,0.2589666967126064,816,0.0,0.003577900555831828,0.0,0.0,0.0,2,0.0,0.0,0.0,0.0,60,8.199870341
1763394258956198367,0.03374853188099947,-0.021766229256765,-0.5202191376166447,0.27485372961019056,817,0.0,0.002983394459625732,0.0,0.0,0.0,2,0.0,0.0,0.0,0.0,60,8.209859382
1763394258966213374,0.028045156454835074,-0.018562499922936862,-0.5703375426164399,0.32037293338281375,818,0.0,0.0020143343752720396,0.0,0.0,0.0,2,0.0,0.0,0.0,0.0,60,8.219874389
1763394258976167408,0.0218299281195792,-0.014708081966668493,-0.6215228335255875,0.3854417956268369,819,0.0,0.0005017680458122755,0.0,0.0,0.0,2,0.0,0.0,0.0,0.0,60,8.229828423
1763394258986009699,0.01496400979025253,-0.010802210861995403,-0.6865918329326669,0.39058711046730893,820,0.0,0.0005475508344954406,0.0,0.0,0.0,2,0.0,0.0,0.0,0.0,60,8.239670714
1763394258996199149,0.007914280826000524,-0.006782210523446998,-0.7049728964252006,0.40200003385484057,821,0.0,-0.00011930196071275809,0.0,0.0,0.0,2,0.0,0.0,0.0,0.0,60,8.249860164
1763394259006160238,0.0005450012997824799,-0.0024661830549003814,-0.7369279526218044,0.43160274685466166,822,0.0,-0.0010978944001589514,0.0,0.0,0.0,2,0.0,0.0,0.0,0.0,60,8.259821253
1763394259016173573,-0.00615974199015162,0.002200833617770931,-0.67047432899341,0.4667016672671312,823,0.0,-0.003410954347819392,0.0,0.0,0.0,2,0.0,0.0,0.0,0.0,60,8.269834588
1763394259026092948,-0.013880540401867644,0.006078155551241041,-0.7720798411716023,0.387732193347011,824,0.0,-0.000962437287691657,0.0,0.0,0.0,2,0.0,0.0,0.0,0.0,60,8.279753963
1763394259036071558,-0.02054928814105996,0.010898054996623427,-0.6668747739192318,0.4819899445382386,825,0.0,-0.005139976731112246,0.0,0.0,0.0,2,0.0,0.0,0.0,0.0,60,8.289732573
1763394259046133655,-0.027551233831760818,0.01501110854460723,-0.7001945690700856,0.41130535479838026,826,0.0,-0.00372034990000012,0.0,0.0,0.0,2,0.0,0.0,0.0,0.0,60,8.29979467
1763394259056212684,-0.03384085163553942,0.01867357408556762,-0.62896178037786,0.3662465540960391,827,0.0,-0.004060585437649743,0.0,0.0,0.0,2,0.0,0.0,0.0,0.0,60,8.309873699
1763394259066166029,-0.0425177058521305,0.0219755349843168,-0.8676854216591083,0.3301960898749179,828,0.0,-0.0009257219851106294,0.0,0.0,0.0,2,0.0,0.0,0.0,0.0,60,8.319827044
1763394259076210442,-0.04393809087273366,0.02528118287172055,-0.14203850206031612,0.3305647887403749,829,0.0,-0.009949032792244551,0.0,0.0,0.0,2,0.0,0.0,0.0,0.0,60,8.329871457
1763394259086244505,-0.04929515012484339,0.0275008419508894,-0.5357059252109726,0.22196590791688509,830,0.0,-0.003123978075683615,0.0,0.0,0.0,2,0.0,0.0,0.0,0.0,60,8.33990552
1763394259096458322,-0.055262606134660754,0.02906585850174103,-0.5967456009817365,0.15650165508516306,831,0.0,-0.0011213924481429795,0.0,0.0,0.0,2,0.0,0.0,0.0,0.0,60,8.350119337
1763394259106119141,-0.05317661308688453,0.031022742251322843,0.20859930477762217,0.19568837495818128,832,0.0,-0.011780932145165571,0.0,0.0,0.0,2,0.0,0.0,0.0,0.0,60,8.359780156
1763394259116078870,-0.059754498597682754,0.032208046896022295,-0.6577885510798221,0.11853046446994517,833,0.0,7.821138015371137e-06,0.0,0.0,0.0,2,0.0,0.0,0.0,0.0,60,8.369739885
1763394259126150244,-0.06344371115675454,0.03287090071872491,-0.3689212559071786,0.06628538227026123,834,0.0,-0.002268562174559679,0.0,0.0,0.0,2,0.0,0.0,0.0,0.0,60,8.379811259
1763394259136054324,-0.06221928434621733,0.03326243498270419,0.12244268105372075,0.03915342639792818,835,0.0,-0.007457158884924138,0.0,0.0,0.0,2,0.0,0.0,0.0,0.0,60,8.389715339
1763394259146104041,-0.06534254277351335,0.03267326536361996,-0.3123258427296022,-0.05891696190842288,836,0.0,2.5644202018120996e-05,0.0,0.0,0.0,2,0.0,0.0,0.0,0.0,60,8.399765056
1763394259156133935,-0.05988043533182382,0.03146521218977877,0.5462107441689533,-0.1208053173841192,837,0.0,-0.008411073499566105,0.0,0.0,0.0,2,0.0,0.0,0.0,0.0,60,8.40979495
1763394259166261228,-0.05948737927045716,0.030630192641784564,0.03930560613666645,-0.08350195479942049,838,0.0,-0.0032080897917485837,0.0,0.0,0.0,2,0.0,0.0,0.0,0.0,60,8.419922243
1763394259176240898,-0.06035527653247055,0.029657105855796347,-0.08678972620133965,-0.0973086785988217,839,0.0,-0.001262263320604555,0.0,0.0,0.0,2,0.0,0.0,0.0,0.0,60,8.429901913
1763394259186236676,-0.05907943878118147,0.028928815579870863,0.12758377512890814,-0.07282902759254833,840,0.0,-0.004242227422577069,0.0,0.0,0.0,2,0.0,0.0,0.0,0.0,60,8.439897691
1763394259196077286,-0.057692382813005864,0.02822085525314344,0.13870559681756073,-0.07079603267274234,841,0.0,-0.004311736274749961,0.0,0.0,0.0,2,0.0,0.0,0.0,0.0,60,8.449738301
1763394259206219328,-0.05357396041338017,0.025842861841542317,0.4118422399625697,-0.2377993411601123,842,0.0,-0.0032404390880221906,0.0,0.0,0.0,2,0.0,0.0,0.0,0.0,60,8.459880343
1763394259216260310,-0.05310359320802421,0.02468062816031405,0.04703672053559538,-0.11622336812282669,843,0.0,-0.0016332592797930101,0.0,0.0,0.0,2,0.0,0.0,0.0,0.0,60,8.469921325
1763394259226273295,-0.04727499212642101,0.0222698292714833,0.5828601081603206,-0.24107988888307508,844,0.0,-0.004625040896971089,0.0,0.0,0.0,2,0.0,0.0,0.0,0.0,60,8.47993431
1763394259236126049,-0.046772001252491556,0.02012103657892548,0.05029908739294514,-0.21487926925578202,845,0.0,0.0013341102277308467,0.0,0.0,0.0,2,0.0,0.0,0.0,0.0,60,8.489787064
1763394259246146463,-0.04216807425228841,0.0179781559384364,0.46039270002031435,-0.21428806404890782,846,0.0,-0.0031653212618606395,0.0,0.0,0.0,2,0.0,0.0,0.0,0.0,60,8.499807478
1763394259256255584,-0.03917802754633033,0.015098878923760623,0.299004670595808,-0.28792770146757773,847,0.0,0.0008908743169210257,0.0,0.0,0.0,2,0.0,0.0,0.0,0.0,60,8.509916599
1763394259266246969,-0.033861179746339704,0.012416720697394211,0.5316847799990628,-0.26821582263664123,848,0.0,-0.0018915076505596068,0.0,0.0,0.0,2,0.0,0.0,0.0,0.0,60,8.519907984
1763394259276068342,-0.029152282895935397,0.00917982965411978,0.47088968504043066,-0.32368910432744313,849,0.0,0.0006154138210008485,0.0,0.0,0.0,2,0.0,0.0,0.0,0.0,60,8.529729357
1763394259286075903,-0.0245885751133847,0.0061817124783122394,0.4563707782550698,-0.29981171758075403,850,0.0,0.0006828850453738005,0.0,0.0,0.0,2,0.0,0.0,0.0,0.0,60,8.539736918
1763394259296229274,-0.01983296813374209,0.0036872586578102044,0.4755606979642609,-0.2494453820502035,851,0.0,-0.0003404143881173107,0.0,0.0,0.0,2,0.0,0.0,0.0,0.0,60,8.549890289
1763394259306183768,-0.015667537259470638,0.0012101306467329938,0.41654308742714513,-0.24771280110772106,852,0.0,0.0006905778824097134,0.0,0.0,0.0,2,0.0,0.0,0.0,0.0,60,8.559844783
1763394259316088081,-0.01162970078648954,-0.0015144682751392375,0.40378364729810984,-0.2724598921872231,853,0.0,0.0018353309062675042,0.0,0.0,0.0,2,0.0,0.0,0.0,0.0,60,8.569749096
1763394259326198536,-0.007329585470205176,-0.003937772547602017,0.4300115316284364,-0.2423304272462779,854,0.0,0.0011919465514965075,0.0,0.0,0.0,2,0.0,0.0,0.0,0.0,60,8.579859551
1763394259336075757,-0.003316242066985062,-0.006535137051431793,0.4013343403220113,-0.2597364503829776,855,0.0,0.0023326439123572125,0.0,0.0,0.0,2,0.0,0.0,0.0,0.0,60,8.589736772
1763394259346109759,0.0008174781186011046,-0.008496215374404014,0.41337201855861666,-0.19610783229722217,856,0.0,0.001001724289939697,0.0,0.0,0.0,2,0.0,0.0,0.0,0.0,60,8.599770774
1763394259356234653,0.00527730196279164,-0.01081718447136134,0.4459823844190535,-0.2320969096957325,857,0.0,0.001818783483724466,0.0,0.0,0.0,2,0.0,0.0,0.0,0.0,60,8.609895668
1763394259366184222,0.008096163989236304,-0.012630730515408348,0.2818862026444664,-0.18135460440470083,858,0.0,0.002832727646393424,0.0,0.0,0.0,2,0.0,0.0,0.0,0.0,60,8.619845237
1763394259376167068,0.011423585208406934,-0.01356359970771235,0.332742121917063,-0.0932869192304002,859,0.0,0.00031859344975541807,0.0,0.0,0.0,2,0.0,0.0,0.0,0.0,60,8.629828083
1763394259386221778,0.014254746016089722,-0.015163644978434997,0.28311608076827877,-0.1600045270722647,860,0.0,0.002710402096069277,0.0,0.0,0.0,2,0.0,0.0,0.0,0.0,60,8.639882793
1763394259396223225,0.016968489606301783,-0.016105687852070838,0.2713743590212061,-0.09420428736358413,861,0.0,0.001452970656212142,0.0,0.0,0.0,2,0.0,0.0,0.0,0.0,60,8.64988424
1763394259406105341,0.01927125999350212,-0.01704019283546394,0.2302770387200337,-0.09345049833931023,862,0.0,0.0020628816684543005,0.0,0.0,0.0,2,0.0,0.0,0.0,0.0,60,8.659766356
1763394259416180078,0.021604835705678088,-0.017818628423300155,0.23335757121759684,-0.07784355878362147,863,0.0,0.0017827875679690241,0.0,0.0,0.0,2,0.0,0.0,0.0,0.0,60,8.669841093
1763394259426204160,0.02352545703821634,-0.01813546396453843,0.19206213325382512,-0.03168355412382744,864,0.0,0.0012380819047414992,0.0,0.0,0.0,2,0.0,0.0,0.0,0.0,60,8.679865175
1763394259436200437,0.02557065671033333,-0.01910405322341395,0.20451996721169916,-0.09685892588755206,865,0.0,0.0027689655063083277,0.0,0.0,0.0,2,0.0,0.0,0.0,0.0,60,8.689861452
1763394259446104508,0.027720782057267246,-0.01930783475256323,0.2150125346933915,-0.020378152914928005,866,0.0,0.0008892117831947947,0.0,0.0,0.0,2,0.0,0.0,0.0,0.0,60,8.699765523
1763394259456124808,0.02943721672647536,-0.01963861749809787,0.17164346692081153,-0.03307827455346392,867,0.0,0.0017502154528559583,0.0,0.0,0.0,2,0.0,0.0,0.0,0.0,60,8.709785823
1763394259466056604,0.03148018029729324,-0.020572757516058204,0.2042963570817881,-0.09341400179603346,868,0.0,0.002925377373231973,0.0,0.0,0.0,2,0.0,0.0,0.0,0.0,60,8.719717619
1763394259476187844,0.03331530590621416,-0.021250065971974666,0.18351256089209206,-0.06773084559164623,869,0.0,0.0026728939795842704,0.0,0.0,0.0,2,0.0,0.0,0.0,0.0,60,8.729848859
1763394259486265018,0.035165686769587055,-0.02181925628544599,0.18503808633728927,-0.05691903134713225,870,0.0,0.002491115321436783,0.0,0.0,0.0,2,0.0,0.0,0.0,0.0,60,8.739926033
1763394259496312660,0.037454713669602575,-0.022938138044473193,0.228902690001552,-0.11188817590272043,871,0.0,0.003436839962468327,0.0,0.0,0.0,2,0.0,0.0,0.0,0.0,60,8.749973675
1763394259506160160,0.03902194864236782,-0.023442961623364785,0.1567234972765244,-0.05048235788915924,872,0.0,0.0029241611262843478,0.0,0.0,0.0,2,0.0,0.0,0.0,0.0,60,8.759821175
1763394259516411159,0.04060748953212109,-0.024148053903910345,0.15855408897532675,-0.07050922805455599,873,0.0,0.003481087583882554,0.0,0.0,0.0,2,0.0,0.0,0.0,0.0,60,8.770072174
1763394259526087441,0.042541585846203295,-0.02510527477929363,0.1934096314082208,-0.09572208753832849,874,0.0,0.00381006748617003,0.0,0.0,0.0,2,0.0,0.0,0.0,0.0,60,8.779748456
1763394259536104078,0.0440962102810891,-0.02552955984231916,0.15546244348858054,-0.04242850630255292,875,0.0,0.0030736165270427197,0.0,0.0,0.0,2,0.0,0.0,0.0,0.0,60,8.789765093
1763394259546301753,0.045258240454103954,-0.026103622693928824,0.11620301730148538,-0.05740628516096649,876,0.0,0.0039740978927575,0.0,0.0,0.0,2,0.0,0.0,0.0,0.0,60,8.799962768
1763394259556167017,0.046055197878341725,-0.026463701991245814,0.07969574242377708,-0.03600792973169897,877,0.0,0.0039567557799181086,0.0,0.0,0.0,2,0.0,0.0,0.0,0.0,60,8.809828032
1763394259566135414,0.046680843366229324,-0.0265885368112177,0.06256454878875994,-0.012483481997188628,878,0.0,0.0036267371580875002,0.0,0.0,0.0,2,0.0,0.0,0.0,0.0,60,8.819796429
1763394259576119466,0.046975465727916374,-0.026690074059528848,0.02946223616870497,-0.010153724831114819,879,0.0,0.003976739172269295,0.0,0.0,0.0,2,0.0,0.0,0.0,0.0,60,8.829780481
1763394259586043520,0.046931208085878945,-0.02651074758168575,-0.00442576420374291,0.01793264778430989,880,0.0,0.0036896124214929366,0.0,0.0,0.0,2,0.0,0.0,0.0,0.0,60,8.839704535
1763394259596059091,0.046615776653431425,-0.026084461515280377,-0.03154314324475202,0.04262860664053722,881,0.0,0.0033651435225049067,0.0,0.0,0.0,2,0.0,0.0,0.0,0.0,60,8.849720106
1763394259606339621,0.04598496568851524,-0.025236078061145653,-0.06308109649161842,0.0848383454134724,882,0.0,0.002618659820956455,0.0,0.0,0.0,2,0.0,0.0,0.0,0.0,60,8.860000636
1763394259616114625,0.04517416618548514,-0.02437999389062493,-0.08107995030300977,0.08560841705207226,883,0.0,0.0026830072577953895,0.0,0.0,0.0,2,0.0,0.0,0.0,0.0,60,8.86977564
1763394259626219324,0.044010370793608145,-0.023588609295322818,-0.11637953918769983,0.07913845953021123,884,0.0,0.0031287890166300653,0.0,0.0,0.0,2,0.0,0.0,0.0,0.0,60,8.879880339
1763394259636271811,0.042580704357190115,-0.022529202809749366,-0.14296664364180298,0.10594064855734518,885,0.0,0.0026518215780988205,0.0,0.0,0.0,2,0.0,0.0,0.0,0.0,60,8.889932826
1763394259646131152,0.04091740296115574,-0.022298437187537986,-0.1663301396034378,0.023076562221138047,886,0.0,0.0048298154854590145,0.0,0.0,0.0,2,0.0,0.0,0.0,0.0,60,8.899792167
1763394259656146861,0.03964276563360671,-0.021118409751405,-0.12746373275490247,0.11800274361329875,887,0.0,0.0019697350111543025,0.0,0.0,0.0,2,0.0,0.0,0.0,0.0,60,8.909807876
1763394259666033650,0.03851739002890673,-0.020410140929190412,-0.11253756046999824,0.07082688222145861,888,0.0,0.0027923838443631634,0.0,0.0,0.0,2,0.0,0.0,0.0,0.0,60,8.919694665
1763394259676137373,0.0368184548761073,-0.019392253404904296,-0.16989351527994315,0.10178875242861166,889,0.0,0.0025845825077301485,0.0,0.0,0.0,2,0.0,0.0,0.0,0.0,60,8.929798388
1763394259686134688,0.0347416323734163,-0.018252020464523407,-0.2076822502690999,0.11402329403808892,890,0.0,0.002566826731967954,0.0,0.0,0.0,2,0.0,0.0,0.0,0.0,60,8.939795703
1763394259696338377,0.032896415729001885,-0.017022029161711746,-0.18452166444144144,0.12299913028116609,891,0.0,0.0018971120821488717,0.0,0.0,0.0,2,0.0,0.0,0.0,0.0,60,8.949999392
1763394259706159629,0.030528877077189084,-0.01568141704746465,-0.23675386518128005,0.1340612114247096,892,0.0,0.0020459769125174393,0.0,0.0,0.0,2,0.0,0.0,0.0,0.0,60,8.959820644
1763394259716148194,0.028476175233024273,-0.014935602239184312,-0.20527018441648115,0.07458148082803376,893,0.0,0.002954350451558811,0.0,0.0,0.0,2,0.0,0.0,0.0,0.0,60,8.969809209
1763394259726155671,0.02625608219312224,-0.013444429507395874,-0.22200930399020324,0.14911727317884377,894,0.0,0.0011765151906087323,0.0,0.0,0.0,2,0.0,0.0,0.0,0.0,60,8.979816686
1763394259736222268,0.023886467858003635,-0.012437780822426855,-0.23696143351186055,0.10066486849690195,895,0.0,0.0023321904668490157,0.0,0.0,0.0,2,0.0,0.0,0.0,0.0,60,8.989883283
1763394259746268649,0.021787631078183177,-0.011191042230022439,-0.2098836779820458,0.12467385924044161,896,0.0,0.0012608203304385456,0.0,0.0,0.0,2,0.0,0.0,0.0,0.0,60,8.999929664
1763394259756129779,0.01938531532985567,-0.010323569961271957,-0.24023157483275062,0.08674722687504813,897,0.0,0.0023710181248666733,0.0,0.0,0.0,2,0.0,0.0,0.0,0.0,60,9.009790794
1763394259766120564,0.016871612698449535,-0.009329917798285826,-0.2513702631406135,0.09936521629861308,898,0.0,0.0020516958404881284,0.0,0.0,0.0,2,0.0,0.0,0.0,0.0,60,9.019781579
1763394259776064876,0.014386882073061286,-0.00816635384076024,-0.2484730625388249,0.1163563957525586,899,0.0,0.0014399792954473897,0.0,0.0,0.0,2,0.0,0.0,0.0,0.0,60,9.029725891
1763394259786134572,0.012004596939623184,-0.007255328264820612,-0.2382285133438102,0.09110255759396287,900,0.0,0.0017699987067251594,0.0,0.0,0.0,2,0.0,0.0,0.0,0.0,60,9.039795587
1763394259796290826,0.009151318573387437,-0.006078671204189541,-0.28532783662357475,0.11766570606310707,901,0.0,0.0015179991319629106,0.0,0.0,0.0,2,0.0,0.0,0.0,0.0,60,9.049951841
1763394259806157219,0.006384372612717768,-0.004780439450927468,-0.27669459606696684,0.1298231753262073,902,0.0,0.0009314980214073353,0.0,0.0,0.0,2,0.0,0.0,0.0,0.0,60,9.059818234
1763394259816199284,0.0031776856850133407,-0.0034894807021296492,-0.32066869277044274,0.12909587487978189,903,0.0,0.0012646439947735706,0.0,0.0,0.0,2,0.0,0.0,0.0,0.0,60,9.069860299
1763394259826094151,3.6553204667404485e-05,-0.0018752126012925082,-0.3141132480345936,0.1614268100837141,904,0.0,0.000181772763827573,0.0,0.0,0.0,2,0.0,0.0,0.0,0.0,60,9.079755166
1763394259836161504,-0.003345755740613611,-0.0005053886760255435,-0.3382308945281015,0.13698239252669647,905,0.0,0.0008255704644720527,0.0,0.0,0.0,2,0.0,0.0,0.0,0.0,60,9.089822519
1763394259846131512,-0.0066913789186741415,0.0012725985222714793,-0.33456231780605306,0.17779871982970227,906,0.0,-0.00044713690783142494,0.0,0.0,0.0,2,0.0,0.0,0.0,0.0,60,9.099792527
1763394259856187316,-0.0100543723456538,0.003606685710727725,-0.3362993426979658,0.23340871884562456,907,0.0,-0.0020854604570714587,0.0,0.0,0.0,2,0.0,0.0,0.0,0.0,60,9.109848331
1763394259866128496,-0.014078379109775385,0.005171672215061693,-0.40240067641215854,0.15649865043339678,908,0.0,0.00025061716188572863,0.0,0.0,0.0,2,0.0,0.0,0.0,0.0,60,9.119789511
1763394259876047685,-0.01728427970586031,0.006723139924425758,-0.3205900596084926,0.15514677093640647,909,0.0,-0.0009172760923210907,0.0,0.0,0.0,2,0.0,0.0,0.0,0.0,60,9.1297087
1763394259886143717,-0.020847830281859145,0.008972045076657342,-0.3563550575998834,0.2248905152231584,910,0.0,-0.0024753297646928573,0.0,0.0,0.0,2,0.0,0.0,0.0,0.0,60,9.139804732
1763394259896149254,-0.02407628542645291,0.010416139813487213,-0.32284551445937654,0.14440947368298712,911,0.0,-0.001205109299974029,0.0,0.0,0.0,2,0.0,0.0,0.0,0.0,60,9.149810269
1763394259906083154,-0.02719875767084474,0.011924718920737466,-0.31224722443918307,0.15085791072502533,912,0.0,-0.0017129953427756888,0.0,0.0,0.0,2,0.0,0.0,0.0,0.0,60,9.159744169
1763394259916083519,-0.029932515741767893,0.013594489042266743,-0.2733758070923152,0.1669770121529277,913,0.0,-0.0028023167154046257,0.0,0.0,0.0,2,0.0,0.0,0.0,0.0,60,9.169744534
1763394259926237474,-0.03231393409875602,0.014743218240101372,-0.23814183569881262,0.11487291978346283,914,0.0,-0.0021714409726264574,0.0,0.0,0.0,2,0.0,0.0,0.0,0.0,60,9.179898489
1763394259936295332,-0.03470677033306438,0.015659279586010637,-0.23928362343083598,0.09160613459092658,915,0.0,-0.001755064556732556,0.0,0.0,0.0,2,0.0,0.0,0.0,0.0,60,9.189956347
1763394259946081267,-0.0360262746318126,0.016640367041487587,-0.13195042987482197,0.09810874554769498,916,0.0,-0.0033169355771799727,0.0,0.0,0.0,2,0.0,0.0,0.0,0.0,60,9.199742282
1763394259956236688,-0.038457446333789606,0.01729123671273374,-0.2431171701977007,0.06508696712461542,917,0.0,-0.0013406790501326307,0.0,0.0,0.0,2,0.0,0.0,0.0,0.0,60,9.209897703
1763394259966210318,-0.03968978086151524,0.01742948776048564,-0.12323345277256356,0.013825104775189861,918,0.0,-0.0015708449370624455,0.0,0.0,0.0,2,0.0,0.0,0.0,0.0,60,9.219871333
1763394259976098462,-0.040670423459614274,0.01736593714949481,-0.09806425980990324,-0.006355061099082987,919,0.0,-0.0013868111414050343,0.0,0.0,0.0,2,0.0,0.0,0.0,0.0,60,9.229759477
1763394259986085875,-0.041048656362224996,0.017027603798475295,-0.037823290261072146,-0.03383333510195152,920,0.0,-0.001401149061801283,0.0,0.0,0.0,2,0.0,0.0,0.0,0.0,60,9.23974689
1763394259996114862,-0.041050605700619525,0.01651019854155745,-0.00019493383945287657,-0.05174052569178467,921,0.0,-0.0013467297622335047,0.0,0.0,0.0,2,0.0,0.0,0.0,0.0,60,9.249775877
1763394260006203407,-0.04106746699399028,0.015912801299456172,-0.0016861293370758201,-0.059739724210127604,922,0.0,-0.0010534017918257524,0.0,0.0,0.0,2,0.0,0.0,0.0,0.0,60,9.259864422
1763394260016370651,-0.04089720531242272,0.01539099119148377,0.01702616815675642,-0.05218101079724029,923,0.0,-0.0013726959529547105,0.0,0.0,0.0,2,0.0,0.0,0.0,0.0,60,9.270031666
1763394260026217931,-0.04076222825062327,0.01514054804801324,0.01349770617994489,-0.02504431434705301,924,0.0,-0.0019300129628605463,0.0,0.0,0.0,2,0.0,0.0,0.0,0.0,60,9.279878946
1763394260036067384,-0.04070775237565012,0.014860511558087468,0.005447587497314776,-0.028003648992577096,925,0.0,-0.001724529869587478,0.0,0.0,0.0,2,0.0,0.0,0.0,0.0,60,9.289728399
1763394260046109415,-0.040599016127478585,0.01461502789556694,0.010873624817153704,-0.024548366252052922,926,0.0,-0.0018326367948997134,0.0,0.0,0.0,2,0.0,0.0,0.0,0.0,60,9.29977043
1763394260056133154,-0.04046427479946582,0.01452624585049788,0.01347413280127635,-0.008878204506905865,927,0.0,-0.0022170175987758006,0.0,0.0,0.0,2,0.0,0.0,0.0,0.0,60,9.309794169
1763394260066109235,-0.040172047292983196,0.014138753136233848,0.029222750648262574,-0.0387492714264033,928,0.0,-0.0016435198152477824,0.0,0.0,0.0,2,0.0,0.0,0.0,0.0,60,9.31977025
1763394260076100331,-0.03941300753019181,0.01380638859591931,0.07590397627913886,-0.03323645403145378,929,0.0,-0.0022695878155171755,0.0,0.0,0.0,2,0.0,0.0,0.0,0.0,60,9.329761346
1763394260086288635,-0.03977278808145708,0.013328765174168592,-0.03597805512652735,-0.04776234217507176,930,0.0,-0.0005455852858149654,0.0,0.0,0.0,2,0.0,0.0,0.0,0.0,60,9.33994965
1763394260096274153,-0.038861951787281294,0.012831819719230097,0.09108362941757861,-0.04969454549384952,931,0.0,-0.0019162871946675614,0.0,0.0,0.0,2,0.0,0.0,0.0,0.0,60,9.349935168
1763394260106184516,-0.03657999135502625,0.011716391332271502,0.22819604322550438,-0.11154283869585953,932,0.0,-0.0019048851564808698,0.0,0.0,0.0,2,0.0,0.0,0.0,0.0,60,9.359845531
1763394260116100491,-0.03478091761182722,0.010706762305687165,0.17990737431990284,-0.10096290265843369,933,0.0,-0.0014312551500960924,0.0,0.0,0.0,2,0.0,0.0,0.0,0.0,60,9.369761506
1763394260126170707,-0.03322519266595687,0.009658431527771839,0.15557249458703556,-0.1048330777915326,934,0.0,-0.0008951580652979975,0.0,0.0,0.0,2,0.0,0.0,0.0,0.0,60,9.379831722
1763394260136224741,-0.03154254180175514,0.00877681643451764,0.1682650864201725,-0.08816150932541983,935,0.0,-0.0012997479362479537,0.0,0.0,0.0,2,0.0,0.0,0.0,0.0,60,9.389885756
1763394260146179348,-0.029922466245835173,0.007701297783519169,0.16200755559199684,-0.10755186509984714,936,0.0,-0.0006078848294835443,0.0,0.0,0.0,2,0.0,0.0,0.0,0.0,60,9.399840363
1763394260156086243,-0.028413037091102235,0.007014703670638188,0.15094291547329378,-0.0686594112880981,937,0.0,-0.0012837644847907557,0.0,0.0,0.0,2,0.0,0.0,0.0,0.0,60,9.409747258
1763394260166122234,-0.026530351984111675,0.006034279556724708,0.18826851069905606,-0.09804241139134799,938,0.0,-0.0008827487525848669,0.0,0.0,0.0,2,0.0,0.0,0.0,0.0,60,9.419783249
1763394260176113873,-0.02456854251087165,0.004764354105772254,0.19618094732400254,-0.1269925450952454,939,0.0,-0.00010342480740915642,0.0,0.0,0.0,2,0.0,0.0,0.0,0.0,60,9.429774888
1763394260186209025,-0.022896211012416835,0.004224480618519391,0.16723314984548146,-0.05398734872528628,940,0.0,-0.001390235059915011,0.0,0.0,0.0,2,0.0,0.0,0.0,0.0,60,9.43987004
1763394260196171262,-0.02027326947263893,0.0030135596353441513,0.2622941539777903,-0.12109209831752399,941,0.0,-0.000746645596465647,0.0,0.0,0.0,2,0.0,0.0,0.0,0.0,60,9.449832277
1763394260206221563,-0.018685707066632227,0.0022206507723788113,0.15875624060067045,-0.079290886296534,942,0.0,-0.0003887993576568978,0.0,0.0,0.0,2,0.0,0.0,0.0,0.0,60,9.459882578
1763394260216256147,-0.012876097514491815,0.0015056673644440847,0.5809609552140411,-0.07149834079347266,943,0.0,-0.0054068780143474385,0.0,0.0,0.0,2,0.0,0.0,0.0,0.0,60,9.469917162
1763394260226140141,-0.0143686367336684,0.0004791850615589958,-0.1492539219176584,-0.10264823028850889,944,0.0,0.004046122659397051,0.0,0.0,0.0,2,0.0,0.0,0.0,0.0,60,9.479801156
1763394260236142718,-0.01270025054345477,0.00011102498436905972,0.16683861902136288,-0.036816007718993606,945,0.0,-0.0011499393876432135,0.0,0.0,0.0,2,0.0,0.0,0.0,0.0,60,9.489803733
1763394260246210946,-0.010114792182523716,-0.0006703206298317999,0.25854583609310544,-0.07813456142008596,946,0.0,-0.0011351168512068474,0.0,0.0,0.0,2,0.0,0.0,0.0,0.0,60,9.499871961
1763394260256109701,-0.007829844228933024,-0.0018252377792463068,0.22849479535906914,-0.11549171494145069,947,0.0,0.0002710696472969232,0.0,0.0,0.0,2,0.0,0.0,0.0,0.0,60,9.509770716
1763394260266236184,-0.004567375279503202,-0.0031684599421599458,0.3262468949429822,-0.1343222162913639,948,0.0,-0.00022722474276653734,0.0,0.0,0.0,2,0.0,0.0,0.0,0.0,60,9.519897199
1763394260276143538,-0.00199446313390049,-0.00430231572804427,0.2572912145602712,-0.11338557858843241,949,0.0,0.00026695548042652553,0.0,0.0,0.0,2,0.0,0.0,0.0,0.0,60,9.529804553
1763394260286078699,0.0006051492429800381,-0.005208948061597565,0.2599612376880528,-0.09066323335532953,950,0.0,-0.00015539053257575134,0.0,0.0,0.0,2,0.0,0.0,0.0,0.0,60,9.539739714
1763394260296212878,0.003499492179241146,-0.0065138862472659195,0.2894342936261108,-0.13049381856683542,951,0.0,0.0006337308327061656,0.0,0.0,0.0,2,0.0,0.0,0.0,0.0,60,9.549873893
1763394260306108376,0.006535231942389971,-0.0076151004217057,0.3035739763148824,-0.11012141744397809,952,0.0,0.00016183562719971397,0.0,0.0,0.0,2,0.0,0.0,0.0,0.0,60,9.559769391
1763394260316218188,0.009423457899335394,-0.008855089572827685,0.28882259569454233,-0.12399891511219842,953,0.0,0.0008522537788136393,0.0,0.0,0.0,2,0.0,0.0,0.0,0.0,60,9.569879203
1763394260326081163,0.01269522466619986,-0.010082217730276573,0.3271766766864467,-0.12271281574488882,954,0.0,0.0005627595646232782,0.0,0.0,0.0,2,0.0,0.0,0.0,0.0,60,9.579742178
1763394260336200877,0.016166791921263607,-0.011796944198722141,0.3471567255063746,-0.17147264684455685,955,0.0,0.0017349880787275221,0.0,0.0,0.0,2,0.0,0.0,0.0,0.0,60,9.589861892
1763394260346210021,0.01986064217548867,-0.013994425725263245,0.3693850254225063,-0.21974815265411035,956,0.0,0.0029414967337451606,0.0,0.0,0.0,2,0.0,0.0,0.0,0.0,60,9.599871036
1763394260356140771,0.02344177826238228,-0.015569937787727518,0.3581136086893609,-0.15755120624642727,957,0.0,0.001859235872369629,0.0,0.0,0.0,2,0.0,0.0,0.0,0.0,60,9.609801786
1763394260366181811,0.027686901680331673,-0.017869126551884898,0.42451234179493935,-0.22991887641573802,958,0.0,0.003128493273115929,0.0,0.0,0.0,2,0.0,0.0,0.0,0.0,60,9.619842826
1763394260376072688,0.031198219141113648,-0.01970872299248097,0.35113174607819747,-0.18395964405960724,959,0.0,0.003195131890976868,0.0,0.0,0.0,2,0.0,0.0,0.0,0.0,60,9.629733703
1763394260386069271,0.034706398744389744,-0.021714422978998456,0.3508179603276096,-0.20056999865174854,960,0.0,0.0038951150437516987,0.0,0.0,0.0,2,0.0,0.0,0.0,0.0,60,9.639730286
1763394260396137959,0.03837719382811278,-0.023515673062253224,0.3670795083723033,-0.18012500832547684,961,0.0,0.0035019790316346065,0.0,0.0,0.0,2,0.0,0.0,0.0,0.0,60,9.649798974
1763394260406333389,0.041056474438680476,-0.025400752087870397,0.26792806105677,-0.1885079025617173,962,0.0,0.0051495160171157305,0.0,0.0,0.0,2,0.0,0.0,0.0,0.0,60,9.659994404
1763394260416191733,0.04443182818444599,-0.026534702461688695,0.33753537457655164,-0.11339503738182974,963,0.0,0.0027487555336221953,0.0,0.0,0.0,2,0.0,0.0,0.0,0.0,60,9.669852748
1763394260426166208,0.046675182944698246,-0.02806457155579698,0.2243354760252253,-0.15298690941082868,964,0.0,0.0052391182059118,0.0,0.0,0.0,2,0.0,0.0,0.0,0.0,60,9.679827223
1763394260436261237,0.048939383847510606,-0.028950670378620223,0.22642009028123605,-0.08860988228232419,965,0.0,0.003843087329709479,0.0,0.0,0.0,2,0.0,0.0,0.0,0.0,60,9.689922252
1763394260446234670,0.05045922314346467,-0.029852881991413838,0.1519839295954062,-0.09022116127936144,966,0.0,0.004892884564882297,0.0,0.0,0.0,2,0.0,0.0,0.0,0.0,60,9.699895685
1763394260456199916,0.052621308130755676,-0.030471827719169585,0.21620849872910075,-0.061894572775574724,967,0.0,0.0035724580420143613,0.0,0.0,0.0,2,0.0,0.0,0.0,0.0,60,9.709860931
1763394260466104710,0.05077478590281102,-0.030575860998736534,-0.18465222279446525,-0.010403327956694935,968,0.0,0.007082811414067639,0.0,0.0,0.0,2,0.0,0.0,0.0,0.0,60,9.719765725
1763394260476118299,0.054238813167617195,-0.030827004710389735,0.34640272648061715,-0.025114371165320046,969,0.0,0.0012385240820439935,0.0,0.0,0.0,2,0.0,0.0,0.0,0.0,60,9.729779314
1763394260486201480,0.05448345281188584,-0.030971980741367297,0.024463964426864326,-0.014497603097756231,970,0.0,0.004792499615977329,0.0,0.0,0.0,2,0.0,0.0,0.0,0.0,60,9.739862495
1763394260496149945,0.05444397948817212,-0.03075578585014012,-0.00394733237137207,0.021619489122717828,971,0.0,0.0042473499055971945,0.0,0.0,0.0,2,0.0,0.0,0.0,0.0,60,9.74981096
1763394260506060194,0.05397004908936111,-0.03009216854946247,-0.04739303988110094,0.06636173006776477,972,0.0,0.0036091168869264827,0.0,0.0,0.0,2,0.0,0.0,0.0,0.0,60,9.759721209
1763394260516170532,0.05254615032864492,-0.02893763525711794,-0.14238987607161913,0.11545332923445298,973,0.0,0.003398930848469259,0.0,0.0,0.0,2,0.0,0.0,0.0,0.0,60,9.769831547
1763394260526212690,0.051435325785441716,-0.02804567171311009,-0.1110824543203201,0.08919635440078517,974,0.0,0.0035116707258444307,0.0,0.0,0.0,2,0.0,0.0,0.0,0.0,60,9.779873705
1763394260536167777,0.0498770300242211,-0.02734938885737783,-0.15582957612206155,0.06962828557322588,975,0.0,0.004388370271432688,0.0,0.0,0.0,2,0.0,0.0,0.0,0.0,60,9.789828792
1763394260546117672,0.04855672061270816,-0.02634070019595504,-0.13203094115129405,0.10086886614227922,976,0.0,0.0032234626517309638,0.0,0.0,0.0,2,0.0,0.0,0.0,0.0,60,9.799778687
1763394260556041945,0.0468955790005386,-0.025555864596055605,-0.1661141612169563,0.07848355998994333,977,0.0,0.004027579671651534,0.0,0.0,0.0,2,0.0,0.0,0.0,0.0,60,9.80970296
1763394260566089272,0.045018198460123664,-0.024340610900564545,-0.1877380540414933,0.121525369549106,978,0.0,0.0030872495840476083,0.0,0.0,0.0,2,0.0,0.0,0.0,0.0,60,9.819750287
1763394260576023447,0.043121632045037404,-0.02283968034224841,-0.18965664150862593,0.1500930558316134,979,0.0,0.0022125361530243946,0.0,0.0,0.0,2,0.0,0.0,0.0,0.0,60,9.829684462
1763394260586194924,0.04022631204460629,-0.02185904406846921,-0.2895320000431113,0.09806362737792007,980,0.0,0.004451673654612892,0.0,0.0,0.0,2,0.0,0.0,0.0,0.0,60,9.839855939
1763394260596247183,0.03822150746150169,-0.020069283988361157,-0.20048045831045982,0.17897600801080535,981,0.0,0.0012384682900572841,0.0,0.0,0.0,2,0.0,0.0,0.0,0.0,60,9.849908198
1763394260606141496,0.0354087083464038,-0.018713071300897062,-0.2812799115097894,0.1356212687464095,982,0.0,0.0029949273475117456,0.0,0.0,0.0,2,0.0,0.0,0.0,0.0,60,9.859802511
1763394260616114702,0.03288444465501868,-0.017504420451740832,-0.25242636913851213,0.120865084915623,983,0.0,0.0028158809349173343,0.0,0.0,0.0,2,0.0,0.0,0.0,0.0,60,9.869775717
1763394260626003441,0.02976985618037558,-0.015638355770573507,-0.3114588474643097,0.18660646811673245,984,0.0,0.0016828301905426057,0.0,0.0,0.0,2,0.0,0.0,0.0,0.0,60,9.879664456
1763394260636212248,0.0270804238520558,-0.014502334940525134,-0.26894323283197796,0.11360208300483735,985,0.0,0.0027191457900624396,0.0,0.0,0.0,2,0.0,0.0,0.0,0.0,60,9.889873263
1763394260646151457,0.02328100276276438,-0.012729237591829666,-0.3799421089291419,0.1773097348695468,986,0.0,0.0022557781377616345,0.0,0.0,0.0,2,0.0,0.0,0.0,0.0,60,9.899812472
1763394260656143745,0.02023694520106125,-0.01081001963171236,-0.3044057561703131,0.1919217960117306,987,0.0,0.0007334121489318245,0.0,0.0,0.0,2,0.0,0.0,0.0,0.0,60,9.90980476
1763394260666146638,0.016526630317866164,-0.00914425465209644,-0.37103148831950855,0.16657649796159196,988,0.0,0.0018528027729210767,0.0,0.0,0.0,2,0.0,0.0,0.0,0.0,60,9.919807653
1763394260676155823,0.012773868120829555,-0.0072053933367125945,-0.3752762197036609,0.19388613153838458,989,0.0,0.0009646870442163386,0.0,0.0,0.0,2,0.0,0.0,0.0,0.0,60,9.929816838
1763394260686106315,0.008930904015517174,-0.005143923286723855,-0.3842964105312381,0.20614700499887398,990,0.0,0.00046705503429473466,0.0,0.0,0.0,2,0.0,0.0,0.0,0.0,60,9.93976733
1763394260696150208,0.005094317472025888,-0.0031741186038560677,-0.3836586543491286,0.1969804682867787,991,0.0,0.0003719135835211322,0.0,0.0,0.0,2,0.0,0.0,0.0,0.0,60,9.949811223
1763394260706038030,0.0007526243408131003,-0.0006486407001084962,-0.43416931312127877,0.25254779037475716,992,0.0,-0.0007238100590870825,0.0,0.0,0.0,2,0.0,0.0,0.0,0.0,60,9.959699045
1763394260716352405,-0.003394614986825176,0.0013098123270173546,-0.41472393276382763,0.19584530271258507,993,0.0,7.536038330782473e-05,0.0,0.0,0.0,2,0.0,0.0,0.0,0.0,60,9.97001342
1763394260726149226,-0.007656631424467743,0.0037860733646341606,-0.4262016437642567,0.2476261037616806,994,0.0,-0.001382468314924245,0.0,0.0,0.0,2,0.0,0.0,0.0,0.0,60,9.979810241
1763394260736221715,-0.01140449423303523,0.006365136816943836,-0.37478628085674864,0.2579063452309675,995,0.0,-0.0026196523843389297,0.0,0.0,0.0,2,0.0,0.0,0.0,0.0,60,9.98988273
1763394260746082450,-0.015442985298042451,0.008542678158082958,-0.40384910650072214,0.2177541341139122,996,0.0,-0.001670896625733144,0.0,0.0,0.0,2,0.0,0.0,0.0,0.0,60,9.999743465
1763394260756102976,-0.01935053611281544,0.010302998035752485,-0.39075508147729876,0.1760319877669527,997,0.0,-0.0011183301691699175,0.0,0.0,0.0,2,0.0,0.0,0.0,0.0,60,10.009763991
1763394260766277435,-0.02309331783230219,0.012269319228181207,-0.3742781719486752,0.19663211924287222,998,0.0,-0.0020965281445310454,0.0,0.0,0.0,2,0.0,0.0,0.0,0.0,60,10.01993845
1763394260776129324,-0.02588943662599219,0.013605004737036974,-0.27961187936899995,0.13356855088557662,999,0.0,-0.0019355347627418914,0.0,0.0,0.0,2,0.0,0.0,0.0,0.0,60,10.029790339
1763394260786066544,-0.028789483853410854,0.015049471852951486,-0.2900047227418663,0.1444467115914512,1000,0.0,-0.002290624516420185,0.0,0.0,0.0,2,0.0,0.0,0.0,0.0,60,10.039727559
1763394260796249758,-0.030828677156938482,0.01609101626545879,-0.20391933035276283,0.10415444125073045,1001,0.0,-0.0025169835068129054,0.0,0.0,0.0,2,0.0,0.0,0.0,0.0,60,10.049910773
1763394260806116945,-0.033201587267023804,0.017111527913584924,-0.23729101100853217,0.10205116481261343,1002,0.0,-0.0022336484379102822,0.0,0.0,0.0,2,0.0,0.0,0.0,0.0,60,10.05977796
1763394260816129497,-0.03506193890404198,0.017688939457775645,-0.18603516370181775,0.057741154419072016,1003,0.0,-0.0018876376242563898,0.0,0.0,0.0,2,0.0,0.0,0.0,0.0,60,10.069790512
1763394260826145786,-0.037023596473100176,0.018124521616158226,-0.1961657569058195,0.04355821583825817,1004,0.0,-0.0015063441645368062,0.0,0.0,0.0,2,0.0,0.0,0.0,0.0,60,10.079806801
1763394260836192502,-0.0386790567887782,0.018626445595514435,-0.1655460315678023,0.05019239793562086,1005,0.0,-0.0021005440178809135,0.0,0.0,0.0,2,0.0,0.0,0.0,0.0,60,10.089853517
1763394260846231828,-0.038490950310183306,0.018743423792344616,0.018810647859489327,0.011697819683018085,1006,0.0,-0.003379843286419256,0.0,0.0,0.0,2,0.0,0.0,0.0,0.0,60,10.099892843
1763394260856039099,-0.03893498002803443,0.018366598161929718,-0.04440297178511243,-0.037682563041489814,1007,0.0,-0.0014254185231406644,0.0,0.0,0.0,2,0.0,0.0,0.0,0.0,60,10.109700114
1763394260866163651,-0.039112431036787444,0.017791346624331822,-0.01774510087530143,-0.05752515375978956,1008,0.0,-0.0011887560390274109,0.0,0.0,0.0,2,0.0,0.0,0.0,0.0,60,10.119824666
1763394260876034999,-0.03907835850969055,0.01711509837525515,0.0034072527096896954,-0.06762482490766733,1009,0.0,-0.0011002925589456063,0.0,0.0,0.0,2,0.0,0.0,0.0,0.0,60,10.129696014
1763394260886281420,-0.03876276303695858,0.01655887254229098,0.03155954727319665,-0.05562258329641703,1010,0.0,-0.0016291023368920886,0.0,0.0,0.0,2,0.0,0.0,0.0,0.0,60,10.139942435
1763394260896182402,-0.038370335076183926,0.015808072409935193,0.0392427960774655,-0.07508001323557854,1011,0.0,-0.001151006025592714,0.0,0.0,0.0,2,0.0,0.0,0.0,0.0,60,10.149843417
1763394260906141341,-0.039693296151772056,0.01526410495339425,-0.13229610755881305,-0.05439674565409433,1012,0.0,0.0004551294824847794,0.0,0.0,0.0,2,0.0,0.0,0.0,0.0,60,10.159802356
1763394260916083014,-0.03871628765385887,0.014681543368955385,0.09770084979131843,-0.058256158443886416,1013,0.0,-0.0020663662685836623,0.0,0.0,0.0,2,0.0,0.0,0.0,0.0,60,10.169744029
1763394260926051365,-0.037764962297100906,0.013948848717345644,0.09513253567579663,-0.07326946516097409,1014,0.0,-0.001573100257738799,0.0,0.0,0.0,2,0.0,0.0,0.0,0.0,60,10.17971238
1763394260936150810,-0.0361617272791437,0.013444848589982565,0.16032350179572066,-0.05040001273630794,1015,0.0,-0.002795580356160197,0.0,0.0,0.0,2,0.0,0.0,0.0,0.0,60,10.189811825
1763394260946204210,-0.03540386003690167,0.012967522816172097,0.07578672422420274,-0.047732577381046776,1016,0.0,-0.0017925411396605734,0.0,0.0,0.0,2,0.0,0.0,0.0,0.0,60,10.199865225
1763394260956149618,-0.03499435463786945,0.012451739010034116,0.040950539903222144,-0.05157838061379816,1017,0.0,-0.001215808549270168,0.0,0.0,0.0,2,0.0,0.0,0.0,0.0,60,10.209810633
1763394260966133413,-0.03061797510184644,0.012098113274750508,0.437637953602301,-0.03536257352836081,1018,0.0,-0.006189341244842677,0.0,0.0,0.0,2,0.0,0.0,0.0,0.0,60,10.219794428
1763394260976205848,-0.03364525687202109,0.01177808728486189,-0.3027281770174653,-0.03200259898886171,1019,0.0,0.002464860952010251,0.0,0.0,0.0,2,0.0,0.0,0.0,0.0,60,10.229866863
1763394260986006482,-0.032206968559828505,0.010623098612097742,0.1438288312192587,-0.11549886727641491,1020,0.0,-0.0006468490441134916,0.0,0.0,0.0,2,0.0,0.0,0.0,0.0,60,10.239667497
1763394260996201877,-0.030821473141265484,0.009497011331745502,0.13854954185630214,-0.11260872803522393,1021,0.0,-0.00048202212859776777,0.0,0.0,0.0,2,0.0,0.0,0.0,0.0,60,10.249862892
1763394261006138224,-0.02880819337539195,0.008561840591750431,0.20132797658735344,-0.09351707399950712,1022,0.0,-0.0015226436988159879,0.0,0.0,0.0,2,0.0,0.0,0.0,0.0,60,10.259799239
1763394261016299625,-0.026319498775179,0.006862369909081286,0.24886946002129484,-0.1699470682669145,1023,0.0,-3.054150453696714e-05,0.0,0.0,0.0,2,0.0,0.0,0.0,0.0,60,10.26996064
1763394261026173717,-0.024466948211265424,0.005623970003534172,0.1852550563913577,-0.12383999055471141,1024,0.0,-0.00017583303994210455,0.0,0.0,0.0,2,0.0,0.0,0.0,0.0,60,10.279834732
1763394261036235670,-0.023032547668529572,0.0048037790460993615,0.14344005427358517,-0.08201909574348104,1025,0.0,-0.0005397126061995937,0.0,0.0,0.0,2,0.0,0.0,0.0,0.0,60,10.289896685
1763394261046166731,-0.021241517364850443,0.004213445212918165,0.17910303036791295,-0.05903338331811961,1026,0.0,-0.0014048358057504743,0.0,0.0,0.0,2,0.0,0.0,0.0,0.0,60,10.299827746
1763394261056155211,-0.019628986566353684,0.0034823981988201143,0.1612530798496759,-0.07310470140980511,1027,0.0,-0.0007524918627997567,0.0,0.0,0.0,2,0.0,0.0,0.0,0.0,60,10.309816226
1763394261066107294,-0.018574770128923303,0.002949306451449654,0.10542164374303803,-0.05330917473704601,1028,0.0,-0.0004789837536997813,0.0,0.0,0.0,2,0.0,0.0,0.0,0.0,60,10.319768309
1763394261076168219,-0.016971322554727258,0.0027608377681665325,0.16034475741960458,-0.018846868328312172,1029,0.0,-0.001899317157621002,0.0,0.0,0.0,2,0.0,0.0,0.0,0.0,60,10.329829234
1763394261086098545,-0.015437881073783615,0.0022285937075740316,0.15334414809436425,-0.05322440605925009,1030,0.0,-0.0009279605983044089,0.0,0.0,0.0,2,0.0,0.0,0.0,0.0,60,10.33975956
1763394261096258960,-0.013967787489424264,0.001497606158876636,0.14700935843593513,-0.07309875486973955,1031,0.0,-0.0002752293351066695,0.0,0.0,0.0,2,0.0,0.0,0.0,0.0,60,10.349919975
1763394261106203078,-0.012252804594211466,0.0013027985672708457,0.17149828952127982,-0.019480759160579036,1032,0.0,-0.0017859701732386595,0.0,0.0,0.0,2,0.0,0.0,0.0,0.0,60,10.359864093
1763394261116167280,-0.010015895193646637,0.00013492675487045656,0.22369094005648282,-0.11678718124003891,1033,0.0,6.158393382473199e-05,0.0,0.0,0.0,2,0.0,0.0,0.0,0.0,60,10.369828295
1763394261126160135,-0.008089269981647489,-0.00020452045411102973,0.19266252119991487,-0.03394472089814863,1034,0.0,-0.0014603023704825775,0.0,0.0,0.0,2,0.0,0.0,0.0,0.0,60,10.37982115
1763394261136120939,-0.00572136007603378,-0.0011408337466687572,0.23679099056137087,-0.09363132925577274,1035,0.0,-0.0004338458435908534,0.0,0.0,0.0,2,0.0,0.0,0.0,0.0,60,10.389781954
1763394261146191254,-0.0036868780565683917,-0.0020033117252108035,0.20344820194653881,-0.08624779785420464,1036,0.0,-8.186531173174022e-05,0.0,0.0,0.0,2,0.0,0.0,0.0,0.0,60,10.399852269
1763394261156170461,-0.0008921487688985513,-0.0029664707743403025,0.27947292876698404,-0.09631590491294989,1037,0.0,-0.0005879988336295965,0.0,0.0,0.0,2,0.0,0.0,0.0,0.0,60,10.409831476
1763394261166240295,0.0014279106182245316,-0.0038523830096208554,0.2320059387123083,-0.08859122352805528,1038,0.0,-7.384257385559603e-05,0.0,0.0,0.0,2,0.0,0.0,0.0,0.0,60,10.41990131
1763394261176194200,0.0052981195146631875,-0.005339701238511987,0.3870208896438656,-0.14873182288911313,1039,0.0,-0.00025305520008304895,0.0,0.0,0.0,2,0.0,0.0,0.0,0.0,60,10.429855215
1763394261186158200,0.007997855508815838,-0.006851475435902914,0.26997359941526505,-0.15117741973909268,1040,0.0,0.001410311993413634,0.0,0.0,0.0,2,0.0,0.0,0.0,0.0,60,10.439819215
1763394261196199009,0.011840125819165548,-0.008554792684405444,0.38422703103497097,-0.17033172485025302,1041,0.0,0.0007807747861328,0.0,0.0,0.0,2,0.0,0.0,0.0,0.0,60,10.449860024
1763394261206177572,0.015565778075200778,-0.01050656661454379,0.37256522560352306,-0.19517739301383452,1042,0.0,0.0017997555882613074,0.0,0.0,0.0,2,0.0,0.0,0.0,0.0,60,10.459838587
1763394261216195446,0.01942946913412795,-0.012865689411032041,0.3863691058927171,-0.2359122796488252,1043,0.0,0.002952818313414438,0.0,0.0,0.0,2,0.0,0.0,0.0,0.0,60,10.469856461
1763394261226038495,0.02340548854312987,-0.01471681973103102,0.39760194090019196,-0.18511303199989781,1044,0.0,0.0019153962252473366,0.0,0.0,0.0,2,0.0,0.0,0.0,0.0,60,10.47969951
1763394261236094101,0.02756745394814187,-0.01680090372019607,0.4161965405012,-0.2084083989165049,1045,0.0,0.0025635607914448804,0.0,0.0,0.0,2,0.0,0.0,0.0,0.0,60,10.489755116
1763394261246169712,0.03129477368913317,-0.01905185475793695,0.3727319740991303,-0.2250951037740881,1046,0.0,0.0038089874755207276,0.0,0.0,0.0,2,0.0,0.0,0.0,0.0,60,10.499830727
1763394261256109777,0.03456950694973233,-0.020613467853177435,0.3274733260599155,-0.15616130952404855,1047,0.0,0.0029649662258290346,0.0,0.0,0.0,2,0.0,0.0,0.0,0.0,60,10.509770792
1763394261266178151,0.03830845469440445,-0.022394404709523294,0.3738947744672122,-0.1780936856345859,1048,0.0,0.0032083212636462317,0.0,0.0,0.0,2,0.0,0.0,0.0,0.0,60,10.519839166
1763394261276130989,0.04096393953671853,-0.024324486870998068,0.2655484842314079,-0.1930082161474774,1049,0.0,0.005123548482004208,0.0,0.0,0.0,2,0.0,0.0,0.0,0.0,60,10.529792004
1763394261286093051,0.0444082866621245,-0.025706929550095292,0.34443471254059704,-0.13824426790972238,1050,0.0,0.003127819553963368,0.0,0.0,0.0,2,0.0,0.0,0.0,0.0,60,10.539754066
1763394261296097892,0.047028058242872865,-0.027123820455067622,0.26197715807483657,-0.14168909049723302,1051,0.0,0.004394139579250043,0.0,0.0,0.0,2,0.0,0.0,0.0,0.0,60,10.549758907
1763394261306362749,0.049619530059965944,-0.028357349379332944,0.25914718170930784,-0.12335289242653216,1052,0.0,0.004187523753100834,0.0,0.0,0.0,2,0.0,0.0,0.0,0.0,60,10.560023764
1763394261316169454,0.05148469108751573,-0.029423127695734325,0.1865161027549786,-0.10657783164013807,1053,0.0,0.004810281549907262,0.0,0.0,0.0,2,0.0,0.0,0.0,0.0,60,10.569830469
1763394261326172724,0.05386925675873308,-0.030129040003234547,0.23845656712173507,-0.07059123075002227,1054,0.0,0.0034680494775657725,0.0,0.0,0.0,2,0.0,0.0,0.0,0.0,60,10.579833739
1763394261336297603,0.05520833862130915,-0.03143985740757714,0.1339081862576072,-0.1310817404342593,1055,0.0,0.00631170326222809,0.0,0.0,0.0,2,0.0,0.0,0.0,0.0,60,10.589958618
1763394261346068754,0.055909815957318795,-0.0318406505416082,0.07014773360096427,-0.040079313403106054,1056,0.0,0.004988377967860843,0.0,0.0,0.0,2,0.0,0.0,0.0,0.0,60,10.599729769
1763394261356209497,0.05505791682995702,-0.031728458020910774,-0.08518991273617771,0.011219252069742669,1057,0.0,0.005590879364691569,0.0,0.0,0.0,2,0.0,0.0,0.0,0.0,60,10.609870512
1763394261366227614,0.056872775908155135,-0.03167238102286815,0.18148590781981166,0.005607699804262289,1058,0.0,0.002587748747895102,0.0,0.0,0.0,2,0.0,0.0,0.0,0.0,60,10.619888629
1763394261376053769,0.05646081880463737,-0.03131834660949104,-0.041195710351776826,0.03540344133771134,1059,0.0,0.004450747216513882,0.0,0.0,0.0,2,0.0,0.0,0.0,0.0,60,10.629714784
1763394261386221753,0.05591152970206979,-0.030675062119473268,-0.05492891025675739,0.06432844900177703,1060,0.0,0.003837181355296931,0.0,0.0,0.0,2,0.0,0.0,0.0,0.0,60,10.639882768
1763394261396217995,0.05517689731692878,-0.02989217243206774,-0.07346323851410153,0.07828896874055268,1061,0.0,0.0036096320698585233,0.0,0.0,0.0,2,0.0,0.0,0.0,0.0,60,10.64987901
1763394261406225661,0.053795087019725324,-0.02848562887820712,-0.13818102972034535,0.14065435538606202,1062,0.0,0.0026955354461814384,0.0,0.0,0.0,2,0.0,0.0,0.0,0.0,60,10.659886676
1763394261416090140,0.05273311707523519,-0.02727133122346298,-0.10619699444901348,0.12142976547441404,1063,0.0,0.002587945877250941,0.0,0.0,0.0,2,0.0,0.0,0.0,0.0,60,10.669751155
1763394261426072945,0.05005680090638545,-0.02613230720855879,-0.2676316168849738,0.11390240149041914,1064,0.0,0.004483943055889639,0.0,0.0,0.0,2,0.0,0.0,0.0,0.0,60,10.67973396
1763394261436353568,0.04844874901664374,-0.024877522715506136,-0.160805188974171,0.12547844930526525,1065,0.0,0.0027677643762829426,0.0,0.0,0.0,2,0.0,0.0,0.0,0.0,60,10.690014583
1763394261446121886,0.04657024916589415,-0.024156712516813762,-0.18784998507495945,0.07208101986923739,1066,0.0,0.004225090241246005,0.0,0.0,0.0,2,0.0,0.0,0.0,0.0,60,10.699782901
1763394261456077617,0.04511758822114323,-0.02354416328939872,-0.14526609447509178,0.06125492274150421,1067,0.0,0.003883959126341127,0.0,0.0,0.0,2,0.0,0.0,0.0,0.0,60,10.709738632
1763394261466222361,0.043842535341202964,-0.02245293380435157,-0.12750528799402652,0.10912294850471509,1068,0.0,0.0023880774525596856,0.0,0.0,0.0,2,0.0,0.0,0.0,0.0,60,10.719883376
1763394261476025619,0.04154236985126223,-0.02203384881604621,-0.23001654899407337,0.04190849883053578,1069,0.0,0.0050989466881764135,0.0,0.0,0.0,2,0.0,0.0,0.0,0.0,60,10.729686634
1763394261486208928,0.03943452484250484,-0.020983642102393424,-0.21078450087573877,0.10502067136527876,1070,0.0,0.0032320265000690854,0.0,0.0,0.0,2,0.0,0.0,0.0,0.0,60,10.739869943
1763394261496165547,0.03707118703983591,-0.019617048883804986,-0.23633378026689314,0.13665932185884383,1071,0.0,0.0025813191755741254,0.0,0.0,0.0,2,0.0,0.0,0.0,0.0,60,10.749826562
1763394261506057847,0.03387907141372608,-0.018307623666440627,-0.31921156261098327,0.13094252173643586,1072,0.0,0.0034856181222747036,0.0,0.0,0.0,2,0.0,0.0,0.0,0.0,60,10.759718862
1763394261516261169,0.03099723194339979,-0.01694043643251444,-0.2881839470326289,0.13671872339261862,1073,0.0,0.002775192891673638,0.0,0.0,0.0,2,0.0,0.0,0.0,0.0,60,10.769922184
1763394261526106022,0.027502080109526497,-0.015079001838747358,-0.3495151833873292,0.18614345937670826,1074,0.0,0.0020512251069065195,0.0,0.0,0.0,2,0.0,0.0,0.0,0.0,60,10.779767037
1763394261536242066,0.023306663374458234,-0.01318591457086338,-0.41954167350682636,0.1893087267883977,1075,0.0,0.0025071217478141545,0.0,0.0,0.0,2,0.0,0.0,0.0,0.0,60,10.789903081
1763394261546273492,0.019497532728307225,-0.0107792697496762,-0.3809130646151008,0.24066448211871802,1076,0.0,0.0004824553817362942,0.0,0.0,0.0,2,0.0,0.0,0.0,0.0,60,10.799934507
1763394261556058624,0.014940708412159224,-0.00823388349796971,-0.4556824316148001,0.25453862517064907,1077,0.0,0.0006454794065981146,0.0,0.0,0.0,2,0.0,0.0,0.0,0.0,60,10.809719639
1763394261566131630,0.010417962846568377,-0.006060625325893389,-0.45227455655908466,0.2173258172076321,1078,0.0,0.0011432120410474738,0.0,0.0,0.0,2,0.0,0.0,0.0,0.0,60,10.819792645
1763394261576097132,0.005752621731040498,-0.0033831103188157532,-0.4665341115527879,0.26775150070776355,1079,0.0,-0.0002811235717071099,0.0,0.0,0.0,2,0.0,0.0,0.0,0.0,60,10.829758147
1763394261586098435,0.0007002405084684735,-0.0007496275302929251,-0.5052381222572024,0.2633482788522828,1080,0.0,-0.00012763170686667935,0.0,0.0,0.0,2,0.0,0.0,0.0,0.0,60,10.83975945
1763394261596276642,-0.003883423647891099,0.0015101700681890914,-0.4583664156359572,0.22597975984820165,1081,0.0,-0.00014964520175285087,0.0,0.0,0.0,2,0.0,0.0,0.0,0.0,60,10.849937657
1763394261606162228,-0.008927693559549364,0.004181702851620287,-0.5044269911658265,0.2671532783431196,1082,0.0,-0.0009838479891627677,0.0,0.0,0.0,2,0.0,0.0,0.0,0.0,60,10.859823243
1763394261616180796,-0.013649662960294587,0.006957324159235008,-0.4721969400745223,0.27756213076147207,1083,0.0,-0.0020306712423200923,0.0,0.0,0.0,2,0.0,0.0,0.0,0.0,60,10.869841811
1763394261626015937,-0.01794475357870378,0.009670558673411985,-0.4295090618409193,0.2713234514176977,1084,0.0,-0.0027995481382046663,0.0,0.0,0.0,2,0.0,0.0,0.0,0.0,60,10.879676952
1763394261636188590,-0.022947826836255864,0.012611590075141024,-0.5003073257552084,0.2941031401729039,1085,0.0,-0.0029517523169036502,0.0,0.0,0.0,2,0.0,0.0,0.0,0.0,60,10.889849605
1763394261646313047,-0.027216861885897385,0.015177422169483729,-0.4269035049641521,0.25658320943427043,1086,0.0,-0.003326125580667547,0.0,0.0,0.0,2,0.0,0.0,0.0,0.0,60,10.899974062
1763394261656156893,-0.030973158838172556,0.016981300610331117,-0.3756296952275171,0.18038784408473882,1087,0.0,-0.002419745114614607,0.0,0.0,0.0,2,0.0,0.0,0.0,0.0,60,10.909817908
1763394261666172991,-0.03468823346002473,0.018891732077775628,-0.37150746218521763,0.19104314674445108,1088,0.0,-0.003011366246339161,0.0,0.0,0.0,2,0.0,0.0,0.0,0.0,60,10.919834006
1763394261676226246,-0.037599210851477015,0.02047388603006455,-0.29109773914522824,0.1582153952288924,1089,0.0,-0.0034285694047398877,0.0,0.0,0.0,2,0.0,0.0,0.0,0.0,60,10.929887261
1763394261686307939,-0.04069356130948275,0.02172927400940497,-0.3094350458005733,0.1255387979340418,1090,0.0,-0.0026418934487562737,0.0,0.0,0.0,2,0.0,0.0,0.0,0.0,60,10.939968954
1763394261696061790,-0.038953576695047086,0.021898675107776912,0.1739984614435662,0.01694010983719421,1091,0.0,-0.005793119977320335,0.0,0.0,0.0,2,0.0,0.0,0.0,0.0,60,10.949722805
1763394261706046573,-0.04539433925774137,0.022242327708495102,-0.6440762562694282,0.03436526007181903,1092,0.0,0.0033357484906135354,0.0,0.0,0.0,2,0.0,0.0,0.0,0.0,60,10.959707588
1763394261716104570,-0.04337009601017111,0.022298258220332934,0.2024243247570258,0.005593051183783171,1093,0.0,-0.005932995372273602,0.0,0.0,0.0,2,0.0,0.0,0.0,0.0,60,10.969765585
1763394261726073384,-0.044199511542093006,0.022070089697736064,-0.08294155319218954,-0.022816852259686937,1094,0.0,-0.0018844458495516588,0.0,0.0,0.0,2,0.0,0.0,0.0,0.0,60,10.979734399
1763394261736301736,-0.04686036784353793,0.021177565612734553,-0.26608563014449205,-0.08925240850015115,1095,0.0,0.001947964540582605,0.0,0.0,0.0,2,0.0,0.0,0.0,0.0,60,10.989962751
1763394261746194044,-0.042062213664220735,0.020337234222013625,0.47981541793171917,-0.08403313907209276,1096,0.0,-0.006795581125449674,0.0,0.0,0.0,2,0.0,0.0,0.0,0.0,60,10.999855059
1763394261756094715,-0.04287634989387413,0.019498312823916827,-0.08141362296533936,-0.0838921398096798,1097,0.0,-8.639147242730768e-05,0.0,0.0,0.0,2,0.0,0.0,0.0,0.0,60,11.00975573
1763394261766146995,-0.03914008942225644,0.018278269698234498,0.3736260471617687,-0.12200431256823296,1098,0.0,-0.004345310896407901,0.0,0.0,0.0,2,0.0,0.0,0.0,0.0,60,11.01980801
1763394261776076853,-0.0410903999402015,0.017460315844208797,-0.19503105179450586,-0.08179538540257006,1099,0.0,0.0015053318789500258,0.0,0.0,0.0,2,0.0,0.0,0.0,0.0,60,11.029737868
1763394261786173988,-0.03744650256941941,0.016873980426460003,0.36438973707820926,-0.05863354177487942,1100,0.0,-0.005509857727401488,0.0,0.0,0.0,2,0.0,0.0,0.0,0.0,60,11.039835003
1763394261796092613,-0.039775033414310615,0.01608234830660607,-0.2328530844891208,-0.07916321198539328,1101,0.0,0.0020954134337240783,0.0,0.0,0.0,2,0.0,0.0,0.0,0.0,60,11.049753628
1763394261806309590,-0.038564735597702786,0.01496731039581366,0.1210297816607829,-0.11150379107924095,1102,0.0,-0.0011338231968344237,0.0,0.0,0.0,2,0.0,0.0,0.0,0.0,60,11.059970605
1763394261816169334,-0.0369293429697702,0.013624971337666537,0.16353926279325873,-0.1342339058147124,1103,0.0,-0.0008968645453223305,0.0,0.0,0.0,2,0.0,0.0,0.0,0.0,60,11.069830349
1763394261826164845,-0.03483291185793816,0.012286377645047343,0.20964311118320395,-0.13385936926191935,1104,0.0,-0.0012429720307735518,0.0,0.0,0.0,2,0.0,0.0,0.0,0.0,60,11.07982586
1763394261836228627,-0.03269114478689093,0.010525354809134347,0.21417670710472264,-0.1761022835912996,1105,0.0,-3.919112618876175e-05,0.0,0.0,0.0,2,0.0,0.0,0.0,0.0,60,11.089889642
1763394261846237259,-0.030897211325392398,0.009248018229269975,0.17939334614985347,-0.1277336579864372,1106,0.0,-0.0005704962310020042,0.0,0.0,0.0,2,0.0,0.0,0.0,0.0,60,11.099898274
1763394261856163816,-0.0294693297016391,0.00849418368803289,0.1427881623753298,-0.07538345412370848,1107,0.0,-0.0012522341255058135,0.0,0.0,0.0,2,0.0,0.0,0.0,0.0,60,11.109824831
1763394261866159220,-0.02841330239873705,0.008027525911561181,0.10560273029020482,-0.046665777647170864,1108,0.0,-0.0014166826325318585,0.0,0.0,0.0,2,0.0,0.0,0.0,0.0,60,11.119820235
1763394261876108745,-0.027211416640785892,0.007349081672455581,0.12018857579511599,-0.06784442391056002,1109,0.0,-0.0009876150999709391,0.0,0.0,0.0,2,0.0,0.0,0.0,0.0,60,11.12976976
1763394261886054405,-0.025802971231965344,0.00652814195616578,0.1408445408820548,-0.08209397162898015,1110,0.0,-0.0007705981326418137,0.0,0.0,0.0,2,0.0,0.0,0.0,0.0,60,11.13971542
1763394261896027865,-0.0243735279316481,0.006299668871456013,0.14294433003172421,-0.022847308470976685,1111,0.0,-0.0021462281640042416,0.0,0.0,0.0,2,0.0,0.0,0.0,0.0,60,11.14968888
1763394261906176452,-0.022932255196495777,0.005526075483744786,0.14412727351523247,-0.07735933877112272,1112,0.0,-0.000763533508444591,0.0,0.0,0.0,2,0.0,0.0,0.0,0.0,60,11.159837467
1763394261916126273,-0.02089587563259101,0.004639341648963423,0.2036379563904768,-0.08867338347813628,1113,0.0,-0.001060054063585547,0.0,0.0,0.0,2,0.0,0.0,0.0,0.0,60,11.169787288
1763394261926084832,-0.019136040232451787,0.004041917519186287,0.17598354001392216,-0.05974241297771361,1114,0.0,-0.0013200259438955568,0.0,0.0,0.0,2,0.0,0.0,0.0,0.0,60,11.179745847
1763394261936253613,-0.017268582444390657,0.003323827378078806,0.18674577880611296,-0.0718090141107481,1115,0.0,-0.0010518558722263159,0.0,0.0,0.0,2,0.0,0.0,0.0,0.0,60,11.189914628
1763394261946232749,-0.015084500127110432,0.0022119629177021136,0.2184082317280225,-0.11118644603766922,1116,0.0,-0.00032970689624954195,0.0,0.0,0.0,2,0.0,0.0,0.0,0.0,60,11.199893764
1763394261956049355,-0.013369399421460352,0.0018013944557823368,0.17151007056500805,-0.04105684619197768,1117,0.0,-0.0013572952880087725,0.0,0.0,0.0,2,0.0,0.0,0.0,0.0,60,11.20971037
1763394261966129862,-0.010702738202640517,0.0007212253083159897,0.26666612188198346,-0.1080169147466347,1118,0.0,-0.0007374191903063826,0.0,0.0,0.0,2,0.0,0.0,0.0,0.0,60,11.219790877
1763394261976141451,-0.008713315114582176,-0.0002251605661979742,0.19894230880583408,-0.09463858745139639,1119,0.0,-0.00010994732908372771,0.0,0.0,0.0,2,0.0,0.0,0.0,0.0,60,11.229802466
1763394261986132303,-0.006159181209096103,-0.0007929645541095692,0.25541339054860734,-0.056780398791159495,1120,0.0,-0.0015691850023736972,0.0,0.0,0.0,2,0.0,0.0,0.0,0.0,60,11.239793318
1763394261996227217,-0.0037428705804976,-0.0020497178015787976,0.24163106285985028,-0.12567532474692283,1121,0.0,0.0004007530304062667,0.0,0.0,0.0,2,0.0,0.0,0.0,0.0,60,11.249888232
1763394262006222995,-0.00082840415477985,-0.003293380154849198,0.291446642571775,-0.12436623532704003,1122,0.0,-2.248487206501582e-05,0.0,0.0,0.0,2,0.0,0.0,0.0,0.0,60,11.25988401
1763394262016275309,0.0018735299420205784,-0.004369613108171454,0.27019340968004285,-0.1076232953322256,1123,0.0,1.6720339512440313e-06,0.0,0.0,0.0,2,0.0,0.0,0.0,0.0,60,11.269936324
1763394262026082583,0.005974522717585029,-0.005963770663672374,0.41009927755644504,-0.15941575555009202,1124,0.0,-0.00017934003448867326,0.0,0.0,0.0,2,0.0,0.0,0.0,0.0,60,11.279743598
1763394262036262036,0.00911139242657671,-0.007824372865233634,0.3136869708991682,-0.186060220156126,1125,0.0,0.0018618733277288657,0.0,0.0,0.0,2,0.0,0.0,0.0,0.0,60,11.289923051
1763394262046162816,0.01285936233687746,-0.009432960652515842,0.3747969910300748,-0.1608587787282208,1126,0.0,0.0008022855507083052,0.0,0.0,0.0,2,0.0,0.0,0.0,0.0,60,11.299823831
1763394262056192283,0.017127399419749216,-0.011505906863205174,0.4268037082871757,-0.20729462106893315,1127,0.0,0.0015992340034044665,0.0,0.0,0.0,2,0.0,0.0,0.0,0.0,60,11.309853298
1763394262066181344,0.021205250891737082,-0.01359895376913611,0.40778514719878656,-0.20930469059309356,1128,0.0,0.0021911850741428937,0.0,0.0,0.0,2,0.0,0.0,0.0,0.0,60,11.319842359
1763394262076092453,0.025290015543248244,-0.016706118406182063,0.4084764651511162,-0.3107164637045953,1129,0.0,0.005031983811997075,0.0,0.0,0.0,2,0.0,0.0,0.0,0.0,60,11.329753468
1763394262086089823,0.02964009717520181,-0.0185920024184606,0.43500816319535646,-0.18858840122785367,1130,0.0,0.002148930042351288,0.0,0.0,0.0,2,0.0,0.0,0.0,0.0,60,11.339750838
1763394262096059885,0.0338247747092555,-0.021151429703089364,0.41846775340536946,-0.25594272846287647,1131,0.0,0.004312962140967191,0.0,0.0,0.0,2,0.0,0.0,0.0,0.0,60,11.3497209
1763394262106165476,0.03824520492493323,-0.02320715567060937,0.44204302156777286,-0.20557259675200062,1132,0.0,0.003172215234677819,0.0,0.0,0.0,2,0.0,0.0,0.0,0.0,60,11.359826491
1763394262116020052,0.04123496940027711,-0.025554953157917656,0.2989764475343881,-0.2347797487308286,1133,0.0,0.005893003129719302,0.0,0.0,0.0,2,0.0,0.0,0.0,0.0,60,11.369681067
1763394262126239004,0.0448880800755715,-0.027101389693936162,0.36531106752943837,-0.15464365360185056,1134,0.0,0.0034747226841279843,0.0,0.0,0.0,2,0.0,0.0,0.0,0.0,60,11.379900019
1763394262136258911,0.04750560445464892,-0.028556803225502428,0.2617524379077425,-0.14554135315662659,1135,0.0,0.004700384352757905,0.0,0.0,0.0,2,0.0,0.0,0.0,0.0,60,11.389919926
1763394262146123175,0.04985464560292806,-0.029878569339418695,0.2349041148279135,-0.13217661139162673,1136,0.0,0.004904713590846663,0.0,0.0,0.0,2,0.0,0.0,0.0,0.0,60,11.39978419
1763394262156089606,0.05364016642665988,-0.03061335667679176,0.37855208237318194,-0.07347873373730641,1137,0.0,0.001961460479719022,0.0,0.0,0.0,2,0.0,0.0,0.0,0.0,60,11.409750621
1763394262166226216,0.05404387282427929,-0.031149035939636464,0.04037063976194133,-0.053567926284470505,1138,0.0,0.005546536931116154,0.0,0.0,0.0,2,0.0,0.0,0.0,0.0,60,11.419887231
1763394262176052974,0.05487381255784461,-0.03185567235072761,0.08299397335653214,-0.07066364110911438,1139,0.0,0.005553700229743278,0.0,0.0,0.0,2,0.0,0.0,0.0,0.0,60,11.429713989
1763394262186193316,0.05534898972454175,-0.03198781633876118,0.04751771666971355,-0.013214398803357286,1140,0.0,0.004644436174953202,0.0,0.0,0.0,2,0.0,0.0,0.0,0.0,60,11.439854331
1763394262196165925,0.0555358202551601,-0.032030014205432875,0.018683053061835375,-0.004219786667169351,1141,0.0,0.004778980999352081,0.0,0.0,0.0,2,0.0,0.0,0.0,0.0,60,11.44982694
1763394262206111349,0.055782687553054225,-0.03187757488886221,0.024686729789412387,0.015243931657066279,1142,0.0,0.004230361052044162,0.0,0.0,0.0,2,0.0,0.0,0.0,0.0,60,11.459772364
1763394262216077939,0.05553393453317279,-0.03145940966814102,-0.024875301988143417,0.041816522072118945,1143,0.0,0.004126874585794028,0.0,0.0,0.0,2,0.0,0.0,0.0,0.0,60,11.469738954
1763394262226116359,0.05506327844313556,-0.030852540917621626,-0.04706560900372275,0.06068687505193966,1144,0.0,0.0038539590258238046,0.0,0.0,0.0,2,0.0,0.0,0.0,0.0,60,11.479777374
1763394262236184047,0.053955515388001515,-0.029532294238296806,-0.11077630551340478,0.1320246679324819,1145,0.0,0.0027312558388144724,0.0,0.0,0.0,2,0.0,0.0,0.0,0.0,60,11.489845062
1763394262246143898,0.05202486033138258,-0.028175485989148742,-0.1930655056618935,0.13568082491480643,1146,0.0,0.0034056089826524894,0.0,0.0,0.0,2,0.0,0.0,0.0,0.0,60,11.499804913
1763394262256124593,0.05018069153401568,-0.02685026251642708,-0.1844168797366902,0.13252234727216608,1147,0.0,0.0031767106091629142,0.0,0.0,0.0,2,0.0,0.0,0.0,0.0,60,11.509785608
1763394262266227179,0.048159753341299974,-0.025727559431612017,-0.20209381927157044,0.11227030848150639,1148,0.0,0.0036871303035082635,0.0,0.0,0.0,2,0.0,0.0,0.0,0.0,60,11.519888194
1763394262276166826,0.04620962891491277,-0.024958908463700778,-0.19501244263872008,0.076865096791124,1149,0.0,0.004314604915573257,0.0,0.0,0.0,2,0.0,0.0,0.0,0.0,60,11.529827841
1763394262286101249,0.04475516614948513,-0.023568209710306966,-0.14544627654276415,0.13906987533938117,1150,0.0,0.0020642996317901236,0.0,0.0,0.0,2,0.0,0.0,0.0,0.0,60,11.539762264
1763394262296182464,0.04289610903541236,-0.022587660553971066,-0.18590571140727694,0.09805491563358998,1151,0.0,0.003350521672581019,0.0,0.0,0.0,2,0.0,0.0,0.0,0.0,60,11.549843479
1763394262306112181,0.04037225280254034,-0.02197004485482609,-0.2523856232872025,0.06176156991449765,1152,0.0,0.004883336787439345,0.0,0.0,0.0,2,0.0,0.0,0.0,0.0,60,11.559773196
1763394262316039417,0.03840298784836733,-0.02061131246868586,-0.19692649541730098,0.13587323861402287,1153,0.0,0.0022878993740560348,0.0,0.0,0.0,2,0.0,0.0,0.0,0.0,60,11.569700432
1763394262326160688,0.035994316707162535,-0.019500121346858065,-0.2408671141204792,0.11111911218277953,1154,0.0,0.003212856347887521,0.0,0.0,0.0,2,0.0,0.0,0.0,0.0,60,11.579821703
1763394262336151188,0.03320398835694462,-0.01845604565325592,-0.27903283502179116,0.10440756936021464,1155,0.0,0.003655813554266279,0.0,0.0,0.0,2,0.0,0.0,0.0,0.0,60,11.589812203
1763394262346236007,0.029865343165467385,-0.016619012107578556,-0.3338645191477238,0.18370335456773626,1156,0.0,0.002159299925400985,0.0,0.0,0.0,2,0.0,0.0,0.0,0.0,60,11.599897022
1763394262356105203,0.026990774968115125,-0.015337096097873199,-0.287456819735226,0.12819160097053572,1157,0.0,0.002717700196550368,0.0,0.0,0.0,2,0.0,0.0,0.0,0.0,60,11.609766218
1763394262365981356,0.02288745176096675,-0.013244069285372272,-0.4103323207148374,0.20930268125009271,1158,0.0,0.0019376065317632356,0.0,0.0,0.0,2,0.0,0.0,0.0,0.0,60,11.619642371
1763394262376074809,0.019013514133914486,-0.011095200797994344,-0.3873937627052265,0.2148868487377928,1159,0.0,0.0012081761614459287,0.0,0.0,0.0,2,0.0,0.0,0.0,0.0,60,11.629735824
1763394262386031557,0.014648023730213604,-0.008748584948389919,-0.4365490403700881,0.23466158496044248,1160,0.0,0.0009620217158143899,0.0,0.0,0.0,2,0.0,0.0,0.0,0.0,60,11.639692572
1763394262396276778,0.010227159993879076,-0.006466463491138139,-0.4420863736334529,0.22821214572517795,1161,0.0,0.000827800146306519,0.0,0.0,0.0,2,0.0,0.0,0.0,0.0,60,11.649937793
1763394262406217655,0.00571343174540407,-0.004107533285375995,-0.4513728248475006,0.2358930205762144,1162,0.0,0.0003947101872687486,0.0,0.0,0.0,2,0.0,0.0,0.0,0.0,60,11.65987867
1763394262416110524,0.0006257960126841919,-0.0013538639839431165,-0.5087635732719877,0.2753669301432879,1163,0.0,-0.0002788635202674106,0.0,0.0,0.0,2,0.0,0.0,0.0,0.0,60,11.669771539
1763394262426146092,-0.0040002597592222,0.0011214515136545276,-0.46260557719063916,0.2475315497597644,1164,0.0,-0.0005479795372007419,0.0,0.0,0.0,2,0.0,0.0,0.0,0.0,60,11.679807107
1763394262436114219,-0.008975480403512582,0.003941252277615218,-0.4975220644290382,0.28198007639606903,1165,0.0,-0.0013771164892648164,0.0,0.0,0.0,2,0.0,0.0,0.0,0.0,60,11.689775234
1763394262446196186,-0.013754900371708649,0.006578989162216345,-0.47794199681960664,0.2637736884601127,1166,0.0,-0.0015843186432979942,0.0,0.0,0.0,2,0.0,0.0,0.0,0.0,60,11.699857201
1763394262456161218,-0.018203571531259934,0.009465397178809488,-0.44486711595512846,0.2886408016593143,1167,0.0,-0.0029955956079838267,0.0,0.0,0.0,2,0.0,0.0,0.0,0.0,60,11.709822233
1763394262466136850,-0.023091378599134883,0.01240555808925397,-0.48878070678749497,0.2940160910444481,1168,0.0,-0.0030550321412679314,0.0,0.0,0.0,2,0.0,0.0,0.0,0.0,60,11.719797865
1763394262476077268,-0.027202616355343413,0.015005448475130058,-0.411123775620853,0.25998903858760886,1169,0.0,-0.0035658100848024567,0.0,0.0,0.0,2,0.0,0.0,0.0,0.0,60,11.729738283
1763394262486138389,-0.030990514185239848,0.01697370147774531,-0.37878978298964344,0.19682530026152514,1170,0.0,-0.0027669154989363024,0.0,0.0,0.0,2,0.0,0.0,0.0,0.0,60,11.739799404
1763394262496139386,-0.034683393369403986,0.01868366069161395,-0.36928791841641384,0.1709959213868642,1171,0.0,-0.0025366706581603426,0.0,0.0,0.0,2,0.0,0.0,0.0,0.0,60,11.749800401
1763394262506076501,-0.038767227725849826,0.02031902205484601,-0.40838343564458396,0.16353613632320574,1172,0.0,-0.002156487415243113,0.0,0.0,0.0,2,0.0,0.0,0.0,0.0,60,11.759737516
1763394262516086148,-0.04025806116485743,0.021827955976712568,-0.1490833439007605,0.15089339218665593,1173,0.0,-0.00513271236764352,0.0,0.0,0.0,2,0.0,0.0,0.0,0.0,60,11.769747163
1763394262526146477,-0.03942793854632451,0.022195331088036736,0.08301226185329219,0.03673751113241683,1174,0.0,-0.005233999312415589,0.0,0.0,0.0,2,0.0,0.0,0.0,0.0,60,11.779807492
1763394262536230250,-0.04223100749224563,0.022840744859111195,-0.2803068945921118,0.06454137710744587,1175,0.0,-0.001722830862664203,0.0,0.0,0.0,2,0.0,0.0,0.0,0.0,60,11.789891265
1763394262546126589,-0.04785099557415722,0.02328938382292213,-0.5619988081911594,0.044863896381093504,1176,0.0,0.0019636911080831796,0.0,0.0,0.0,2,0.0,0.0,0.0,0.0,60,11.799787604
1763394262556173235,-0.045563129555332246,0.022908306167679367,0.22878660188249758,-0.03810776552427633,1177,0.0,-0.005314730520716425,0.0,0.0,0.0,2,0.0,0.0,0.0,0.0,60,11.80983425
1763394262566081045,-0.04665248587042814,0.022063523251512195,-0.10893563150958935,-0.08447829161671722,1178,0.0,-0.00013985485094879626,0.0,0.0,0.0,2,0.0,0.0,0.0,0.0,60,11.81974206
1763394262576078332,-0.047010792666957256,0.021075409170265735,-0.03583067965291162,-0.09881140812464592,1179,0.0,-0.0005172927189403525,0.0,0.0,0.0,2,0.0,0.0,0.0,0.0,60,11.829739347
1763394262586110436,-0.042400964746957204,0.020256542890727057,0.4609827920000052,-0.08188662795386784,1180,0.0,-0.00661380503513549,0.0,0.0,0.0,2,0.0,0.0,0.0,0.0,60,11.839771451
1763394262596213101,-0.04267732892746321,0.01979074535635634,-0.027636418050600714,-0.046579753437071825,1181,0.0,-0.001635322587160097,0.0,0.0,0.0,2,0.0,0.0,0.0,0.0,60,11.849874116
1763394262606165055,-0.043360742625710325,0.019237274978249216,-0.06834136982471137,-0.055347037810712235,1182,0.0,-0.0008719329393772053,0.0,0.0,0.0,2,0.0,0.0,0.0,0.0,60,11.85982607
1763394262616070456,-0.04204679263108745,0.018773630855926038,0.1313949994622872,-0.04636441223231785,1183,0.0,-0.003355718342359077,0.0,0.0,0.0,2,0.0,0.0,0.0,0.0,60,11.869731471
1763394262626021253,-0.041544731472061475,0.018410100452508446,0.0502061159025978,-0.03635304034175918,1184,0.0,-0.0025817426547780115,0.0,0.0,0.0,2,0.0,0.0,0.0,0.0,60,11.879682268
1763394262636012124,-0.04175668020276275,0.01751222053289573,-0.02119487307012738,-0.08978799196127166,1185,0.0,-0.0003583859829166072,0.0,0.0,0.0,2,0.0,0.0,0.0,0.0,60,11.889673139
1763394262646160181,-0.03792136021393541,0.01655915428502039,0.3835319988827336,-0.09530662478753407,1186,0.0,-0.0048297497881482476,0.0,0.0,0.0,2,0.0,0.0,0.0,0.0,60,11.899821196
1763394262656065719,-0.0356190874436451,0.014944983681697388,0.23022727702903117,-0.16141706033230008,1187,0.0,-0.001234082540244414,0.0,0.0,0.0,2,0.0,0.0,0.0,0.0,60,11.909726734
1763394262666105540,-0.03307690405245689,0.013185372457693405,0.254218339118821,-0.17596112240039832,1188,0.0,-0.0009071953380605157,0.0,0.0,0.0,2,0.0,0.0,0.0,0.0,60,11.919766555
1763394262676182597,-0.030496102322092548,0.011707848197307202,0.25808017303643427,-0.1477524260386203,1189,0.0,-0.0013877968224581942,0.0,0.0,0.0,2,0.0,0.0,0.0,0.0,60,11.929843612
1763394262686189065,-0.027944229694134667,0.009961100780599016,0.255187262795788,-0.1746747416708185,1190,0.0,-0.0004568777901473274,0.0,0.0,0.0,2,0.0,0.0,0.0,0.0,60,11.93985008
1763394262696179541,-0.024436584891710293,0.007903281799830516,0.3507644802424374,-0.20578189807685004,1191,0.0,-0.0005354357807233288,0.0,0.0,0.0,2,0.0,0.0,0.0,0.0,60,11.949840556
1763394262706290943,-0.020993014299238208,0.005920049962897085,0.3443570592472085,-0.19832318369334306,1192,0.0,-0.00033167030605927086,0.0,0.0,0.0,2,0.0,0.0,0.0,0.0,60,11.959951958
1763394262716051679,-0.01748638380772415,0.00395352348292323,0.3506630491514059,-0.19665264799738555,1193,0.0,-0.00014379463432964267,0.0,0.0,0.0,2,0.0,0.0,0.0,0.0,60,11.969712694
1763394262726070092,-0.013970373470590318,0.0011596151614431637,0.35160103371338314,-0.2793908321480066,1194,0.0,0.002208338057632592,0.0,0.0,0.0,2,0.0,0.0,0.0,0.0,60,11.979731107
1763394262736119564,-0.009889505631710996,-0.0007244433247418584,0.4080867838879322,-0.1884058486185022,1195,0.0,-0.0002974380173173122,0.0,0.0,0.0,2,0.0,0.0,0.0,0.0,60,11.989780579
1763394262746216907,-0.006441273643090776,-0.002759214983273948,0.344823198862022,-0.20347716585320894,1196,0.0,0.0011098432169163192,0.0,0.0,0.0,2,0.0,0.0,0.0,0.0,60,11.999877922
1763394262756141075,-0.0031355645822723904,-0.005147056695278155,0.33057090608183853,-0.23878417120042073,1197,0.0,0.0024677427108309464,0.0,0.0,0.0,2,0.0,0.0,0.0,0.0,60,12.00980209
1763394262766116191,0.0002548479665811544,-0.0065538757075635935,0.33904125488535447,-0.14068190122854385,1198,0.0,0.0002863865046144453,0.0,0.0,0.0,2,0.0,0.0,0.0,0.0,60,12.019777206
1763394262776199096,0.0030764657684300735,-0.00859694236749206,0.2821617801848919,-0.20430666599284675,1199,0.0,0.0027563490829193684,0.0,0.0,0.0,2,0.0,0.0,0.0,0.0,60,12.029860111
1763394262785995022,0.006311517796008109,-0.009382191169874692,0.3235052027578036,-0.07852488023826314,1200,0.0,-0.0005523297743918504,0.0,0.0,0.0,2,0.0,0.0,0.0,0.0,60,12.039656037
1763394262796053092,0.008513769958559278,-0.010676090481309155,0.22022521625511687,-0.12938993114344627,1201,0.0,0.0020508089491593586,0.0,0.0,0.0,2,0.0,0.0,0.0,0.0,60,12.049714107
1763394262806300032,0.011111873318750819,-0.011580749903274247,0.25981033601915404,-0.09046594219650916,1202,0.0,0.0008148257760630176,0.0,0.0,0.0,2,0.0,0.0,0.0,0.0,60,12.059961047
1763394262816090484,0.013124702255621165,-0.012177625064031757,0.20128289368703464,-0.05968751607575099,1203,0.0,0.0008747654364324418,0.0,0.0,0.0,2,0.0,0.0,0.0,0.0,60,12.069751499
1763394262826153317,0.015325601332972005,-0.01294448607802892,0.22008990773508402,-0.07668610139971634,1204,0.0,0.001172276624385707,0.0,0.0,0.0,2,0.0,0.0,0.0,0.0,60,12.079814332
1763394262836054360,0.01752946844289298,-0.013638118139582378,0.22038671099209733,-0.0693632061553458,1205,0.0,0.0011061606265281823,0.0,0.0,0.0,2,0.0,0.0,0.0,0.0,60,12.089715375
1763394262846214909,0.019563330209668446,-0.014313999047164516,0.20338617667754674,-0.06758809075821381,1206,0.0,0.001370112856992556,0.0,0.0,0.0,2,0.0,0.0,0.0,0.0,60,12.099875924
1763394262856072246,0.021874099870560493,-0.015117925215842995,0.23107696608920467,-0.0803926168678479,1207,0.0,0.0014707764213026879,0.0,0.0,0.0,2,0.0,0.0,0.0,0.0,60,12.109733261
1763394262866006092,0.023966216169092093,-0.016184482457184388,0.20921162985316002,-0.10665572413413922,1208,0.0,0.0025071161587358493,0.0,0.0,0.0,2,0.0,0.0,0.0,0.0,60,12.119667107
1763394262876134906,0.02647415465488545,-0.017435583432649965,0.2507938485793358,-0.12511009754655777,1209,0.0,0.002643799569636622,0.0,0.0,0.0,2,0.0,0.0,0.0,0.0,60,12.129795921
1763394262886207459,0.028788984123959978,-0.017919600136700246,0.23148294690745266,-0.04840167040502802,1210,0.0,0.0011506300824767803,0.0,0.0,0.0,2,0.0,0.0,0.0,0.0,60,12.139868474
1763394262896118800,0.03120878061700598,-0.0191558171596768,0.24197964930460017,-0.1236217022976556,1211,0.0,0.002980702410522015,0.0,0.0,0.0,2,0.0,0.0,0.0,0.0,60,12.149779815
1763394262906027506,0.03334854868202675,-0.020110292582577637,0.21397680650207737,-0.09544754229008356,1212,0.0,0.0027964777984848706,0.0,0.0,0.0,2,0.0,0.0,0.0,0.0,60,12.159688521
1763394262916102470,0.03551293405140281,-0.021001760646392753,0.21643853693760554,-0.08914680638151158,1213,0.0,0.00275803823679195,0.0,0.0,0.0,2,0.0,0.0,0.0,0.0,60,12.169763485
1763394262926141351,0.037829668624799445,-0.022048403689618506,0.23167345733966366,-0.10466430432257527,1214,0.0,0.00310448758865754,0.0,0.0,0.0,2,0.0,0.0,0.0,0.0,60,12.179802366
1763394262936110510,0.03933929440726451,-0.0228342275694864,0.15096257824650655,-0.07858238798678953,1215,0.0,0.003561503340888955,0.0,0.0,0.0,2,0.0,0.0,0.0,0.0,60,12.189771525
1763394262945994322,0.04090506602500043,-0.02371025232953694,0.15657716177359185,-0.08760247600505394,1216,0.0,0.003841170281784519,0.0,0.0,0.0,2,0.0,0.0,0.0,0.0,60,12.199655337
1763394262956063742,0.0426005783961984,-0.024220295252344738,0.16955123711979714,-0.05100429228077977,1217,0.0,0.0029112170372749954,0.0,0.0,0.0,2,0.0,0.0,0.0,0.0,60,12.209724757
1763394262966082008,0.044024394765591494,-0.02464977412999403,0.1423816369393094,-0.042947887764929055,1218,0.0,0.0031091059707235996,0.0,0.0,0.0,2,0.0,0.0,0.0,0.0,60,12.219743023
1763394262976158740,0.04487910763846425,-0.025020303909735354,0.08547128728727538,-0.0370529779741325,1219,0.0,0.003696541328621659,0.0,0.0,0.0,2,0.0,0.0,0.0,0.0,60,12.229819755
1763394262986113457,0.04532797918228547,-0.025046954365290027,0.04488715438212207,-0.0026650455554673436,1220,0.0,0.0033722267073848524,0.0,0.0,0.0,2,0.0,0.0,0.0,0.0,60,12.239774472
1763394262996150749,0.041911609192917025,-0.024981122929300756,-0.34163699893684435,0.00658314359892713,1221,0.0,0.007674815382985171,0.0,0.0,0.0,2,0.0,0.0,0.0,0.0,60,12.249811764
1763394263006101517,0.04097376328790887,-0.024867127127190497,-0.09378459050081583,0.011399580211025884,1222,0.0,0.004631611510261427,0.0,0.0,0.0,2,0.0,0.0,0.0,0.0,60,12.259762532
1763394263016236235,0.04556296451552857,-0.024541363455439336,0.4589201227619702,0.03257636717511614,1223,0.0,-0.0023902602607992467,0.0,0.0,0.0,2,0.0,0.0,0.0,0.0,60,12.26989725
1763394263026005772,0.045352153392021186,-0.024126094989763314,-0.021081112350738312,0.041526846567602194,1224,0.0,0.002974818339679495,0.0,0.0,0.0,2,0.0,0.0,0.0,0.0,60,12.279666787
1763394263036266650,0.04910064037854979,-0.022944843120792733,0.3748486986528604,0.11812518689705807,1225,0.0,-0.0036342072440710403,0.0,0.0,0.0,2,0.0,0.0,0.0,0.0,60,12.289927665
1763394263046201332,0.04288847565767638,-0.021656089753724826,-0.6212164720873409,0.12887533670679074,1226,0.0,0.007602316318788219,0.0,0.0,0.0,2,0.0,0.0,0.0,0.0,60,12.299862347
1763394263056256406,0.040401618147899145,-0.020308522713166202,-0.24868575097772364,0.13475670405586232,1227,0.0,0.002883017811477663,0.0,0.0,0.0,2,0.0,0.0,0.0,0.0,60,12.309917421
1763394263066199782,0.0393466868567065,-0.01934382373246383,-0.10549312911926415,0.09646989807023734,1228,0.0,0.0019532566627774163,0.0,0.0,0.0,2,0.0,0.0,0.0,0.0,60,12.319860797
1763394263076122910,0.03904393516967981,-0.019173695684318735,-0.030275168702669636,0.01701280481450941,1229,0.0,0.002906645155820329,0.0,0.0,0.0,2,0.0,0.0,0.0,0.0,60,12.329783925
1763394263086177829,0.03941511868470326,-0.019838828710491543,0.03711835150234516,-0.06651330261728088,1230,0.0,0.004172801995703408,0.0,0.0,0.0,2,0.0,0.0,0.0,0.0,60,12.339838844
1763394263096217919,0.039176082117722576,-0.01998067738579708,-0.023903656698068265,-0.014184867530553716,1231,0.0,0.0036829220835287793,0.0,0.0,0.0,2,0.0,0.0,0.0,0.0,60,12.349878934
1763394263106161644,0.03840836836463782,-0.019734920495197334,-0.07677137530847575,0.024575689059974648,1232,0.0,0.0033564936271355513,0.0,0.0,0.0,2,0.0,0.0,0.0,0.0,60,12.359822659
1763394263116238518,0.03696914904651463,-0.01871004547954867,-0.1439219318123186,0.10248750156486644,1233,0.0,0.002162768942813119,0.0,0.0,0.0,2,0.0,0.0,0.0,0.0,60,12.369899533
1763394263126239176,0.03486321702061004,-0.017294240526321215,-0.21059320259045888,0.1415804953227455,1234,0.0,0.0018137042600152374,0.0,0.0,0.0,2,0.0,0.0,0.0,0.0,60,12.379900191
1763394263136155111,0.03294724649429078,-0.016485171691077587,-0.1915970526319262,0.08090688352436273,1235,0.0,0.002887763913702504,0.0,0.0,0.0,2,0.0,0.0,0.0,0.0,60,12.389816126
1763394263146239808,0.03066009445544022,-0.015056188377067042,-0.22871520388505623,0.14289833140105448,1236,0.0,0.001652335178198649,0.0,0.0,0.0,2,0.0,0.0,0.0,0.0,60,12.399900823
1763394263156095124,0.028589069599962096,-0.014304965659607084,-0.20710248554781235,0.07512227174599588,1237,0.0,0.0028702718027654632,0.0,0.0,0.0,2,0.0,0.0,0.0,0.0,60,12.409756139
1763394263166180552,0.026619172871583843,-0.013245665154756992,-0.19698967283782523,0.10593005048500914,1238,0.0,0.0018668375474386037,0.0,0.0,0.0,2,0.0,0.0,0.0,0.0,60,12.419841567
1763394263176122484,0.024244533240888377,-0.012719845697184446,-0.2374639630695466,0.05258194575725461,1239,0.0,0.003508091402955044,0.0,0.0,0.0,2,0.0,0.0,0.0,0.0,60,12.429783499
1763394263185999510,0.022431499889413772,-0.01168396432465405,-0.1813033351474605,0.1035881372530396,1240,0.0,0.0014942906131290472,0.0,0.0,0.0,2,0.0,0.0,0.0,0.0,60,12.439660525
1763394263196081009,0.02033153054150736,-0.010881472008722325,-0.20999693479064122,0.08024923159317253,1241,0.0,0.002253568964017332,0.0,0.0,0.0,2,0.0,0.0,0.0,0.0,60,12.449742024
1763394263205965510,0.01782173699805032,-0.009907909412810596,-0.25097935434570395,0.09735625959117286,1242,0.0,0.0021824617127574404,0.0,0.0,0.0,2,0.0,0.0,0.0,0.0,60,12.459626525
1763394263216182610,0.014916193403026436,-0.008592628528165142,-0.29055435950238845,0.13152808846454545,1243,0.0,0.0016430729944363538,0.0,0.0,0.0,2,0.0,0.0,0.0,0.0,60,12.469843625
1763394263226102171,0.012282971406801162,-0.00734274570067185,-0.2633221996225274,0.12498828274932916,1244,0.0,0.0012840284343248,0.0,0.0,0.0,2,0.0,0.0,0.0,0.0,60,12.479763186
1763394263236115337,0.00890690026077413,-0.005914825147872851,-0.3376071146027032,0.14279205527989985,1245,0.0,0.0015179461484640736,0.0,0.0,0.0,2,0.0,0.0,0.0,0.0,60,12.489776352
1763394263246175466,0.005727767636978867,-0.0043275142199498875,-0.31791326237952633,0.15873109279229639,1246,0.0,0.0006689429929345224,0.0,0.0,0.0,2,0.0,0.0,0.0,0.0,60,12.499836481
1763394263256081277,0.0017806472589135362,-0.0022688122251441657,-0.3947120378065331,0.20587019948057217,1247,0.0,0.00014970485758388635,0.0,0.0,0.0,2,0.0,0.0,0.0,0.0,60,12.509742292
1763394263266069306,-0.0017322351735049712,-0.00034952630345996827,-0.3512882432418507,0.19192859216841973,1248,0.0,-0.0003275312054797303,0.0,0.0,0.0,2,0.0,0.0,0.0,0.0,60,12.519730321
1763394263276106895,-0.0014957442837444084,0.0020323025593025207,0.023649088976056276,0.2381828862762489,1249,0.0,-0.006166506283484446,0.0,0.0,0.0,2,0.0,0.0,0.0,0.0,60,12.52976791
1763394263286168860,-0.009566246316860686,0.003813755039986662,-0.8070502033116277,0.1781452480684141,1250,0.0,0.004709234914494792,0.0,0.0,0.0,2,0.0,0.0,0.0,0.0,60,12.539829875
1763394263296184807,-0.013733455328216009,0.005603584598221589,-0.4167209011355323,0.17898295582349266,1251,0.0,-0.00017117740338759221,0.0,0.0,0.0,2,0.0,0.0,0.0,0.0,60,12.549845822
1763394263306092382,-0.017149828603044155,0.008035313866659604,-0.34163732748281467,0.24317292684380154,1252,0.0,-0.002927390805573047,0.0,0.0,0.0,2,0.0,0.0,0.0,0.0,60,12.559753397
1763394263316129609,-0.020306481125048376,0.009628343298106426,-0.315665252200422,0.15930294314468219,1253,0.0,-0.0015110157194996652,0.0,0.0,0.0,2,0.0,0.0,0.0,0.0,60,12.569790624
1763394263326229112,-0.023096461509927835,0.010722298668311474,-0.2789980384879459,0.10939553702050478,1254,0.0,-0.0009415716856181061,0.0,0.0,0.0,2,0.0,0.0,0.0,0.0,60,12.579890127
1763394263336180131,-0.02595450667219547,0.012657831962763363,-0.28580451622676367,0.19355332944518897,1255,0.0,-0.0031292083025757427,0.0,0.0,0.0,2,0.0,0.0,0.0,0.0,60,12.589841146
1763394263346220063,-0.028982632883670353,0.013853261050680844,-0.3028126211474882,0.11954290879174802,1256,0.0,-0.001380066106124332,0.0,0.0,0.0,2,0.0,0.0,0.0,0.0,60,12.599881078
1763394263356054667,-0.03145356311308922,0.015600224710741434,-0.2470930229418869,0.174696366006059,1257,0.0,-0.0035929944248093092,0.0,0.0,0.0,2,0.0,0.0,0.0,0.0,60,12.609715682
1763394263366065063,-0.0342182630776328,0.016222817772147617,-0.27646999645435794,0.06225930614061834,1258,0.0,-0.0007122591980519763,0.0,0.0,0.0,2,0.0,0.0,0.0,0.0,60,12.619726078
1763394263376090701,-0.03644353162113531,0.017695399022943287,-0.22252685435025094,0.14725812507956695,1259,0.0,-0.0035627150715036144,0.0,0.0,0.0,2,0.0,0.0,0.0,0.0,60,12.629751716
1763394263386215307,-0.04004589457626215,0.01857212679820513,-0.36023629551268366,0.08767277752618416,1260,0.0,-0.0006888457973274675,0.0,0.0,0.0,2,0.0,0.0,0.0,0.0,60,12.639876322
1763394263396010663,-0.041610796135944386,0.019035432387659187,-0.15649015596822385,0.046330558945405914,1261,0.0,-0.0021854521725692844,0.0,0.0,0.0,2,0.0,0.0,0.0,0.0,60,12.649671678
1763394263406419511,-0.04048233976270704,0.019050228703645304,0.11284563732373437,0.0014796315986116693,1262,0.0,-0.00429582076375355,0.0,0.0,0.0,2,0.0,0.0,0.0,0.0,60,12.660080526
1763394263416135134,-0.04099189215499542,0.01882476917390266,-0.05095523922883788,-0.02254595297426429,1263,0.0,-0.001777124519247901,0.0,0.0,0.0,2,0.0,0.0,0.0,0.0,60,12.669796149
1763394263426075833,-0.041205336085605476,0.018560073674834657,-0.021344393061005495,-0.02646954990680045,1264,0.0,-0.0019943664431325515,0.0,0.0,0.0,2,0.0,0.0,0.0,0.0,60,12.679736848
1763394263436169694,-0.04140467840928855,0.018290519183522154,-0.01993423236830716,-0.02695544913125028,1265,0.0,-0.0019602634545669165,0.0,0.0,0.0,2,0.0,0.0,0.0,0.0,60,12.689830709
1763394263446149434,-0.041219107695332824,0.017795940006572003,0.01855707139557239,-0.04945791769501509,1266,0.0,-0.0018110721038235242,0.0,0.0,0.0,2,0.0,0.0,0.0,0.0,60,12.699810449
1763394263456003050,-0.04073694289516669,0.017158462334738687,0.048216480016613494,-0.06374776718333156,1267,0.0,-0.001728694346978059,0.0,0.0,0.0,2,0.0,0.0,0.0,0.0,60,12.709664065
1763394263466044192,-0.039688393093399124,0.01654473870566172,0.10485498017675648,-0.061372362907696765,1268,0.0,-0.0023556891761781946,0.0,0.0,0.0,2,0.0,0.0,0.0,0.0,60,12.719705207
1763394263476154995,-0.038848690346315926,0.015841828493057868,0.08397027470831986,-0.07029102126038522,1269,0.0,-0.0017949361374280702,0.0,0.0,0.0,2,0.0,0.0,0.0,0.0,60,12.72981601
1763394263486169078,-0.03952539866651476,0.015093530162041627,-0.06767083201988378,-0.07482983310162401,1270,0.0,0.00020093905697793563,0.0,0.0,0.0,2,0.0,0.0,0.0,0.0,60,12.739830093
1763394263496132473,-0.03673404170967579,0.013878865111614524,0.27913569568389707,-0.12146650504271037,1271,0.0,-0.0025906635088338713,0.0,0.0,0.0,2,0.0,0.0,0.0,0.0,60,12.749793488
1763394263506085859,-0.03501254729098151,0.013051907140571611,0.17214944186942846,-0.08269579710429124,1272,0.0,-0.002115846843330267,0.0,0.0,0.0,2,0.0,0.0,0.0,0.0,60,12.759746874
1763394263516219221,-0.0311323410139231,0.012080878755428601,0.3880206277058408,-0.097102838514301,1273,0.0,-0.0041582034930570935,0.0,0.0,0.0,2,0.0,0.0,0.0,0.0,60,12.769880236
1763394263526008742,-0.03168198517081564,0.010778647706270201,-0.054964415689254253,-0.13022310491584005,1274,0.0,0.002011428737998712,0.0,0.0,0.0,2,0.0,0.0,0.0,0.0,60,12.779669757
1763394263536117339,-0.030182789607653367,0.009930447356715395,0.14991955631622755,-0.08482003495548056,1275,0.0,-0.001329227916359547,0.0,0.0,0.0,2,0.0,0.0,0.0,0.0,60,12.789778354
1763394263546041676,-0.02851352918768965,0.008880245070002808,0.16692604199637154,-0.10502022867125878,1276,0.0,-0.0008951810271842632,0.0,0.0,0.0,2,0.0,0.0,0.0,0.0,60,12.799702691
1763394263556073934,-0.025948292940696033,0.0071237683449452555,0.25652362469936185,-0.1756476725057552,1277,0.0,-2.4346697740464975e-05,0.0,0.0,0.0,2,0.0,0.0,0.0,0.0,60,12.809734949
1763394263566143712,-0.023498783032317394,0.00556061207340449,0.24495099083786387,-0.15631562715407651,1278,0.0,-0.00010331510439470695,0.0,0.0,0.0,2,0.0,0.0,0.0,0.0,60,12.819804727
1763394263576098183,-0.02059814780198952,0.004159052647932218,0.2900635230327873,-0.1401559425472272,1279,0.0,-0.0007961672745550002,0.0,0.0,0.0,2,0.0,0.0,0.0,0.0,60,12.829759198
1763394263586150388,-0.018469641024599737,0.0023196784863463472,0.2128506777389783,-0.18393741615858708,1280,0.0,0.0014152258038767872,0.0,0.0,0.0,2,0.0,0.0,0.0,0.0,60,12.839811403
1763394263596136239,-0.016015392079299928,0.0014494950754186213,0.24542489452998098,-0.0870183410927726,1281,0.0,-0.0011035608578634183,0.0,0.0,0.0,2,0.0,0.0,0.0,0.0,60,12.849797254
1763394263606294174,-0.014016677798139775,-0.00021336092719704755,0.19987142811601527,-0.16628560026156688,1282,0.0,0.0015414707757711679,0.0,0.0,0.0,2,0.0,0.0,0.0,0.0,60,12.859955189
1763394263616080576,-0.012067079572955691,-0.0005344093766116269,0.19495982251840835,-0.03210484494145793,1283,0.0,-0.001493329935423478,0.0,0.0,0.0,2,0.0,0.0,0.0,0.0,60,12.869741591
1763394263626030993,-0.009827312337667031,-0.0012739366426370458,0.22397672352886602,-0.07395272660254189,1284,0.0,-0.0007370889792295882,0.0,0.0,0.0,2,0.0,0.0,0.0,0.0,60,12.879692008
1763394263636078395,-0.00817622150711387,-0.0021595448843797146,0.16510908305531619,-0.08856082417426688,1285,0.0,0.0004325015543632316,0.0,0.0,0.0,2,0.0,0.0,0.0,0.0,60,12.88973941
1763394263646176154,-0.006536500606124002,-0.0021667430792543674,0.16397209009898667,-0.00071981948746528,1286,0.0,-0.0016075734262857655,0.0,0.0,0.0,2,0.0,0.0,0.0,0.0,60,12.899837169
1763394263656250035,-0.004737050368194974,-0.003148253099289299,0.1799450237929028,-0.09815100200349317,1287,0.0,0.0006394118757684214,0.0,0.0,0.0,2,0.0,0.0,0.0,0.0,60,12.90991105
1763394263666012915,-0.0033845877855944936,-0.003546024992274948,0.13524625826004805,-0.039777189298564886,1288,0.0,-0.0001413652750800391,0.0,0.0,0.0,2,0.0,0.0,0.0,0.0,60,12.91967393
1763394263676022981,-0.0014105559192763972,-0.003881526304089118,0.19740318663180964,-0.03355013118141702,1289,0.0,-0.0009618818299183697,0.0,0.0,0.0,2,0.0,0.0,0.0,0.0,60,12.929683996
1763394263686127849,0.0003965899555842915,-0.00428192141630347,0.18071458748606886,-0.040039511221435196,1290,0.0,-0.0005492447886854434,0.0,0.0,0.0,2,0.0,0.0,0.0,0.0,60,12.939788864
1763394263696252566,0.001964932148793879,-0.004759206623890613,0.15683421932095876,-0.04772852075871428,1291,0.0,-1.3359543402883351e-05,0.0,0.0,0.0,2,0.0,0.0,0.0,0.0,60,12.949913581
1763394263706176862,0.004769167911845566,-0.005721790264030906,0.2804235763051686,-0.09625836401402926,1292,0.0,-0.00017644639161628565,0.0,0.0,0.0,2,0.0,0.0,0.0,0.0,60,12.959837877
1763394263716097734,0.006806246961240537,-0.005990841006134683,0.20370790493949714,-0.026905074210377758,1293,0.0,-0.0008556499495762144,0.0,0.0,0.0,2,0.0,0.0,0.0,0.0,60,12.969758749
1763394263725984165,0.009511164239043093,-0.007513591002525414,0.27049172778025565,-0.15227499963907307,1294,0.0,0.00153231284218388,0.0,0.0,0.0,2,0.0,0.0,0.0,0.0,60,12.97964518
1763394263736217420,0.012512751962070603,-0.00826711347003831,0.30015877230275095,-0.0753522467512896,1295,0.0,-0.0004991877016257272,0.0,0.0,0.0,2,0.0,0.0,0.0,0.0,60,12.989878435
1763394263745915248,0.015692374014218774,-0.009970221983971923,0.3179622052148171,-0.17031085139336127,1296,0.0,0.0017790931397850488,0.0,0.0,0.0,2,0.0,0.0,0.0,0.0,60,12.999576263
1763394263756100869,0.019072594799166676,-0.012146601237283634,0.33802207849479016,-0.2176379253311711,1297,0.0,0.002984789763588339,0.0,0.0,0.0,2,0.0,0.0,0.0,0.0,60,13.009761884
1763394263766144298,0.02654897553728837,-0.013601282107627288,0.7476380738121693,-0.14546808703436545,1298,0.0,-0.003280412905710198,0.0,0.0,0.0,2,0.0,0.0,0.0,0.0,60,13.019805313
1763394263775969403,0.026741770275808367,-0.01578906539984814,0.019279473851999823,-0.21877832922208504,1299,0.0,0.00731585348940602,0.0,0.0,0.0,2,0.0,0.0,0.0,0.0,60,13.029630418
1763394263786111825,0.030370183010293934,-0.017926819431794028,0.3628412734485567,-0.2137754031945889,1300,0.0,0.003490690933584222,0.0,0.0,0.0,2,0.0,0.0,0.0,0.0,60,13.03977284
1763394263796184065,0.033909877355638725,-0.01994139473427138,0.35396943453447904,-0.20145753024773533,1301,0.0,0.003614398427623529,0.0,0.0,0.0,2,0.0,0.0,0.0,0.0,60,13.04984508
1763394263806174177,0.0379662843941233,-0.02228944263201708,0.40564070384845746,-0.23480478977456995,1302,0.0,0.004148498445946148,0.0,0.0,0.0,2,0.0,0.0,0.0,0.0,60,13.059835192
1763394263816023599,0.04145089699158996,-0.024814806131538365,0.34846125974666575,-0.2525363499521285,1303,0.0,0.005619345071122143,0.0,0.0,0.0,2,0.0,0.0,0.0,0.0,60,13.069684614
1763394263826099945,0.049037871471155584,-0.026177250811887202,0.7586974479565627,-0.13624446803488371,1304,0.0,-0.0017008356192150737,0.0,0.0,0.0,2,0.0,0.0,0.0,0.0,60,13.07976096
1763394263836152809,0.04719627850623412,-0.02735688049980505,-0.18415929649214652,-0.11796296879178492,1305,0.0,0.009112110185690612,0.0,0.0,0.0,2,0.0,0.0,0.0,0.0,60,13.089813824
1763394263846229686,0.048970066581829716,-0.028399241617042426,0.17737880755955976,-0.10423611172373747,1306,0.0,0.004703895575927296,0.0,0.0,0.0,2,0.0,0.0,0.0,0.0,60,13.099890701
1763394263856173310,0.049898341827912876,-0.028975879452730044,0.092827524608316,-0.05766378356876177,1307,0.0,0.004693000707997096,0.0,0.0,0.0,2,0.0,0.0,0.0,0.0,60,13.109834325
1763394263866092066,0.052663143008910965,-0.02931822179769738,0.2764801180998089,-0.03423423449673349,1308,0.0,0.0020457372015833747,0.0,0.0,0.0,2,0.0,0.0,0.0,0.0,60,13.119753081
1763394263876230525,0.053095036917085406,-0.029842866254178323,0.04318939081744411,-0.05246444564809445,1309,0.0,0.005291636189954766,0.0,0.0,0.0,2,0.0,0.0,0.0,0.0,60,13.12989154
1763394263886185257,0.053622503352659584,-0.02997462188786395,0.052746643557417816,-0.013175563368562557,1310,0.0,0.004279358569216603,0.0,0.0,0.0,2,0.0,0.0,0.0,0.0,60,13.139846272
1763394263896124523,0.05365167239674076,-0.029718167837696506,0.0029169044081178708,0.025645405016744283,1311,0.0,0.003916598256150003,0.0,0.0,0.0,2,0.0,0.0,0.0,0.0,60,13.149785538
1763394263906043386,0.053454868632272806,-0.029234783894614903,-0.019680376446795655,0.04833839430816028,1312,0.0,0.0035779099964240724,0.0,0.0,0.0,2,0.0,0.0,0.0,0.0,60,13.159704401
1763394263916038938,0.052952900222104665,-0.028739229196949684,-0.0501968410168141,0.04955546976652195,1313,0.0,0.003832998008470801,0.0,0.0,0.0,2,0.0,0.0,0.0,0.0,60,13.169699953
1763394263926036246,0.05202455548044495,-0.02814190902767482,-0.09283447416597174,0.05973201692748634,1314,0.0,0.004004088025432089,0.0,0.0,0.0,2,0.0,0.0,0.0,0.0,60,13.179697261
1763394263936056665,0.051243511138956685,-0.02739938149645276,-0.07810443414882628,0.07425275312220592,1315,0.0,0.003378594105112884,0.0,0.0,0.0,2,0.0,0.0,0.0,0.0,60,13.18971768
1763394263946064528,0.05014626519011017,-0.026856867397863703,-0.1097245948846512,0.054251409858905794,1316,0.0,0.004135386462114887,0.0,0.0,0.0,2,0.0,0.0,0.0,0.0,60,13.199725543
1763394263956044869,0.049048501257075466,-0.026030069226528188,-0.10977639330347067,0.08267981713355153,1317,0.0,0.003344045861265396,0.0,0.0,0.0,2,0.0,0.0,0.0,0.0,60,13.209705884
1763394263966130762,0.04762399178073419,-0.025733990477478378,-0.14245094763412763,0.029607874904981,1318,0.0,0.004923993151772064,0.0,0.0,0.0,2,0.0,0.0,0.0,0.0,60,13.219791777
1763394263976034467,0.04602350603602336,-0.025256091977361568,-0.16004857447108334,0.047789850011681,1319,0.0,0.004629029732015533,0.0,0.0,0.0,2,0.0,0.0,0.0,0.0,60,13.229695482
1763394263986033327,0.04460078405560222,-0.02411517118460136,-0.1422721980421135,0.11409207927602083,1320,0.0,0.0026930185542898715,0.0,0.0,0.0,2,0.0,0.0,0.0,0.0,60,13.239694342
1763394263995994419,0.04222741270176118,-0.023342385369146103,-0.2373371353841039,0.07727858154552569,1321,0.0,0.004551216489628496,0.0,0.0,0.0,2,0.0,0.0,0.0,0.0,60,13.249655434
1763394264006071752,0.03947350758437516,-0.022128784839299708,-0.2753905117386025,0.12136005298463946,1322,0.0,0.0037771213139182113,0.0,0.0,0.0,2,0.0,0.0,0.0,0.0,60,13.259732767
1763394264016021121,0.0371627831792872,-0.020713695476764892,-0.23107244050879563,0.1415089362534816,1323,0.0,0.002568266574835562,0.0,0.0,0.0,2,0.0,0.0,0.0,0.0,60,13.269682136
1763394264026003882,0.03383656366621548,-0.019157097528384702,-0.3326219513071722,0.155659794838019,1324,0.0,0.003189125390958146,0.0,0.0,0.0,2,0.0,0.0,0.0,0.0,60,13.279664897
1763394264036112696,0.030123565916897632,-0.016965974104705305,-0.3712997749317846,0.21911234236793967,1325,0.0,0.0018208718781443298,0.0,0.0,0.0,2,0.0,0.0,0.0,0.0,60,13.289773711
1763394264046130684,0.026370715274584802,-0.015334194046484296,-0.375285064231283,0.1631780058221009,1326,0.0,0.0029266577501921714,0.0,0.0,0.0,2,0.0,0.0,0.0,0.0,60,13.299791699
1763394264056131622,0.021927353987686596,-0.012803382713590104,-0.44433612868982064,0.2530811332894192,1327,0.0,0.0012426211662029587,0.0,0.0,0.0,2,0.0,0.0,0.0,0.0,60,13.309792637
1763394264065989904,0.01738102836746557,-0.010439180344643703,-0.4546325620221024,0.23642023689464003,1328,0.0,0.001391176271300012,0.0,0.0,0.0,2,0.0,0.0,0.0,0.0,60,13.319650919
1763394264076089534,0.012635255339821284,-0.00763590045969923,-0.4745773027644288,0.28032798849444734,1329,0.0,0.00016757621183930219,0.0,0.0,0.0,2,0.0,0.0,0.0,0.0,60,13.329750549
1763394264085942304,0.007565190079730302,-0.004519430566772743,-0.5070065260090982,0.3116469892926487,1330,0.0,-0.0006615490484460614,0.0,0.0,0.0,2,0.0,0.0,0.0,0.0,60,13.339603319
1763394264096045616,0.002344979213322461,-0.0014278189886715587,-0.5220210866407841,0.30916115781011844,1331,0.0,-0.0008994423315797171,0.0,0.0,0.0,2,0.0,0.0,0.0,0.0,60,13.349706631
1763394264106121378,-0.002650698541774743,0.0015278802245859771,-0.49956777550972037,0.29556992132575355,1332,0.0,-0.0012962345161210637,0.0,0.0,0.0,2,0.0,0.0,0.0,0.0,60,13.359782393
1763394264116229503,-0.00788552500406154,0.004420790587552414,-0.5234826462286797,0.28929103629664366,1333,0.0,-0.0013113449370036065,0.0,0.0,0.0,2,0.0,0.0,0.0,0.0,60,13.369890518
1763394264126120323,-0.012659475654941424,0.007143156524813888,-0.47739506508798835,0.2722365937261474,1334,0.0,-0.0018693438348402818,0.0,0.0,0.0,2,0.0,0.0,0.0,0.0,60,13.379781338
1763394264136135390,-0.01702283395523822,0.009918774635461106,-0.43633583002967957,0.2775618110647218,1335,0.0,-0.0028996196128999304,0.0,0.0,0.0,2,0.0,0.0,0.0,0.0,60,13.389796405
1763394264146036447,-0.021403004362545646,0.012135795609205694,-0.43801704073074266,0.22170209737445884,1336,0.0,-0.0019110234453366386,0.0,0.0,0.0,2,0.0,0.0,0.0,0.0,60,13.399697462
1763394264156104477,-0.025306515133555165,0.014398831338564882,-0.3903510771009519,0.22630357293591877,1337,0.0,-0.0029247727978458328,0.0,0.0,0.0,2,0.0,0.0,0.0,0.0,60,13.409765492
1763394264166006644,-0.029381874455686914,0.016369001115373955,-0.4075359322131749,0.19701697768090726,1338,0.0,-0.0023396815608773746,0.0,0.0,0.0,2,0.0,0.0,0.0,0.0,60,13.419667659
1763394264176056785,-0.032410168814886745,0.018464362844078222,-0.302829435919983,0.20953617287042675,1339,0.0,-0.004181544657652185,0.0,0.0,0.0,2,0.0,0.0,0.0,0.0,60,13.4297178
1763394264186185908,-0.03535059422013978,0.019172853331675677,-0.2940425405253036,0.07084904875974546,1340,0.0,-0.0011468110513950245,0.0,0.0,0.0,2,0.0,0.0,0.0,0.0,60,13.439846923
1763394264196134860,-0.03787013997990442,0.020404597622724167,-0.2519545759764638,0.12317442910484908,1341,0.0,-0.0030573137978175424,0.0,0.0,0.0,2,0.0,0.0,0.0,0.0,60,13.449795875
1763394264206140743,-0.039407748927145145,0.021553750519422883,-0.15376089472407262,0.11491528966987158,1342,0.0,-0.004191277622361606,0.0,0.0,0.0,2,0.0,0.0,0.0,0.0,60,13.459801758
1763394264216198176,-0.04151893742534913,0.02172641460849483,-0.2111188498203985,0.01726640890719472,1343,0.0,-0.0012601831265089494,0.0,0.0,0.0,2,0.0,0.0,0.0,0.0,60,13.469859191
1763394264226225686,-0.0419159294621536,0.021956286538440013,-0.0396992036804468,0.02298719299451829,1344,0.0,-0.0034425377164582142,0.0,0.0,0.0,2,0.0,0.0,0.0,0.0,60,13.479886701
1763394264236259769,-0.04194044296741449,0.02239783371722736,-0.0024513505260892465,0.04415471787873465,1345,0.0,-0.004441567051602134,0.0,0.0,0.0,2,0.0,0.0,0.0,0.0,60,13.489920784
1763394264246204526,-0.042710756521166,0.022116935180398874,-0.07703135537515116,-0.02808985368284861,1346,0.0,-0.001832784180439378,0.0,0.0,0.0,2,0.0,0.0,0.0,0.0,60,13.499865541
1763394264256155937,-0.03410391196944487,0.021716127322426927,0.8606844551721129,-0.04008078579719465,1347,0.0,-0.012479245746683864,0.0,0.0,0.0,2,0.0,0.0,0.0,0.0,60,13.509816952
1763394264266141623,-0.0432539918781037,0.02108947809688755,-0.9150079908658827,-0.06266492255393788,1348,0.0,0.008968959593251079,0.0,0.0,0.0,2,0.0,0.0,0.0,0.0,60,13.519802638
1763394264276062860,-0.041190437197166606,0.020054012354465633,0.20635546809370936,-0.10354657424219149,1349,0.0,-0.0030822731610616085,0.0,0.0,0.0,2,0.0,0.0,0.0,0.0,60,13.529723875
1763394264286019109,-0.04144567621571988,0.018557189544439474,-0.025523901855327435,-0.1496822810026159,1350,0.0,0.0009429904689812391,0.0,0.0,0.0,2,0.0,0.0,0.0,0.0,60,13.539680124
1763394264296116455,-0.04080414614241272,0.01673474541776796,0.06415300733071602,-0.1822444126671513,1351,0.0,0.0009246022738107892,0.0,0.0,0.0,2,0.0,0.0,0.0,0.0,60,13.54977747
1763394264306083452,-0.03542798919825857,0.014240400472404824,0.537615694415415,-0.24943449453631375,1352,0.0,-0.0026757289091788507,0.0,0.0,0.0,2,0.0,0.0,0.0,0.0,60,13.559744467
1763394264316223277,-0.03333403303266661,0.012552113162683218,0.20939561655919578,-0.1688287309721606,1353,0.0,-0.00045514308086888004,0.0,0.0,0.0,2,0.0,0.0,0.0,0.0,60,13.569884292
1763394264326159332,-0.03154852312241342,0.011201405485835383,0.178550991025319,-0.13507076768478343,1354,0.0,-0.0006793515892453872,0.0,0.0,0.0,2,0.0,0.0,0.0,0.0,60,13.579820347
1763394264336236280,-0.030654246109654913,0.010530544879219398,0.08942770127585084,-0.06708606066159854,1355,0.0,-0.0011247063060676188,0.0,0.0,0.0,2,0.0,0.0,0.0,0.0,60,13.589897295
1763394264346232950,-0.03029874912374391,0.010606526375751928,0.03554969859110024,0.007598149653252964,1356,0.0,-0.0022530450042576493,0.0,0.0,0.0,2,0.0,0.0,0.0,0.0,60,13.599893965
1763394264356155826,-0.03030105035590619,0.010947011008912672,-0.0002301232162278677,0.03404846331607446,1357,0.0,-0.0025033064103561348,0.0,0.0,0.0,2,0.0,0.0,0.0,0.0,60,13.609816841
1763394264366130396,-0.030107931623460354,0.01133384269796505,0.01931187324458357,0.03868316890523783,1358,0.0,-0.0028980856320063924,0.0,0.0,0.0,2,0.0,0.0,0.0,0.0,60,13.619791411
1763394264376120966,-0.029643147324777623,0.011544262717685938,0.046478429868273066,0.021042001972088747,1359,0.0,-0.0028332928521460246,0.0,0.0,0.0,2,0.0,0.0,0.0,0.0,60,13.629781981
1763394264385993963,-0.028884862696558822,0.011160576669182014,0.07582846282188013,-0.038368604850392424,1360,0.0,-0.0017262027569784947,0.0,0.0,0.0,2,0.0,0.0,0.0,0.0,60,13.639654978
1763394264396261483,-0.02745994741213726,0.010235079786860536,0.14249152844215615,-0.09254968823214776,1361,0.0,-0.0010978245933396,0.0,0.0,0.0,2,0.0,0.0,0.0,0.0,60,13.649922498
1763394264406184478,-0.022230929680784033,0.009497033033930794,0.5229017731353227,-0.0738046752929742,1362,0.0,-0.005880148788022975,0.0,0.0,0.0,2,0.0,0.0,0.0,0.0,60,13.659845493
1763394264416241907,-0.023133089683461148,0.008175243493154977,-0.09021600026771145,-0.13217895407758168,1363,0.0,0.002881352923563128,0.0,0.0,0.0,2,0.0,0.0,0.0,0.0,60,13.669902922
1763394264426152231,-0.02020018690239489,0.00683053797680137,0.2932902781066258,-0.13447055163536073,1364,0.0,-0.0013612012671687067,0.0,0.0,0.0,2,0.0,0.0,0.0,0.0,60,13.679813246
1763394264436163799,-0.017962547193621253,0.005573546733506782,0.22376397087736366,-0.12569912432945882,1365,0.0,-0.0005579011419820363,0.0,0.0,0.0,2,0.0,0.0,0.0,0.0,60,13.689824814
1763394264446251394,-0.014842998471498977,0.003930149185581114,0.3119548722122277,-0.1643397547925668,1366,0.0,-0.0004355255186316658,0.0,0.0,0.0,2,0.0,0.0,0.0,0.0,60,13.699912409
1763394264456072367,-0.011700980367490581,0.002264088289284937,0.31420181040083955,-0.16660608962961765,1367,0.0,-0.00015318837367248386,0.0,0.0,0.0,2,0.0,0.0,0.0,0.0,60,13.709733382
1763394264466093099,-0.008563140843862841,0.0007848238407308084,0.313783952362774,-0.14792644485541287,1368,0.0,-0.00035824022362248437,0.0,0.0,0.0,2,0.0,0.0,0.0,0.0,60,13.719754114
1763394264476071565,-0.005470082456704439,-0.0007527849966414823,0.30930583871584016,-0.15376088373722907,1369,0.0,6.758471985017023e-05,0.0,0.0,0.0,2,0.0,0.0,0.0,0.0,60,13.72973258
1763394264486139701,-0.002900349096467702,-0.001614385119279067,0.2569733360236737,-0.08616001226375847,1370,0.0,-0.0007676970731432696,0.0,0.0,0.0,2,0.0,0.0,0.0,0.0,60,13.739800716
1763394264496181725,6.053304647315148e-05,-0.0027287144468642107,0.29608821429408533,-0.11143293275851437,1371,0.0,-0.0004610789752131175,0.0,0.0,0.0,2,0.0,0.0,0.0,0.0,60,13.74984274
1763394264506094021,0.0023772377498736605,-0.004384486099212149,0.2316704703400509,-0.16557716523479382,1372,0.0,0.0018163991281302675,0.0,0.0,0.0,2,0.0,0.0,0.0,0.0,60,13.759755036
1763394264516120409,0.005945654886684228,-0.004882608306185652,0.3568417136810567,-0.04981222069735027,1373,0.0,-0.002283363925350776,0.0,0.0,0.0,2,0.0,0.0,0.0,0.0,60,13.769781424
1763394264526059648,0.008740748169930153,-0.006618028786213747,0.2795093283245925,-0.1735420480028095,1374,0.0,0.0017903017893526642,0.0,0.0,0.0,2,0.0,0.0,0.0,0.0,60,13.779720663
1763394264536092563,0.012328911800912112,-0.007701099658334586,0.3588163630981959,-0.10830708721208393,1375,0.0,-0.0004996918710920228,0.0,0.0,0.0,2,0.0,0.0,0.0,0.0,60,13.789753578
1763394264546034574,0.015661769094354735,-0.00939502173670438,0.33328572934426226,-0.16939220783697936,1376,0.0,0.0014924606715742122,0.0,0.0,0.0,2,0.0,0.0,0.0,0.0,60,13.799695589
1763394264556135117,0.019363190629931255,-0.011505687066157665,0.37014215355765206,-0.2110665329453285,1377,0.0,0.002359612057181845,0.0,0.0,0.0,2,0.0,0.0,0.0,0.0,60,13.809796132
1763394264566077705,0.026839350610330465,-0.013522085493549725,0.747615998039921,-0.20163984273920602,1378,0.0,-0.0019741401652906684,0.0,0.0,0.0,2,0.0,0.0,0.0,0.0,60,13.81973872
1763394264576067211,0.02755642438714049,-0.015545147580897313,0.07170737768100247,-0.20230620873475882,1379,0.0,0.006280323411867626,0.0,0.0,0.0,2,0.0,0.0,0.0,0.0,60,13.829728226
1763394264586129172,0.03175230987266177,-0.01798110661878879,0.4195885485521279,-0.24359590378914778,1380,0.0,0.0035354664871935057,0.0,0.0,0.0,2,0.0,0.0,0.0,0.0,60,13.839790187
1763394264596129282,0.035468123086174086,-0.019783674762621377,0.37158132135123173,-0.18025681438325855,1381,0.0,0.002891809738263191,0.0,0.0,0.0,2,0.0,0.0,0.0,0.0,60,13.849790297
1763394264606084070,0.03949538249608302,-0.02234405230126179,0.40272594099089315,-0.25603775386404126,1382,0.0,0.0046930768340810855,0.0,0.0,0.0,2,0.0,0.0,0.0,0.0,60,13.859745085
1763394264616128881,0.0441803223278342,-0.024836773172398238,0.4684939831751181,-0.2492720871136448,1383,0.0,0.004144477602495675,0.0,0.0,0.0,2,0.0,0.0,0.0,0.0,60,13.869789896
1763394264626064996,0.04749882479473941,-0.026763235832141304,0.331850246690521,-0.1926462659743066,1384,0.0,0.0047162662933480926,0.0,0.0,0.0,2,0.0,0.0,0.0,0.0,60,13.879726011
1763394264636090791,0.050688897034490255,-0.02875510208567547,0.31900722397508463,-0.19918662535341677,1385,0.0,0.005324329439281118,0.0,0.0,0.0,2,0.0,0.0,0.0,0.0,60,13.889751806
1763394264646095249,0.05378758804029342,-0.029837245911707805,0.3098691005803164,-0.10821438260323335,1386,0.0,0.0034680471790692847,0.0,0.0,0.0,2,0.0,0.0,0.0,0.0,60,13.899756264
1763394264656053886,0.055545852710179464,-0.031098077471469383,0.1758264669886045,-0.12608315597615777,1387,0.0,0.005652701831919363,0.0,0.0,0.0,2,0.0,0.0,0.0,0.0,60,13.909714901
1763394264666187699,0.056533868422534175,-0.03187227916968885,0.09880157123547118,-0.0774201698219467,1388,0.0,0.0055337963686886635,0.0,0.0,0.0,2,0.0,0.0,0.0,0.0,60,13.919848714
1763394264676086342,0.05844907277949815,-0.03246848561295809,0.1915204356963976,-0.059620644326924266,1389,0.0,0.004121449112714306,0.0,0.0,0.0,2,0.0,0.0,0.0,0.0,60,13.929747357
1763394264686179512,0.05905149970645801,-0.03251266149394706,0.06024269269598592,-0.004417588098896974,1390,0.0,0.004377263161903453,0.0,0.0,0.0,2,0.0,0.0,0.0,0.0,60,13.939840527
1763394264696049778,0.061705421860672155,-0.032656305715065434,0.26539221542141445,-0.014364422111837194,1391,0.0,0.0022303056465201947,0.0,0.0,0.0,2,0.0,0.0,0.0,0.0,60,13.949710793
1763394264706081583,0.06106640744932419,-0.03213950365923369,-0.06390144113479629,0.05168020558317457,1392,0.0,0.004470770223460879,0.0,0.0,0.0,2,0.0,0.0,0.0,0.0,60,13.959742598
1763394264716182448,0.053823670407547125,-0.03178184989532366,-0.7242737041777066,0.035765376391002496,1393,0.0,0.012524828917924839,0.0,0.0,0.0,2,0.0,0.0,0.0,0.0,60,13.969843463
1763394264726047105,0.05832168171252318,-0.03119442428114876,0.44980113049760545,0.058742561417490444,1394,0.0,-0.0018753219654435477,0.0,0.0,0.0,2,0.0,0.0,0.0,0.0,60,13.97970812
1763394264736114128,0.05739272874889739,-0.03008127007812525,-0.0928952963625787,0.11131542030235093,1395,0.0,0.003098049992408334,0.0,0.0,0.0,2,0.0,0.0,0.0,0.0,60,13.989775143
1763394264745962999,0.05660663142527625,-0.029558703169985313,-0.07860973236211433,0.052256690813993686,1396,0.0,0.004235256199914254,0.0,0.0,0.0,2,0.0,0.0,0.0,0.0,60,13.999624014
1763394264756177121,0.0554338518814866,-0.02835293428354721,-0.1172779543789651,0.12057688864381029,1397,0.0,0.002905944339537818,0.0,0.0,0.0,2,0.0,0.0,0.0,0.0,60,14.009838136
1763394264766100249,0.05278666536887565,-0.026480340755667964,-0.26471865126109495,0.1872593527879246,1398,0.0,0.0027894693646727253,0.0,0.0,0.0,2,0.0,0.0,0.0,0.0,60,14.019761264
1763394264776011706,0.05034290954320056,-0.024996488009760974,-0.24437558256750896,0.14838527459069897,1399,0.0,0.003235321060694547,0.0,0.0,0.0,2,0.0,0.0,0.0,0.0,60,14.029672721
1763394264785997462,0.04860029359743376,-0.02406490816802856,-0.1742615945766801,0.09315798417324148,1400,0.0,0.0035637868882827523,0.0,0.0,0.0,2,0.0,0.0,0.0,0.0,60,14.039658477
1763394264796214960,0.046750826699285215,-0.02324246922698282,-0.18494668981485426,0.08224389410457396,1401,0.0,0.003818085046893728,0.0,0.0,0.0,2,0.0,0.0,0.0,0.0,60,14.049875975
1763394264806139691,0.045271615916776024,-0.022705185725831047,-0.1479210782509191,0.05372835011517724,1402,0.0,0.00396798428165401,0.0,0.0,0.0,2,0.0,0.0,0.0,0.0,60,14.059800706
1763394264816049818,0.04380466775768812,-0.021667911566954537,-0.14669481590879052,0.10372741588765104,1403,0.0,0.0026237320872719056,0.0,0.0,0.0,2,0.0,0.0,0.0,0.0,60,14.069710833
1763394264826013041,0.04139823642043195,-0.02136961494188841,-0.2406431337256168,0.02982966250661273,1404,0.0,0.005408270796396325,0.0,0.0,0.0,2,0.0,0.0,0.0,0.0,60,14.079674056
1763394264836165037,0.03901340021692401,-0.020314920752596534,-0.2384836203507941,0.10546941892918757,1405,0.0,0.0034466732681341867,0.0,0.0,0.0,2,0.0,0.0,0.0,0.0,60,14.089826052
1763394264845991042,0.03658506123436959,-0.019095559243204538,-0.2428338982554422,0.1219361509391996,1406,0.0,0.0029242782392437227,0.0,0.0,0.0,2,0.0,0.0,0.0,0.0,60,14.099652057
1763394264856077268,0.033434536832170916,-0.017490550071449364,-0.31505244021986717,0.16050091717551734,1407,0.0,0.002621693707149814,0.0,0.0,0.0,2,0.0,0.0,0.0,0.0,60,14.109738283
1763394264866215582,0.029648657369638183,-0.01570160621934705,-0.3785879462532733,0.17889438521023135,1408,0.0,0.0026609619618447305,0.0,0.0,0.0,2,0.0,0.0,0.0,0.0,60,14.119876597
1763394264876081359,0.025840422312438098,-0.013819416226989805,-0.3808235057200085,0.1882189992357246,1409,0.0,0.0021791023554219692,0.0,0.0,0.0,2,0.0,0.0,0.0,0.0,60,14.129742374
1763394264886250244,0.0216856642193565,-0.011460820407505729,-0.4154758093081599,0.2358595819484076,1410,0.0,0.0011082023424442526,0.0,0.0,0.0,2,0.0,0.0,0.0,0.0,60,14.139911259
1763394264896004700,0.017047893703564986,-0.0091720567241016,-0.4637770515791513,0.22887636834041294,1411,0.0,0.0014870760297663902,0.0,0.0,0.0,2,0.0,0.0,0.0,0.0,60,14.149665715
1763394264906049990,0.012491007847084679,-0.006602499197793182,-0.45568858564803066,0.2569557526308417,1412,0.0,0.0003404553186846723,0.0,0.0,0.0,2,0.0,0.0,0.0,0.0,60,14.159711005
1763394264916049730,0.007261143847544848,-0.0035131528115594085,-0.5229863999539831,0.3089346386233774,1413,0.0,-0.0005599897565215506,0.0,0.0,0.0,2,0.0,0.0,0.0,0.0,60,14.169710745
1763394264926173450,0.0021218340198219422,-0.0006533125324029564,-0.5139309827722905,0.2859840279156452,1414,0.0,-0.0005662728091425104,0.0,0.0,0.0,2,0.0,0.0,0.0,0.0,60,14.179834465
1763394264936074886,-0.0027464939612145533,0.0019043807595940931,-0.48683279810364954,0.25576932919970496,1415,0.0,-0.0005686717153922469,0.0,0.0,0.0,2,0.0,0.0,0.0,0.0,60,14.189735901
1763394264946177552,-0.007920640856722916,0.0050350268574981955,-0.5174146895508362,0.31306460979041023,1416,0.0,-0.002030871975185409,0.0,0.0,0.0,2,0.0,0.0,0.0,0.0,60,14.199838567
1763394264956052560,-0.012477352034095116,0.007684377214417629,-0.45567111773721997,0.2649350356919433,1417,0.0,-0.0020327788788484418,0.0,0.0,0.0,2,0.0,0.0,0.0,0.0,60,14.209713575
1763394264966099942,-0.01686065902869655,0.010386370907709046,-0.43833069946014325,0.2701993693291417,1418,0.0,-0.002772255453348142,0.0,0.0,0.0,2,0.0,0.0,0.0,0.0,60,14.219760957
1763394264976108146,-0.021474916154806106,0.012587776641271937,-0.46142571261095566,0.2201405733562891,1419,0.0,-0.0016665583889176033,0.0,0.0,0.0,2,0.0,0.0,0.0,0.0,60,14.229769161
1763394264986210850,-0.02525595372969354,0.014370128987069783,-0.37810375748874336,0.1782352345797846,1420,0.0,-0.0019373107132147124,0.0,0.0,0.0,2,0.0,0.0,0.0,0.0,60,14.239871865
1763394264996170498,-0.029016326423686564,0.016349447153562256,-0.37603726939930243,0.19793181664924733,1421,0.0,-0.0027270697552758947,0.0,0.0,0.0,2,0.0,0.0,0.0,0.0,60,14.249831513
1763394265006119801,-0.03169544068384046,0.01780683128163832,-0.2679114260153898,0.14573841280760627,1422,0.0,-0.002996627119865398,0.0,0.0,0.0,2,0.0,0.0,0.0,0.0,60,14.259780816
1763394265016158987,-0.034618804457960034,0.01899683696862147,-0.2923363774119572,0.11900056869831518,1423,0.0,-0.0022675157819574934,0.0,0.0,0.0,2,0.0,0.0,0.0,0.0,60,14.269820002
1763394265026025703,-0.03666374589831267,0.01989025727008105,-0.20449414403526378,0.08934203014595785,1424,0.0,-0.002741913993825394,0.0,0.0,0.0,2,0.0,0.0,0.0,0.0,60,14.279686718
1763394265036066114,-0.039008261349461795,0.020977940879551175,-0.23445154511491234,0.10876836094701262,1425,0.0,-0.0030132561437664846,0.0,0.0,0.0,2,0.0,0.0,0.0,0.0,60,14.289727129
1763394265046176549,-0.0409380295938762,0.02115434256087615,-0.19297682444144038,0.017640168132497525,1426,0.0,-0.001395699357493774,0.0,0.0,0.0,2,0.0,0.0,0.0,0.0,60,14.299837564
1763394265056123650,-0.04035656974527027,0.0210640241620478,0.0581459848605928,-0.009031839882835124,1427,0.0,-0.003704427508872354,0.0,0.0,0.0,2,0.0,0.0,0.0,0.0,60,14.309784665
1763394265066066418,-0.0443562340186011,0.021073792616520322,-0.399966427333083,0.0009768454472522392,1428,0.0,0.00142760997290829,0.0,0.0,0.0,2,0.0,0.0,0.0,0.0,60,14.319727433
1763394265076014476,-0.04211362025420518,0.020701274917068926,0.2242613764395919,-0.03725176994513954,1429,0.0,-0.004945167041500951,0.0,0.0,0.0,2,0.0,0.0,0.0,0.0,60,14.329675491
1763394265086248089,-0.042925367827327435,0.020303168918347048,-0.08117475731222526,-0.03981059987218788,1430,0.0,-0.0012417839341764079,0.0,0.0,0.0,2,0.0,0.0,0.0,0.0,60,14.339909104
1763394265096052193,-0.04274959882086017,0.019774423576493505,0.017576900646726346,-0.05287453418535426,1431,0.0,-0.0020165154483120142,0.0,0.0,0.0,2,0.0,0.0,0.0,0.0,60,14.349713208
1763394265106051442,-0.04253808383784839,0.01892007494813021,0.021151498301177907,-0.08543486283632967,1432,0.0,-0.001168209751212942,0.0,0.0,0.0,2,0.0,0.0,0.0,0.0,60,14.359712457
1763394265116106990,-0.04023960979860165,0.018361887558356528,0.22984740392467395,-0.055818738977368026,1433,0.0,-0.004224062041246155,0.0,0.0,0.0,2,0.0,0.0,0.0,0.0,60,14.369768005
1763394265126016677,-0.04021957630868604,0.017460440779838646,0.0020033489915610714,-0.09014467785178823,1434,0.0,-0.0006102784388755133,0.0,0.0,0.0,2,0.0,0.0,0.0,0.0,60,14.379677692
1763394265136102666,-0.037092844786360185,0.01641724020822495,0.3126731522325857,-0.1043200571613695,1435,0.0,-0.003762885021072822,0.0,0.0,0.0,2,0.0,0.0,0.0,0.0,60,14.389763681
1763394265146268194,-0.04035687621455761,0.01574601669603327,-0.32640314281974225,-0.067122351219168,1436,0.0,0.002959766393105731,0.0,0.0,0.0,2,0.0,0.0,0.0,0.0,60,14.399929209
1763394265156190903,-0.039291937880543165,0.014811221757159647,0.10649383340144425,-0.09347949388736239,1437,0.0,-0.0013647319022718784,0.0,0.0,0.0,2,0.0,0.0,0.0,0.0,60,14.409851918
1763394265166227153,-0.038242177076885764,0.013750147165194116,0.10497608036574013,-0.10610745919655308,1438,0.0,-0.0008908784020331506,0.0,0.0,0.0,2,0.0,0.0,0.0,0.0,60,14.419888168
1763394265176133067,-0.036553946474898166,0.012549795016832569,0.16882306019875976,-0.1200352148361547,1439,0.0,-0.0011316975788087371,0.0,0.0,0.0,2,0.0,0.0,0.0,0.0,60,14.429794082
1763394265186283675,-0.03126411293673183,0.011296391393309492,0.5289833538166339,-0.1253403623523077,1440,0.0,-0.005036008517965735,0.0,0.0,0.0,2,0.0,0.0,0.0,0.0,60,14.43994469
1763394265196080386,-0.03335651848868388,0.010561475492217039,-0.2092405551952052,-0.07349159010924533,1441,0.0,0.002520379621426868,0.0,0.0,0.0,2,0.0,0.0,0.0,0.0,60,14.449741401
1763394265206047831,-0.03258522071570354,0.009860443775226144,0.07712977729803366,-0.0701031716990895,1442,0.0,-0.0008161441165116649,0.0,0.0,0.0,2,0.0,0.0,0.0,0.0,60,14.459708846
1763394265216082922,-0.031739770262619094,0.009406656136251992,0.08454504530844495,-0.0453787638974152,1443,0.0,-0.0014132701198532375,0.0,0.0,0.0,2,0.0,0.0,0.0,0.0,60,14.469743937
1763394265226058014,-0.03231342997217161,0.008942965970208192,-0.05736597095525181,-0.04636901660437995,1444,0.0,0.00034336666935087497,0.0,0.0,0.0,2,0.0,0.0,0.0,0.0,60,14.479719029
1763394265236160527,-0.0292964798782312,0.008300452323946491,0.3016950093940412,-0.06425136462617012,1445,0.0,-0.0033501920030631427,0.0,0.0,0.0,2,0.0,0.0,0.0,0.0,60,14.489821542
1763394265246112432,-0.028385351971701254,0.00792966146280081,0.0911127906529946,-0.037079086114568185,1446,0.0,-0.0014567126542353133,0.0,0.0,0.0,2,0.0,0.0,0.0,0.0,60,14.499773447
1763394265256093988,-0.027020197969408622,0.007198567643942853,0.13651540022926317,-0.07310938188579558,1447,0.0,-0.0010331025162298025,0.0,0.0,0.0,2,0.0,0.0,0.0,0.0,60,14.509755003
1763394265266106847,-0.025587960813560944,0.006461295272912046,0.1432237155847678,-0.07372723710308074,1448,0.0,-0.0009841682983843596,0.0,0.0,0.0,2,0.0,0.0,0.0,0.0,60,14.519767862
1763394265276100001,-0.02443338495971021,0.006337294792577674,0.11545758538507346,-0.012400048033437208,1449,0.0,-0.0020740966848489446,0.0,0.0,0.0,2,0.0,0.0,0.0,0.0,60,14.529761016
1763394265286259078,-0.022972483007469423,0.005635907903766189,0.14609019522407868,-0.07013868888114845,1450,0.0,-0.0009722223952395638,0.0,0.0,0.0,2,0.0,0.0,0.0,0.0,60,14.539920093
1763394265296250165,-0.020726655136664995,0.004861358560499549,0.22458278708044274,-0.07745493432666402,1451,0.0,-0.0016013541081185986,0.0,0.0,0.0,2,0.0,0.0,0.0,0.0,60,14.54991118
1763394265306145998,-0.01879345157415933,0.0038781578611610037,0.19332035625056648,-0.09832006993385455,1452,0.0,-0.0005939997911939532,0.0,0.0,0.0,2,0.0,0.0,0.0,0.0,60,14.559807013
1763394265316174103,-0.01631710232624836,0.002740098093174402,0.24763492479109686,-0.11380597679866017,1453,0.0,-0.0006932393746567557,0.0,0.0,0.0,2,0.0,0.0,0.0,0.0,60,14.569835118
1763394265326075516,-0.014070404538335555,0.0013703439544699159,0.22466977879128067,-0.13697541387044862,1454,0.0,0.00032877644752004904,0.0,0.0,0.0,2,0.0,0.0,0.0,0.0,60,14.579736531
1763394265336220212,-0.011358870356545692,0.0006046207997233329,0.27115341817898625,-0.0765723154746583,1455,0.0,-0.00151197910200454,0.0,0.0,0.0,2,0.0,0.0,0.0,0.0,60,14.589881227
1763394265345977478,-0.008551568169522492,-0.0009429195346257625,0.28073021870232,-0.15475403343490954,1456,0.0,0.0004455025816568381,0.0,0.0,0.0,2,0.0,0.0,0.0,0.0,60,14.599638493
1763394265356108670,-0.0057943370510261175,-0.0017013644568565564,0.2757231118496375,-0.07584449222307939,1457,0.0,-0.0012253672831202178,0.0,0.0,0.0,2,0.0,0.0,0.0,0.0,60,14.609769685
1763394265366137767,-0.003302765458737856,-0.003441629955078329,0.24915715922882614,-0.17402654982217725,1458,0.0,0.00165300994316523,0.0,0.0,0.0,2,0.0,0.0,0.0,0.0,60,14.619798782
1763394265376098377,-0.0001822662261002396,-0.0046873962485329285,0.31204992326376163,-0.12457662934545997,1459,0.0,-5.1480317628865065e-05,0.0,0.0,0.0,2,0.0,0.0,0.0,0.0,60,14.629759392
1763394265386108175,0.0024578659986474634,-0.006072100895516155,0.26401322247477027,-0.1384704646983226,1460,0.0,0.0010508789883024775,0.0,0.0,0.0,2,0.0,0.0,0.0,0.0,60,14.63976919
1763394265396054766,0.006267587658928035,-0.0072542887462334164,0.38097216602805717,-0.11821878507172617,1461,0.0,-0.0006114037280006823,0.0,0.0,0.0,2,0.0,0.0,0.0,0.0,60,14.649715781
1763394265406093553,0.009255352346428117,-0.009178860181444558,0.29877646875000813,-0.19245714352111412,1462,0.0,0.0023876502526008524,0.0,0.0,0.0,2,0.0,0.0,0.0,0.0,60,14.659754568
1763394265416254304,0.012614952032986501,-0.010470143826707062,0.33595996865583844,-0.12912836452625037,1463,0.0,0.0006671414440043138,0.0,0.0,0.0,2,0.0,0.0,0.0,0.0,60,14.669915319
1763394265426107911,0.016074417633814883,-0.012328970298932507,0.3459465600828382,-0.18588264722254455,1464,0.0,0.002165420024043326,0.0,0.0,0.0,2,0.0,0.0,0.0,0.0,60,14.679768926
1763394265436171444,0.01954142822932769,-0.014039385692641546,0.3467010595512805,-0.1710415393709039,1465,0.0,0.0020717371338324284,0.0,0.0,0.0,2,0.0,0.0,0.0,0.0,60,14.689832459
1763394265446159401,0.026735551505880924,-0.015515781214510355,0.7194123276553235,-0.14763955218688088,1466,0.0,-0.0026143949329580675,0.0,0.0,0.0,2,0.0,0.0,0.0,0.0,60,14.699820416
1763394265456200626,0.026818184864645572,-0.017760113225824617,0.008263335876464856,-0.2244332011314262,1467,0.0,0.007869470508808676,0.0,0.0,0.0,2,0.0,0.0,0.0,0.0,60,14.709861641
1763394265466160446,0.030310567676638353,-0.01973093213978405,0.3492382811992781,-0.19708189139594315,1468,0.0,0.0035256753589111133,0.0,0.0,0.0,2,0.0,0.0,0.0,0.0,60,14.719821461
1763394265476120979,0.033715963318925755,-0.021433385587070475,0.3405395642287402,-0.1702453447286426,1469,0.0,0.0032604319176623236,0.0,0.0,0.0,2,0.0,0.0,0.0,0.0,60,14.729781994
1763394265486031262,0.03731882950526755,-0.02376653571086525,0.3602866186341792,-0.23331501237947755,1470,0.0,0.00486270164559182,0.0,0.0,0.0,2,0.0,0.0,0.0,0.0,60,14.739692277
1763394265496176126,0.04042500905688562,-0.02545100511500225,0.3106179551618071,-0.1684469404136999,1471,0.0,0.00418345590908854,0.0,0.0,0.0,2,0.0,0.0,0.0,0.0,60,14.749837141
1763394265506087711,0.0434609462862663,-0.02686354971028035,0.30359372293806836,-0.14125445952780993,1472,0.0,0.003846249458256166,0.0,0.0,0.0,2,0.0,0.0,0.0,0.0,60,14.759748726
1763394265516192568,0.04536271184163272,-0.027815189655825176,0.19017655553664192,-0.09516399455448271,1473,0.0,0.0042439527127452956,0.0,0.0,0.0,2,0.0,0.0,0.0,0.0,60,14.769853583
1763394265526081271,0.04658544213978676,-0.028352875853477476,0.12227302981540414,-0.05376861976522998,1474,0.0,0.0041540262150672105,0.0,0.0,0.0,2,0.0,0.0,0.0,0.0,60,14.779742286
1763394265536033868,0.047452451266992324,-0.0283275239116274,0.08670091272055605,0.0025351941850076942,1475,0.0,0.0032506045207059864,0.0,0.0,0.0,2,0.0,0.0,0.0,0.0,60,14.789694883
1763394265545933675,0.04786260751019662,-0.028347232297461167,0.04101562432042988,-0.001970838583376794,1476,0.0,0.0038968714558326027,0.0,0.0,0.0,2,0.0,0.0,0.0,0.0,60,14.79959469
1763394265556084667,0.04811531996797157,-0.027968162673867543,0.02527124577749451,0.03790696235936239,1477,0.0,0.0030915773264834946,0.0,0.0,0.0,2,0.0,0.0,0.0,0.0,60,14.809745682
1763394265566035035,0.0480476536988869,-0.027500606963365162,-0.006766626908466522,0.04675557105023806,1478,0.0,0.0031910382452694118,0.0,0.0,0.0,2,0.0,0.0,0.0,0.0,60,14.81969605
1763394265576048606,0.04790498522213385,-0.026995739762878675,-0.014266847675305228,0.050486720048648764,1479,0.0,0.0031165734201407,0.0,0.0,0.0,2,0.0,0.0,0.0,0.0,60,14.829709621
1763394265585965682,0.047520962777432244,-0.026480466397653273,-0.03840224447016066,0.05152733652254021,1480,0.0,0.0032982927083870083,0.0,0.0,0.0,2,0.0,0.0,0.0,0.0,60,14.839626697
1763394265596191306,0.046983581597441995,-0.026089208054094003,-0.05373811799902484,0.03912583435592698,1481,0.0,0.0037096930394865954,0.0,0.0,0.0,2,0.0,0.0,0.0,0.0,60,14.849852321
1763394265606123521,0.04646818978030698,-0.02588631371337338,-0.051539181713501636,0.020289434072062393,1482,0.0,0.004093946731108043,0.0,0.0,0.0,2,0.0,0.0,0.0,0.0,60,14.859784536
1763394265616072926,0.04582048747228613,-0.025369271006363263,-0.06477023080208519,0.05170427070101159,1483,0.0,0.0034344907989319606,0.0,0.0,0.0,2,0.0,0.0,0.0,0.0,60,14.869733941
1763394265626114910,0.04512106673282973,-0.024759501803716263,-0.06994207394563981,0.060976920264699946,1484,0.0,0.003185621091589746,0.0,0.0,0.0,2,0.0,0.0,0.0,0.0,60,14.879775925
1763394265636115603,0.04441361859816324,-0.023985939209905237,-0.07074481346664857,0.07735625938110266,1485,0.0,0.0026945925780072315,0.0,0.0,0.0,2,0.0,0.0,0.0,0.0,60,14.889776618
1763394265646228099,0.04307274841306328,-0.023473442153774286,-0.1340870185099964,0.05124970561309512,1486,0.0,0.003970765999999123,0.0,0.0,0.0,2,0.0,0.0,0.0,0.0,60,14.899889114
1763394265656051508,0.04130075618318423,-0.023214954214976477,-0.17719922298790464,0.025848793879780854,1487,0.0,0.005029115877514424,0.0,0.0,0.0,2,0.0,0.0,0.0,0.0,60,14.909712523
1763394265666002076,0.03965969958832978,-0.02243139638844161,-0.16410565948544523,0.07835578265348656,1488,0.0,0.0035237085355634295,0.0,0.0,0.0,2,0.0,0.0,0.0,0.0,60,14.919663091
1763394265675980276,0.038463301101623854,-0.02146267148965415,-0.11963984867059269,0.09687248987874618,1489,0.0,0.0024206617180508854,0.0,0.0,0.0,2,0.0,0.0,0.0,0.0,60,14.929641291
1763394265686116489,0.03616445593360032,-0.020764217011810627,-0.22988451680235333,0.06984544778435228,1490,0.0,0.004238904225977659,0.0,0.0,0.0,2,0.0,0.0,0.0,0.0,60,14.939777504
1763394265696082702,0.033631013263826046,-0.01949257585315419,-0.25334426697742746,0.12716411586564355,1491,0.0,0.0029751654368354256,0.0,0.0,0.0,2,0.0,0.0,0.0,0.0,60,14.949743717
1763394265706062249,0.030949485284638166,-0.018077268805249437,-0.26815279791878793,0.14153070479047541,1492,0.0,0.0025951045130582426,0.0,0.0,0.0,2,0.0,0.0,0.0,0.0,60,14.959723264
1763394265716056651,0.027727014430957916,-0.016206767449761114,-0.32224708536802493,0.1870501355488323,1493,0.0,0.001877164618719898,0.0,0.0,0.0,2,0.0,0.0,0.0,0.0,60,14.969717666
1763394265726098004,0.027437318995265532,-0.014609190268746512,-0.02896954356923845,0.1597577181014602,1494,0.0,-0.0011642116238684925,0.0,0.0,0.0,2,0.0,0.0,0.0,0.0,60,14.979759019
1763394265736144303,0.020279593661184987,-0.012442540790038549,-0.7157725334080545,0.21666494787079635,1495,0.0,0.005225783971200479,0.0,0.0,0.0,2,0.0,0.0,0.0,0.0,60,14.989805318
1763394265746215585,0.016181524758317814,-0.010125190090496854,-0.4098068902867173,0.23173506995416945,1496,0.0,0.0009246441590478683,0.0,0.0,0.0,2,0.0,0.0,0.0,0.0,60,14.9998766
1763394265756045713,0.011923996363057621,-0.007910789275951662,-0.4257528395260193,0.22144008145451918,1497,0.0,0.0010133045718416648,0.0,0.0,0.0,2,0.0,0.0,0.0,0.0,60,15.009706728
1763394265766234509,0.0075800137052005785,-0.005781955661851653,-0.4343982657857043,0.2128833614100009,1498,0.0,0.000987877712282306,0.0,0.0,0.0,2,0.0,0.0,0.0,0.0,60,15.019895524
1763394265776101848,0.003864203104094653,-0.0036281175834653786,-0.37158106011059255,0.21538380783862748,1499,0.0,-0.000137847176449552,0.0,0.0,0.0,2,0.0,0.0,0.0,0.0,60,15.029762863
1763394265786189446,-0.0003880084452764065,-0.0009914632431912256,-0.42522115493710594,0.2636654340274153,1500,0.0,-0.0010421930305777281,0.0,0.0,0.0,2,0.0,0.0,0.0,0.0,60,15.039850461
1763394265796141673,-0.0049807985211449655,0.0016908087702125936,-0.4592790075868559,0.2682272013403819,1501,0.0,-0.0011592987249577072,0.0,0.0,0.0,2,0.0,0.0,0.0,0.0,60,15.049802688
1763394265806109177,-0.009712579320893564,0.004231672587744914,-0.47317807997485983,0.25408638175323206,1502,0.0,-0.0010541831298075833,0.0,0.0,0.0,2,0.0,0.0,0.0,0.0,60,15.059770192
1763394265816064190,-0.014669527828611606,0.006520424265128829,-0.4956948507718042,0.22887516773839148,1503,0.0,-0.0005517175455961787,0.0,0.0,0.0,2,0.0,0.0,0.0,0.0,60,15.069725205
1763394265826044497,-0.018614306503573368,0.008535196733777197,-0.39447786749617614,0.2014772468648368,1504,0.0,-0.0014075769356341234,0.0,0.0,0.0,2,0.0,0.0,0.0,0.0,60,15.079705512
1763394265835992272,-0.022682862469103126,0.011114375155455273,-0.4068555965529758,0.25791784216780755,1505,0.0,-0.002978727997667385,0.0,0.0,0.0,2,0.0,0.0,0.0,0.0,60,15.089653287
1763394265846280804,-0.02619197728528815,0.01316252307222791,-0.3509114816185023,0.2048147916772637,1506,0.0,-0.0027039541336251957,0.0,0.0,0.0,2,0.0,0.0,0.0,0.0,60,15.099941819
1763394265856128576,-0.029766004606980895,0.01483783621087411,-0.3574027321692746,0.16753131386461997,1507,0.0,-0.0020118946128455033,0.0,0.0,0.0,2,0.0,0.0,0.0,0.0,60,15.109789591
1763394265866230296,-0.033205432528344125,0.01668606282179283,-0.34394279213632306,0.18482266109187198,1508,0.0,-0.0028587384413293793,0.0,0.0,0.0,2,0.0,0.0,0.0,0.0,60,15.119891311
1763394265876021654,-0.03608012248461101,0.01769653210361568,-0.2874689956266885,0.10104692818228497,1509,0.0,-0.001715802108100227,0.0,0.0,0.0,2,0.0,0.0,0.0,0.0,60,15.129682669
1763394265886165853,-0.038460119199156304,0.019229891562322632,-0.23799967145452933,0.15333594587069524,1510,0.0,-0.0037563245900065624,0.0,0.0,0.0,2,0.0,0.0,0.0,0.0,60,15.139826868
1763394265896190983,-0.040595450073116754,0.01968591472677799,-0.21353308739604504,0.04560231644553589,1511,0.0,-0.0015916906137325266,0.0,0.0,0.0,2,0.0,0.0,0.0,0.0,60,15.149851998
1763394265906082101,-0.04045792041630761,0.01997987670258493,0.013752965680914608,0.029396197580693756,1512,0.0,-0.003923975882868374,0.0,0.0,0.0,2,0.0,0.0,0.0,0.0,60,15.159743116
1763394265916199121,-0.042629569146002994,0.020667762917312545,-0.21716487296953857,0.06878862147276163,1513,0.0,-0.002243775150532629,0.0,0.0,0.0,2,0.0,0.0,0.0,0.0,60,15.169860136
1763394265926083195,-0.04435595081839152,0.020632141004442724,-0.17263816723885259,-0.003562191286982097,1514,0.0,-0.001070320462102793,0.0,0.0,0.0,2,0.0,0.0,0.0,0.0,60,15.17974421
1763394265936159126,-0.04569477586106412,0.020466991466874078,-0.13388250426726034,-0.01651495375686457,1515,0.0,-0.0012013071306730086,0.0,0.0,0.0,2,0.0,0.0,0.0,0.0,60,15.189820141
1763394265946050542,-0.0436766782899589,0.019975040887959816,0.2018097571105222,-0.04919505789142617,1516,0.0,-0.00429872010054621,0.0,0.0,0.0,2,0.0,0.0,0.0,0.0,60,15.199711557
1763394265956152388,-0.04681064712725983,0.019158540079925,-0.31339688373009306,-0.08165008080348174,1517,0.0,0.0026240351267831467,0.0,0.0,0.0,2,0.0,0.0,0.0,0.0,60,15.209813403
1763394265966135024,-0.04254524338870321,0.01815803923483989,0.42654037385566196,-0.10005008450851074,1518,0.0,-0.005473635178344904,0.0,0.0,0.0,2,0.0,0.0,0.0,0.0,60,15.219796039
1763394265976185159,-0.04321861979145945,0.01742115377117722,-0.06733764027562414,-0.07368854636626704,1519,0.0,-0.0001847666439901603,0.0,0.0,0.0,2,0.0,0.0,0.0,0.0,60,15.229846174
1763394265986130648,-0.040038645322871685,0.01670341921054195,0.3179974468587768,-0.0717734560635272,1520,0.0,-0.004639399471931059,0.0,0.0,0.0,2,0.0,0.0,0.0,0.0,60,15.239791663
1763394265996179131,-0.04259760160078856,0.01627309021967982,-0.2558956277916871,-0.04303289908621291,1521,0.0,0.0014824863756151146,0.0,0.0,0.0,2,0.0,0.0,0.0,0.0,60,15.249840146
1763394266006051265,-0.04244144888458051,0.01589286016168814,0.015615271620804394,-0.038023005799167967,1522,0.0,-0.0017667921742394173,0.0,0.0,0.0,2,0.0,0.0,0.0,0.0,60,15.25971228
1763394266016141501,-0.03840356356943819,0.015157267009497107,0.403788531514232,-0.07355931521910337,1523,0.0,-0.0053715952030137385,0.0,0.0,0.0,2,0.0,0.0,0.0,0.0,60,15.269802516
1763394266026050143,-0.03784572296807272,0.013763675270184288,0.05578406013654752,-0.1393591739312819,1524,0.0,0.0004655186322095918,0.0,0.0,0.0,2,0.0,0.0,0.0,0.0,60,15.279711158
1763394266036165755,-0.041623220490198745,0.012671687378787246,-0.37774975221260276,-0.10919878913970421,1525,0.0,0.0050000525681115175,0.0,0.0,0.0,2,0.0,0.0,0.0,0.0,60,15.28982677
1763394266046119713,-0.037574044004162505,0.011689228627664808,0.40491764860362406,-0.09824587511224371,1526,0.0,-0.004290865488842771,0.0,0.0,0.0,2,0.0,0.0,0.0,0.0,60,15.299780728
1763394266056201413,-0.03602516164407893,0.010665415161516062,0.15488823600835755,-0.10238134661487465,1527,0.0,-0.001101731683656345,0.0,0.0,0.0,2,0.0,0.0,0.0,0.0,60,15.309862428
1763394266066141870,-0.03431363600323249,0.009498390684270268,0.1711525640846437,-0.11670244772457941,1528,0.0,-0.0007793981283478104,0.0,0.0,0.0,2,0.0,0.0,0.0,0.0,60,15.319802885
1763394266076071508,-0.0329742636394388,0.008955813085402279,0.1339372363793695,-0.05425775988679889,1529,0.0,-0.001722120302786394,0.0,0.0,0.0,2,0.0,0.0,0.0,0.0,60,15.329732523
1763394266086153004,-0.03242533391953374,0.008690148958767727,0.05489297199050558,-0.026566412663455233,1530,0.0,-0.0014021464503207323,0.0,0.0,0.0,2,0.0,0.0,0.0,0.0,60,15.339814019
1763394266096131302,-0.0315779112191167,0.008562418149074071,0.08474227004170443,-0.012773080969365538,1531,0.0,-0.0020546713699446622,0.0,0.0,0.0,2,0.0,0.0,0.0,0.0,60,15.349792317
1763394266106267692,-0.03078027559120259,0.007933142676957487,0.07976356279141075,-0.0629275472116584,1532,0.0,-0.0007250062192299953,0.0,0.0,0.0,2,0.0,0.0,0.0,0.0,60,15.359928707
1763394266116176206,-0.029674808565722924,0.007671462470001982,0.11054670254796659,-0.026168020695550506,1533,0.0,-0.0019063435853226656,0.0,0.0,0.0,2,0.0,0.0,0.0,0.0,60,15.369837221
1763394266126078765,-0.028441542725792142,0.007542495528836426,0.12332658399307819,-0.01289669411655564,1534,0.0,-0.002344857473564896,0.0,0.0,0.0,2,0.0,0.0,0.0,0.0,60,15.37973978
1763394266136211715,-0.026976591387669148,0.007024622787471603,0.1464951338122994,-0.05178727413648228,1535,0.0,-0.001624319239896817,0.0,0.0,0.0,2,0.0,0.0,0.0,0.0,60,15.38987273
1763394266146189655,-0.025707926240572804,0.006372021954822022,0.12686651470963442,-0.0652600832649581,1536,0.0,-0.000977729180032224,0.0,0.0,0.0,2,0.0,0.0,0.0,0.0,60,15.39985067
1763394266156090928,-0.02420244301182686,0.006727258448498162,0.1505483228745944,0.035523649367614,1537,0.0,-0.0036666772095603553,0.0,0.0,0.0,2,0.0,0.0,0.0,0.0,60,15.409751943
1763394266166097251,-0.02278948592334406,0.0063394865574575646,0.14129570884828002,-0.03877718910405975,1538,0.0,-0.0017546435193062874,0.0,0.0,0.0,2,0.0,0.0,0.0,0.0,60,15.419758266
1763394266175988745,-0.020668881914624005,0.00592321824094353,0.2120604008720054,-0.04162683165140346,1539,0.0,-0.00245108147826468,0.0,0.0,0.0,2,0.0,0.0,0.0,0.0,60,15.42964976
1763394266186200853,-0.018968023999567925,0.005487654114153986,0.17008579150560796,-0.043556412678954354,1540,0.0,-0.0018435065069634076,0.0,0.0,0.0,2,0.0,0.0,0.0,0.0,60,15.439861868
1763394266196120880,-0.016355621688274966,0.004900922103094799,0.261240231129296,-0.05867320110591878,1541,0.0,-0.0024651547650635665,0.0,0.0,0.0,2,0.0,0.0,0.0,0.0,60,15.449781895
1763394266206027665,-0.013697723334641665,0.004052244916889068,0.26578983536333,-0.08486771862057305,1542,0.0,-0.00177118285103449,0.0,0.0,0.0,2,0.0,0.0,0.0,0.0,60,15.45968868
1763394266216147106,-0.009682247558202493,0.0019688041282526665,0.40154757764391724,-0.20834407886364015,1543,0.0,-0.00015085231523275563,0.0,0.0,0.0,2,0.0,0.0,0.0,0.0,60,15.469808121
1763394266226088716,-0.005785125945703653,-4.105039738249404e-05,0.38971216124988395,-0.20098545256351605,1544,0.0,0.00012427381715979582,0.0,0.0,0.0,2,0.0,0.0,0.0,0.0,60,15.479749731
1763394266236164625,-0.001080637614237944,-0.0027079012003718567,0.4704488331465709,-0.2666850802989363,1545,0.0,0.0011245448821853672,0.0,0.0,0.0,2,0.0,0.0,0.0,0.0,60,15.48982564
1763394266246210539,0.0037851958651976374,-0.005527758639007514,0.4865833479435581,-0.28198574386356573,1546,0.0,0.0017250406964536159,0.0,0.0,0.0,2,0.0,0.0,0.0,0.0,60,15.499871554
1763394266256181453,0.00872404597770415,-0.007911849153684017,0.49388501125065126,-0.2384090514676503,1547,0.0,0.000984745615331726,0.0,0.0,0.0,2,0.0,0.0,0.0,0.0,60,15.509842468
1763394266266069620,0.013982752907273271,-0.010668593778372114,0.5258706929569121,-0.27567446246880967,1548,0.0,0.0019058483173729716,0.0,0.0,0.0,2,0.0,0.0,0.0,0.0,60,15.519730635
1763394266276102089,0.018985749506913487,-0.013638398432023508,0.5002996599640215,-0.29698046536513945,1549,0.0,0.003159479221906972,0.0,0.0,0.0,2,0.0,0.0,0.0,0.0,60,15.529763104
1763394266286188572,0.023944427759253754,-0.01637277311241228,0.4958678252340268,-0.27343746803887725,1550,0.0,0.0030784938665250326,0.0,0.0,0.0,2,0.0,0.0,0.0,0.0,60,15.539849587
1763394266296180098,0.029137985503289034,-0.018931638277796082,0.5193557744035279,-0.25588651653838007,1551,0.0,0.0027848440824315038,0.0,0.0,0.0,2,0.0,0.0,0.0,0.0,60,15.549841113
1763394266306038935,0.034040656155222525,-0.022045138511209834,0.4902670651933491,-0.3113500233413752,1552,0.0,0.0049015141106815855,0.0,0.0,0.0,2,0.0,0.0,0.0,0.0,60,15.55969995
1763394266316149097,0.03877700203176395,-0.024833426034767774,0.47363458765414257,-0.278828752355794,1553,0.0,0.004760642864208353,0.0,0.0,0.0,2,0.0,0.0,0.0,0.0,60,15.569810112
1763394266326104224,0.04348259785538101,-0.027675169714805936,0.47055958236170564,-0.2841743680038162,1554,0.0,0.005356109875367932,0.0,0.0,0.0,2,0.0,0.0,0.0,0.0,60,15.579765239
1763394266336097832,0.047521941363230055,-0.029862460670435735,0.4039343507849048,-0.2187290955629799,1555,0.0,0.004939557597912005,0.0,0.0,0.0,2,0.0,0.0,0.0,0.0,60,15.589758847
1763394266346082236,0.05174234139555302,-0.032124219663233186,0.4220400032322963,-0.2261758992797451,1556,0.0,0.00524836022673574,0.0,0.0,0.0,2,0.0,0.0,0.0,0.0,60,15.599743251
1763394266356197984,0.054665107520318015,-0.03358551743114959,0.2922766124764997,-0.14612977679164044,1557,0.0,0.005120345950647612,0.0,0.0,0.0,2,0.0,0.0,0.0,0.0,60,15.609858999
1763394266366001772,0.0567596498448016,-0.035167947677734165,0.20945423244835837,-0.1582430246584575,1558,0.0,0.006617103300662351,0.0,0.0,0.0,2,0.0,0.0,0.0,0.0,60,15.619662787
1763394266376019682,0.06005875543855188,-0.03590636185098581,0.32991055937502817,-0.0738414173251642,1559,0.0,0.0033427203933445544,0.0,0.0,0.0,2,0.0,0.0,0.0,0.0,60,15.629680697
1763394266385906690,0.06078963210676876,-0.03688446662660088,0.0730876668216876,-0.09781047756150726,1560,0.0,0.007067441631933203,0.0,0.0,0.0,2,0.0,0.0,0.0,0.0,60,15.639567705
1763394266396131772,0.06173957736898797,-0.03723277353886324,0.09499452622192123,-0.03483069122623625,1561,0.0,0.005387997291980062,0.0,0.0,0.0,2,0.0,0.0,0.0,0.0,60,15.649792787
1763394266406041348,0.0590159732814909,-0.03708455812852174,-0.27236040874970696,0.014821541034150398,1562,0.0,0.008508107849135988,0.0,0.0,0.0,2,0.0,0.0,0.0,0.0,60,15.659702363
1763394266416103361,0.06540167317349964,-0.03672626549696675,0.6385699892008739,0.0358292631554985,1563,0.0,-0.0027161817380924724,0.0,0.0,0.0,2,0.0,0.0,0.0,0.0,60,15.669764376
1763394266426107608,0.06139112788431125,-0.03596187687463562,-0.4010545289188386,0.07643886223311358,1564,0.0,0.008415879751669422,0.0,0.0,0.0,2,0.0,0.0,0.0,0.0,60,15.679768623
1763394266436201034,0.060640170036179816,-0.03491015497963179,-0.07509578481314366,0.10517218950038265,1565,0.0,0.0037566195329880665,0.0,0.0,0.0,2,0.0,0.0,0.0,0.0,60,15.689862049
1763394266446091395,0.05893814984900114,-0.03331928163462365,-0.1702020187178674,0.15908733450081397,1566,0.0,0.003369298809669619,0.0,0.0,0.0,2,0.0,0.0,0.0,0.0,60,15.69975241
1763394266456138448,0.056077160725695546,-0.03166469599610797,-0.2860989123305596,0.16545856385156849,1567,0.0,0.004327908832385588,0.0,0.0,0.0,2,0.0,0.0,0.0,0.0,60,15.709799463
1763394266465987981,0.05507722524623557,-0.030741401942874867,-0.09999354794599791,0.09232940532331001,1568,0.0,0.0037173139135464562,0.0,0.0,0.0,2,0.0,0.0,0.0,0.0,60,15.719648996
1763394266476041961,0.052865848659975734,-0.02886073865791019,-0.22113765862598334,0.1880663284964678,1569,0.0,0.0026109686465158374,0.0,0.0,0.0,2,0.0,0.0,0.0,0.0,60,15.729702976
1763394266486134512,0.05047847302042434,-0.027441637352294695,-0.2387375639551395,0.14191013056154936,1570,0.0,0.0036828665673242222,0.0,0.0,0.0,2,0.0,0.0,0.0,0.0,60,15.739795527
1763394266495960224,0.04841396233039129,-0.026392144080135082,-0.206451069003305,0.10494932721596129,1571,0.0,0.004008947913385663,0.0,0.0,0.0,2,0.0,0.0,0.0,0.0,60,15.749621239
1763394266506112776,0.045613667650393035,-0.024820284973825334,-0.28002946799982537,0.15718591063097476,1572,0.0,0.00340774735927597,0.0,0.0,0.0,2,0.0,0.0,0.0,0.0,60,15.759773791
1763394266516153422,0.04333368480582583,-0.0234991447727012,-0.22799828445672077,0.1321140201124133,1573,0.0,0.0031824348422906856,0.0,0.0,0.0,2,0.0,0.0,0.0,0.0,60,15.769814437
1763394266526070941,0.03992263921029129,-0.022317718940235258,-0.341104559553454,0.11814258324659432,1574,0.0,0.004653526522121674,0.0,0.0,0.0,2,0.0,0.0,0.0,0.0,60,15.779731956
1763394266536050121,0.03752739440941533,-0.020307498225062483,-0.23952448008759605,0.20102207151727752,1575,0.0,0.0012133283027439346,0.0,0.0,0.0,2,0.0,0.0,0.0,0.0,60,15.789711136
1763394266545974171,0.03384686239946392,-0.01876562223212551,-0.3680532009951408,0.15418759929369738,1576,0.0,0.003581872913320269,0.0,0.0,0.0,2,0.0,0.0,0.0,0.0,60,15.799635186
1763394266556059471,0.030032825998333977,-0.016531746684082246,-0.38140364011299416,0.22338755480432632,1577,0.0,0.0017748263013387788,0.0,0.0,0.0,2,0.0,0.0,0.0,0.0,60,15.809720486
1763394266566046833,0.026118492433663362,-0.014494484682492818,-0.39143335646706146,0.2037262001589428,1578,0.0,0.002040792631299214,0.0,0.0,0.0,2,0.0,0.0,0.0,0.0,60,15.819707848
1763394266576108430,0.02181830568748879,-0.012012160320337898,-0.4300186746174571,0.24823243621549199,1579,0.0,0.0010708378629329454,0.0,0.0,0.0,2,0.0,0.0,0.0,0.0,60,15.829769445
1763394266586056237,0.01723781110558094,-0.009844672315168217,-0.45804945819078524,0.2167488005169681,1580,0.0,0.0018041438009758597,0.0,0.0,0.0,2,0.0,0.0,0.0,0.0,60,15.839717252
1763394266596045730,0.012644962722598418,-0.0071993661439990145,-0.45928483829825206,0.2645306171169202,1581,0.0,0.00029381531672158234,0.0,0.0,0.0,2,0.0,0.0,0.0,0.0,60,15.849706745
1763394266606076832,0.0076749424638363276,-0.004142689816342554,-0.497002025876209,0.30566763276564607,1582,0.0,-0.0006942446466325549,0.0,0.0,0.0,2,0.0,0.0,0.0,0.0,60,15.859737847
1763394266616171655,0.0027637700378181987,-0.0014360039930203846,-0.4911172426018129,0.27066858233221697,1583,0.0,-0.0003575166147171908,0.0,0.0,0.0,2,0.0,0.0,0.0,0.0,60,15.86983267
1763394266626235016,-0.002248559913498798,0.0014631765190659674,-0.5012329951316997,0.2899180512086352,1584,0.0,-0.0011334286010043085,0.0,0.0,0.0,2,0.0,0.0,0.0,0.0,60,15.879896031
1763394266636049895,-0.007302838895741271,0.004364650843860358,-0.5054278982242473,0.290147432479439,1585,0.0,-0.0015334350437763026,0.0,0.0,0.0,2,0.0,0.0,0.0,0.0,60,15.88971091
1763394266646217149,-0.012043851766623877,0.007213857706050354,-0.47410128708826055,0.28492068621899963,1586,0.0,-0.00221403021373515,0.0,0.0,0.0,2,0.0,0.0,0.0,0.0,60,15.899878164
1763394266656031643,-0.01665987752552291,0.009927595626105193,-0.46160257588990333,0.27137379200548384,1587,0.0,-0.0024580649848531637,0.0,0.0,0.0,2,0.0,0.0,0.0,0.0,60,15.909692658
1763394266666136602,-0.02124280315853753,0.01201160313354871,-0.4582925633014621,0.20840075074435166,1588,0.0,-0.001342249232175425,0.0,0.0,0.0,2,0.0,0.0,0.0,0.0,60,15.919797617
1763394266676123661,-0.02510551331129296,0.014069858727215473,-0.3862710152755428,0.20582555936667635,1589,0.0,-0.002443373091808405,0.0,0.0,0.0,2,0.0,0.0,0.0,0.0,60,15.929784676
1763394266686122006,-0.029191648972621664,0.01618876685965371,-0.4086135661328705,0.21189081324382367,1590,0.0,-0.002648513133667586,0.0,0.0,0.0,2,0.0,0.0,0.0,0.0,60,15.939783021
1763394266696119867,-0.03215658665889599,0.0182775873702379,-0.29649376862743226,0.20888205105841912,1591,0.0,-0.0042122496357486165,0.0,0.0,0.0,2,0.0,0.0,0.0,0.0,60,15.949780882
1763394266706115419,-0.03550371412054032,0.01931593893639514,-0.3347127461644332,0.1038351566157239,1592,0.0,-0.0014641192715597025,0.0,0.0,0.0,2,0.0,0.0,0.0,0.0,60,15.959776434
1763394266716165004,-0.0415224499376599,0.02081482639390385,-0.6018735817119577,0.14988874575087088,1593,0.0,0.000354311050951617,0.0,0.0,0.0,2,0.0,0.0,0.0,0.0,60,15.969826019
1763394266726145919,-0.04058720566892855,0.021855622370545384,0.09352442687313445,0.10407959766415356,1594,0.0,-0.006889370033285223,0.0,0.0,0.0,2,0.0,0.0,0.0,0.0,60,15.979806934
1763394266736134201,-0.04325366779667893,0.022256356991739404,-0.2666462127750374,0.040073462119401965,1595,0.0,-0.0012262344360632277,0.0,0.0,0.0,2,0.0,0.0,0.0,0.0,60,15.989795216
1763394266746070050,-0.04610372391282559,0.022662172177110827,-0.28500561161466653,0.04058151853714234,1596,0.0,-0.0010909261337199525,0.0,0.0,0.0,2,0.0,0.0,0.0,0.0,60,15.999731065
1763394266756117718,-0.045611833624672304,0.023151024889581415,0.04918902881532877,0.04888527124705874,1597,0.0,-0.00528107791195385,0.0,0.0,0.0,2,0.0,0.0,0.0,0.0,60,16.009778733
1763394266766079561,-0.045265699036131174,0.022993955785689857,0.034613458854113044,-0.01570691038915578,1598,0.0,-0.0035713897692046747,0.0,0.0,0.0,2,0.0,0.0,0.0,0.0,60,16.019740576
1763394266776002268,-0.0482401256409277,0.022494038186592534,-0.29744266047965273,-0.049991759909732286,1599,0.0,0.0011970766933592002,0.0,0.0,0.0,2,0.0,0.0,0.0,0.0,60,16.029663283
1763394266786103867,-0.04633366185538143,0.022087921006445736,0.1906463785546271,-0.040611718014679776,1600,0.0,-0.004689083551515858,0.0,0.0,0.0,2,0.0,0.0,0.0,0.0,60,16.039764882
1763394266796145186,-0.04499437901590543,0.021420653717731344,0.13392828394759998,-0.06672672887143918,1601,0.0,-0.003308174625309541,0.0,0.0,0.0,2,0.0,0.0,0.0,0.0,60,16.049806201
1763394266806120315,-0.043158878866583164,0.020579799037392446,0.18355001493222667,-0.08408546803388983,1602,0.0,-0.003354228435501058,0.0,0.0,0.0,2,0.0,0.0,0.0,0.0,60,16.05978133
1763394266816117434,-0.043034066266543144,0.019411977614427298,0.01248126000400196,-0.11678214229651485,1603,0.0,-0.0004056901624462572,0.0,0.0,0.0,2,0.0,0.0,0.0,0.0,60,16.069778449
1763394266826094218,-0.04017429656942541,0.0183642880147886,0.28597696971177367,-0.10476895996386973,1604,0.0,-0.0037358159499714574,0.0,0.0,0.0,2,0.0,0.0,0.0,0.0,60,16.079755233
1763394266836143592,-0.036984013837816916,0.016819258578595286,0.31902827316084914,-0.1545029436193314,1605,0.0,-0.0027201727067933295,0.0,0.0,0.0,2,0.0,0.0,0.0,0.0,60,16.089804607
1763394266845991780,-0.04137360416680769,0.015500158706805045,-0.43895903289907706,-0.13190998717902414,1606,0.0,0.0058337987247846,0.0,0.0,0.0,2,0.0,0.0,0.0,0.0,60,16.099652795
1763394266856082135,-0.03655464616937517,0.013888506314483306,0.4818957997432517,-0.1611652392321739,1607,0.0,-0.00404200916550606,0.0,0.0,0.0,2,0.0,0.0,0.0,0.0,60,16.10974315
1763394266866054213,-0.034178922178376675,0.012221569177671001,0.23757239909984948,-0.16669371368123048,1608,0.0,-0.0007896996379658404,0.0,0.0,0.0,2,0.0,0.0,0.0,0.0,60,16.119715228
1763394266876158189,-0.03394774277982204,0.010071996195236767,0.023117939855463177,-0.21495729824342336,1609,0.0,0.0031787685397898367,0.0,0.0,0.0,2,0.0,0.0,0.0,0.0,60,16.129819204
1763394266886120309,-0.03159963817063215,0.008675881161989415,0.23481046091898966,-0.13961150332473526,1610,0.0,-0.0008602969627358945,0.0,0.0,0.0,2,0.0,0.0,0.0,0.0,60,16.139781324
1763394266896056515,-0.027961609595030405,0.007781073723311133,0.3638028575601741,-0.08948074386782821,1611,0.0,-0.0034073687103021158,0.0,0.0,0.0,2,0.0,0.0,0.0,0.0,60,16.14971753
1763394266906102836,-0.02618932572871488,0.006648661120210973,0.17722838663155258,-0.11324126031001594,1612,0.0,-0.00048662582916599983,0.0,0.0,0.0,2,0.0,0.0,0.0,0.0,60,16.159763851
1763394266916084363,-0.02130571159083699,0.005682967607738964,0.4883614137877891,-0.09656935124720094,1613,0.0,-0.004374140248546561,0.0,0.0,0.0,2,0.0,0.0,0.0,0.0,60,16.169745378
1763394266925944757,-0.023761691463504424,0.005341752768282734,-0.24559798726674353,-0.03412148394562296,1614,0.0,0.0028244016447590654,0.0,0.0,0.0,2,0.0,0.0,0.0,0.0,60,16.179605772
1763394266936164279,-0.022461946976690416,0.005217439577466454,0.12997444868140076,-0.012431319081628034,1615,0.0,-0.0020724578288058592,0.0,0.0,0.0,2,0.0,0.0,0.0,0.0,60,16.189825294
1763394266946262461,-0.020545260840755537,0.0044541445049252615,0.19166861359348786,-0.07632950725411924,1616,0.0,-0.0011804610796230955,0.0,0.0,0.0,2,0.0,0.0,0.0,0.0,60,16.199923476
1763394266956095820,-0.01875584243220549,0.0030871413040116855,0.1789418408550049,-0.1367003200913576,1617,0.0,0.0005917039041110194,0.0,0.0,0.0,2,0.0,0.0,0.0,0.0,60,16.209756835
1763394266966407347,-0.01588409822278024,0.001845014197843678,0.2871744209425247,-0.12421271061680075,1618,0.0,-0.0007799767267846302,0.0,0.0,0.0,2,0.0,0.0,0.0,0.0,60,16.220068362
1763394266975946489,-0.013687316660351409,-0.00010184251309816247,0.21967815624288328,-0.19468567109418403,1619,0.0,0.0019591482734789066,0.0,0.0,0.0,2,0.0,0.0,0.0,0.0,60,16.229607504
1763394266986133299,-0.010783076664678742,-0.0007398789831105437,0.2904239995672667,-0.06380364700123813,1620,0.0,-0.001837128966572929,0.0,0.0,0.0,2,0.0,0.0,0.0,0.0,60,16.239794314
1763394266996076724,-0.008556799696102851,-0.0024637209217407193,0.22262769685758907,-0.17238419386301757,1621,0.0,0.0017660102424889934,0.0,0.0,0.0,2,0.0,0.0,0.0,0.0,60,16.249737739
1763394267006136405,-0.0064708613423766735,-0.0028001603118819867,0.20859383537261775,-0.03364393901412674,1622,0.0,-0.0012658770827567506,0.0,0.0,0.0,2,0.0,0.0,0.0,0.0,60,16.25979742
1763394267016078218,-0.004571555597422642,-0.003772750709972881,0.18993057449540313,-0.09725903980908941,1623,0.0,0.0005940639604300308,0.0,0.0,0.0,2,0.0,0.0,0.0,0.0,60,16.269739233
1763394267026044584,-0.0029333405900692396,-0.004392297432708884,0.16382150073534027,-0.06195467227360033,1624,0.0,0.0001694422257699918,0.0,0.0,0.0,2,0.0,0.0,0.0,0.0,60,16.279705599
1763394267036087358,-0.0008692319618665324,-0.004832186486268679,0.2064108628202707,-0.043988905355979435,1625,0.0,-0.0006807786931504131,0.0,0.0,0.0,2,0.0,0.0,0.0,0.0,60,16.289748373
1763394267046131148,0.0007243541540138711,-0.005275256769370781,0.15935861158804035,-0.04430702831021028,1626,0.0,-5.05579306221244e-05,0.0,0.0,0.0,2,0.0,0.0,0.0,0.0,60,16.299792163
1763394267056162305,0.0028856035173405042,-0.006084307974340973,0.2161249363326633,-0.08090512049701917,1627,0.0,0.00026678061661081155,0.0,0.0,0.0,2,0.0,0.0,0.0,0.0,60,16.30982332
1763394267066100472,0.005757395581004202,-0.006945092428562994,0.28717920636636973,-0.0860784454222021,1628,0.0,-0.0003106446656957699,0.0,0.0,0.0,2,0.0,0.0,0.0,0.0,60,16.319761487
1763394267076055552,0.007756462840669009,-0.007729939020321592,0.1999067259664807,-0.07848465917585984,1629,0.0,0.0006581513410430857,0.0,0.0,0.0,2,0.0,0.0,0.0,0.0,60,16.329716567
1763394267086128573,0.010543153045697917,-0.009426873894161483,0.27866902050289083,-0.16969348738398907,1630,0.0,0.0021305801445962486,0.0,0.0,0.0,2,0.0,0.0,0.0,0.0,60,16.339789588
1763394267096055416,0.013207533012250073,-0.010036266711920318,0.26643799665521556,-0.06093928177588349,1631,0.0,-0.0001774354150613723,0.0,0.0,0.0,2,0.0,0.0,0.0,0.0,60,16.349716431
1763394267105985923,0.01652650630032522,-0.011629402791427688,0.33189732880751466,-0.15931360795073696,1632,0.0,0.0016054197590473483,0.0,0.0,0.0,2,0.0,0.0,0.0,0.0,60,16.359646938
1763394267116042409,0.019411153135868046,-0.013542441691769366,0.2884646835542827,-0.19130389003416784,1633,0.0,0.003156799528371189,0.0,0.0,0.0,2,0.0,0.0,0.0,0.0,60,16.369703424
1763394267126082662,0.022433063587491135,-0.014425131162743748,0.3021910451623089,-0.08826894709743817,1634,0.0,0.0007194942668745934,0.0,0.0,0.0,2,0.0,0.0,0.0,0.0,60,16.379743677
1763394267136147078,0.025407798557265333,-0.01671667753651639,0.2974734969774198,-0.22915463737726416,1635,0.0,0.00442535816499961,0.0,0.0,0.0,2,0.0,0.0,0.0,0.0,60,16.389808093
1763394267146020983,0.02852292252902376,-0.01770373238663352,0.3115123971758428,-0.09870548501171306,1636,0.0,0.0013574000186322276,0.0,0.0,0.0,2,0.0,0.0,0.0,0.0,60,16.399681998
1763394267155989812,0.03139167990356245,-0.019423682349809544,0.28687573745386913,-0.17199499631760234,1637,0.0,0.003627653568218574,0.0,0.0,0.0,2,0.0,0.0,0.0,0.0,60,16.409650827
1763394267166075646,0.03390829781682359,-0.020648676484930573,0.2516617913261139,-0.1224994135121029,1638,0.0,0.003069370171306047,0.0,0.0,0.0,2,0.0,0.0,0.0,0.0,60,16.419736661
1763394267176042828,0.03651820378783002,-0.02188780441696014,0.26099059710064304,-0.12391279320295677,1639,0.0,0.003183850728149309,0.0,0.0,0.0,2,0.0,0.0,0.0,0.0,60,16.429703843
1763394267186078988,0.03868953134870173,-0.022830975540255444,0.21713275608717109,-0.09431711232953041,1640,0.0,0.0031509162508653625,0.0,0.0,0.0,2,0.0,0.0,0.0,0.0,60,16.439740003
1763394267196043622,0.040631316074309705,-0.024300570972380676,0.19417847256079715,-0.1469595432125232,1641,0.0,0.004877625441095192,0.0,0.0,0.0,2,0.0,0.0,0.0,0.0,60,16.449704637
1763394267206147337,0.04271818721861281,-0.025140971443126783,0.20868711443031082,-0.08404004707461069,1642,0.0,0.003362583142700264,0.0,0.0,0.0,2,0.0,0.0,0.0,0.0,60,16.459808352
1763394267216096729,0.048721232667046144,-0.025612297555844495,0.6003045448433331,-0.047132611271771124,1643,0.0,-0.0020143102438742715,0.0,0.0,0.0,2,0.0,0.0,0.0,0.0,60,16.469757744
1763394267226008911,0.0455253714883457,-0.026199093166689447,-0.31958611787004443,-0.05867956108449521,1644,0.0,0.0091365765894947,0.0,0.0,0.0,2,0.0,0.0,0.0,0.0,60,16.479669926
1763394267235975901,0.046167926520888615,-0.02682963627164378,0.06425550325429158,-0.06305431049543342,1645,0.0,0.004826586067513424,0.0,0.0,0.0,2,0.0,0.0,0.0,0.0,60,16.489636916
1763394267246071795,0.04654921783003414,-0.02667804555664724,0.03812913091455275,0.01515907149965412,1646,0.0,0.0032785028951186246,0.0,0.0,0.0,2,0.0,0.0,0.0,0.0,60,16.49973281
1763394267256186438,0.04707280577152314,-0.02665361023474977,0.052358794148899684,0.002443532189747022,1647,0.0,0.00340742039620212,0.0,0.0,0.0,2,0.0,0.0,0.0,0.0,60,16.509847453
1763394267266000976,0.0475271130523401,-0.026406175347573745,0.0454307280816961,0.024743488717602485,1648,0.0,0.002930736914004689,0.0,0.0,0.0,2,0.0,0.0,0.0,0.0,60,16.519661991
1763394267276138448,0.046540963739948614,-0.02567873804614396,-0.09861493123914863,0.07274373014297848,1649,0.0,0.0033865856083714323,0.0,0.0,0.0,2,0.0,0.0,0.0,0.0,60,16.529799463
1763394267286237324,0.04555129317648658,-0.024426471714582218,-0.0989670563462032,0.12522663315617416,1650,0.0,0.0019722521983401124,0.0,0.0,0.0,2,0.0,0.0,0.0,0.0,60,16.539898339
1763394267295958414,0.04427667548166541,-0.02277555656815982,-0.12746176948211715,0.16509151464223978,1651,0.0,0.0011244412262993416,0.0,0.0,0.0,2,0.0,0.0,0.0,0.0,60,16.549619429
1763394267306077262,0.04229424218160844,-0.02130159088466935,-0.1982433300056971,0.14739656834904696,1652,0.0,0.0021467250417005535,0.0,0.0,0.0,2,0.0,0.0,0.0,0.0,60,16.559738277
1763394267316031229,0.040039056897176906,-0.020307768305942834,-0.22551852844315337,0.09938225787265165,1653,0.0,0.003439079778477339,0.0,0.0,0.0,2,0.0,0.0,0.0,0.0,60,16.569692244
1763394267326037119,0.03862130071953882,-0.018572014956616454,-0.1417756177638084,0.173575334932638,1654,0.0,0.00045545348970671765,0.0,0.0,0.0,2,0.0,0.0,0.0,0.0,60,16.579698134
1763394267336111700,0.036869638285840896,-0.017385068891681246,-0.17516624336979258,0.11869460649352077,1655,0.0,0.001953522932704703,0.0,0.0,0.0,2,0.0,0.0,0.0,0.0,60,16.589772715
1763394267346132609,0.03525533897521667,-0.016327838076822674,-0.16142993106242273,0.10572308148585723,1656,0.0,0.001935233495727867,0.0,0.0,0.0,2,0.0,0.0,0.0,0.0,60,16.599793624
1763394267356138419,0.03362052168917911,-0.015390392976602392,-0.16348172860375584,0.0937445100220282,1657,0.0,0.0020967266153195754,0.0,0.0,0.0,2,0.0,0.0,0.0,0.0,60,16.609799434
1763394267366145556,0.032262440046654656,-0.014575515932952726,-0.13580816425244543,0.08148770436496658,1658,0.0,0.0019345976739970122,0.0,0.0,0.0,2,0.0,0.0,0.0,0.0,60,16.619806571
1763394267376184148,0.030633670383872394,-0.013860540176864685,-0.16287696627822618,0.07149757560880407,1659,0.0,0.0023761773702440526,0.0,0.0,0.0,2,0.0,0.0,0.0,0.0,60,16.629845163
1763394267386087085,0.029264006561987466,-0.01309427798118768,-0.13696638218849283,0.0766262195677006,1660,0.0,0.0018343284194880223,0.0,0.0,0.0,2,0.0,0.0,0.0,0.0,60,16.6397481
1763394267396144794,0.02805174917026402,-0.01270096579090453,-0.12122573917234467,0.03933121902831502,1661,0.0,0.0024620853257494232,0.0,0.0,0.0,2,0.0,0.0,0.0,0.0,60,16.649805809
1763394267406048085,0.02661622657666054,-0.012102618301340545,-0.14355225936034804,0.05983474895639839,1662,0.0,0.002150904969170449,0.0,0.0,0.0,2,0.0,0.0,0.0,0.0,60,16.6597091
1763394267415977145,0.025101573424660968,-0.011436146746815892,-0.15146531519995704,0.06664715545246537,1663,0.0,0.00198112268479461,0.0,0.0,0.0,2,0.0,0.0,0.0,0.0,60,16.66963816
1763394267426009399,0.023658852455641234,-0.011102408332830176,-0.1442720969019734,0.03337384139857156,1664,0.0,0.0026231054207589604,0.0,0.0,0.0,2,0.0,0.0,0.0,0.0,60,16.679670414
1763394267436173897,0.02209772384327867,-0.010635855207276813,-0.15611286123625653,0.04665531255533626,1665,0.0,0.002377214765118866,0.0,0.0,0.0,2,0.0,0.0,0.0,0.0,60,16.689834912
1763394267446117155,0.020624994906493062,-0.009901454838645692,-0.1472728936785607,0.07344003686311218,1666,0.0,0.0015325470029282672,0.0,0.0,0.0,2,0.0,0.0,0.0,0.0,60,16.69977817
1763394267455970968,0.018603032719885962,-0.009290285373123618,-0.20219621866071,0.061116946552207396,1667,0.0,0.002370125199132678,0.0,0.0,0.0,2,0.0,0.0,0.0,0.0,60,16.709631983
1763394267465958393,0.016398703976116598,-0.00853193394925543,-0.2204328743769364,0.0758351423868188,1668,0.0,0.0021206247887556613,0.0,0.0,0.0,2,0.0,0.0,0.0,0.0,60,16.719619408
1763394267476189793,0.014142050793332389,-0.00751448053594605,-0.22566531827842087,0.10174534133093795,1669,0.0,0.0014175606230733872,0.0,0.0,0.0,2,0.0,0.0,0.0,0.0,60,16.729850808
1763394267486171841,0.011680029196242309,-0.006587582206737854,-0.24620215970900805,0.0926898329208196,1670,0.0,0.001726734601563563,0.0,0.0,0.0,2,0.0,0.0,0.0,0.0,60,16.739832856
1763394267496090204,0.008842630853839982,-0.005468832208513533,-0.28373983424023264,0.11187499982243214,1671,0.0,0.0015440229584683949,0.0,0.0,0.0,2,0.0,0.0,0.0,0.0,60,16.749751219
1763394267506054229,0.0061098509256324145,-0.003907783315467024,-0.27327799282075677,0.15610488930465088,1672,0.0,0.00014539182004677607,0.0,0.0,0.0,2,0.0,0.0,0.0,0.0,60,16.759715244
1763394267516077745,0.0027542510379357198,-0.002706238723307941,-0.33555998876966947,0.12015445921590827,1673,0.0,0.0015320800070072371,0.0,0.0,0.0,2,0.0,0.0,0.0,0.0,60,16.76973876
1763394267526041196,-0.00033869349427022993,-0.000637451934303231,-0.30929445322059496,0.206878678900471,1674,0.0,-0.0011245013650226484,0.0,0.0,0.0,2,0.0,0.0,0.0,0.0,60,16.779702211
1763394267536161047,-0.003783289782830202,0.0006962885755971392,-0.34445962885599724,0.13337405099003702,1675,0.0,0.0008043361380909377,0.0,0.0,0.0,2,0.0,0.0,0.0,0.0,60,16.789822062
1763394267546235533,-0.007227899201508885,0.0024190227717200904,-0.3444609418678683,0.17227341961229511,1676,0.0,-0.00037245403628249213,0.0,0.0,0.0,2,0.0,0.0,0.0,0.0,60,16.799896548
1763394267556082513,-0.010441241665590798,0.004669568552599392,-0.32133424640819125,0.22505457808793017,1677,0.0,-0.002223655453472257,0.0,0.0,0.0,2,0.0,0.0,0.0,0.0,60,16.809743528
1763394267566194023,-0.01436759488704284,0.006301419650746765,-0.39263532214520414,0.16318510981473722,1678,0.0,-0.0001887205574097931,0.0,0.0,0.0,2,0.0,0.0,0.0,0.0,60,16.819855038
1763394267576118797,-0.017417361492990575,0.007752380561360621,-0.3049766605947735,0.14509609106138563,1679,0.0,-0.0010175907023949131,0.0,0.0,0.0,2,0.0,0.0,0.0,0.0,60,16.829779812
1763394267586054469,-0.02086267617324954,0.010247944411219272,-0.3445314680258965,0.24955638498586513,1680,0.0,-0.0033811456700942374,0.0,0.0,0.0,2,0.0,0.0,0.0,0.0,60,16.839715484
1763394267596090926,-0.02076751477762904,0.01143851522760346,0.00951613956205015,0.11905708163841879,1681,0.0,-0.004655321112330811,0.0,0.0,0.0,2,0.0,0.0,0.0,0.0,60,16.849751941
1763394267606132846,-0.026896514295786975,0.013250590828861927,-0.6128999518157936,0.18120756012584663,1682,0.0,0.0009110750392728427,0.0,0.0,0.0,2,0.0,0.0,0.0,0.0,60,16.859793861
1763394267616160867,-0.029644735767508194,0.014403266759952515,-0.27482214717212194,0.11526759310905889,1683,0.0,-0.0016918199064438664,0.0,0.0,0.0,2,0.0,0.0,0.0,0.0,60,16.869821882
1763394267626117760,-0.03576168227031611,0.015757365265279315,-0.6116946502807918,0.13540985053267993,1684,0.0,0.001573851830610539,0.0,0.0,0.0,2,0.0,0.0,0.0,0.0,60,16.879778775
1763394267636085578,-0.03366824100445737,0.016267563300249838,0.20934412658587462,0.05101980349705229,1685,0.0,-0.006158962400814346,0.0,0.0,0.0,2,0.0,0.0,0.0,0.0,60,16.889746593
1763394267646088398,-0.034522553378234525,0.016221696133406148,-0.0854312373777158,-0.004586716684368969,1686,0.0,-0.001389353682563943,0.0,0.0,0.0,2,0.0,0.0,0.0,0.0,60,16.899749413
1763394267656143173,-0.03547753928376152,0.016305437574552675,-0.09549859055269921,0.008374144114652732,1687,0.0,-0.001590166970799747,0.0,0.0,0.0,2,0.0,0.0,0.0,0.0,60,16.909804188
1763394267666113527,-0.036452804917114945,0.01645156279287982,-0.09752656333534282,0.014612521832714498,1688,0.0,-0.0017370760532354598,0.0,0.0,0.0,2,0.0,0.0,0.0,0.0,60,16.919774542
1763394267676171113,-0.03924382425370828,0.016945799794430935,-0.2791019336593335,0.049423700155111494,1689,0.0,-0.0005021183903523344,0.0,0.0,0.0,2,0.0,0.0,0.0,0.0,60,16.929832128
1763394267686103401,-0.039922032162373416,0.016804935710136984,-0.06782079086651363,-0.014086408429395125,1690,0.0,-0.0014755730563963021,0.0,0.0,0.0,2,0.0,0.0,0.0,0.0,60,16.939764416
1763394267695994646,-0.038723972767653735,0.01645228756163926,0.11980593947196819,-0.03526481484977251,1691,0.0,-0.00312681694443364,0.0,0.0,0.0,2,0.0,0.0,0.0,0.0,60,16.949655661
1763394267706042708,-0.038742893353062594,0.015762804381422902,-0.0018920585408858936,-0.06894831802163569,1692,0.0,-0.0008060863904098081,0.0,0.0,0.0,2,0.0,0.0,0.0,0.0,60,16.959703723
1763394267716094618,-0.03680054122446285,0.014749186545717927,0.19423521285997433,-0.10136178357049754,1693,0.0,-0.0021938426100966114,0.0,0.0,0.0,2,0.0,0.0,0.0,0.0,60,16.969755633
1763394267726090357,-0.03671227633021087,0.014218357722199138,0.008826489425198258,-0.05308288235187884,1694,0.0,-0.0010695613427944412,0.0,0.0,0.0,2,0.0,0.0,0.0,0.0,60,16.979751372
1763394267736208162,-0.03673139023682592,0.013663689932166295,-0.001911390661505502,-0.0554667790032843,1695,0.0,-0.0008056121553729457,0.0,0.0,0.0,2,0.0,0.0,0.0,0.0,60,16.989869177
1763394267746014349,-0.03528337276664875,0.013061873344591544,0.1448017470177171,-0.06018165875747508,1696,0.0,-0.0023247701432179916,0.0,0.0,0.0,2,0.0,0.0,0.0,0.0,60,16.999675364
1763394267756098637,-0.03506428428680541,0.01248574417274029,0.021908847984334484,-0.05761291718512536,1697,0.0,-0.0008559531952158958,0.0,0.0,0.0,2,0.0,0.0,0.0,0.0,60,17.009759652
1763394267766205420,-0.03409137422111978,0.01175058981770287,0.0972910065685624,-0.07351543550374214,1698,0.0,-0.0012568315551600407,0.0,0.0,0.0,2,0.0,0.0,0.0,0.0,60,17.019866435
1763394267775979923,-0.03330901063449922,0.01104255596021974,0.07823635866205658,-0.07080338574831299,1699,0.0,-0.0009896470281522227,0.0,0.0,0.0,2,0.0,0.0,0.0,0.0,60,17.029640938
1763394267786077170,-0.032156670772387846,0.010195704612683616,0.11523398621113706,-0.0846851347536124,1700,0.0,-0.0009700837921553639,0.0,0.0,0.0,2,0.0,0.0,0.0,0.0,60,17.039738185
1763394267796064727,-0.0309905538068906,0.009224674280970388,0.11661169654972464,-0.09710303317132275,1701,0.0,-0.0005481306000477441,0.0,0.0,0.0,2,0.0,0.0,0.0,0.0,60,17.049725742
1763394267806138631,-0.032111636162043766,0.008461452610139156,-0.11210823551531662,-0.07632216708312323,1702,0.0,0.0017602410142952883,0.0,0.0,0.0,2,0.0,0.0,0.0,0.0,60,17.059799646
1763394267816027844,-0.028447897645218143,0.007954347784546716,0.36637385168256237,-0.050710482559243944,1703,0.0,-0.004373528605174702,0.0,0.0,0.0,2,0.0,0.0,0.0,0.0,60,17.069688859
1763394267826046838,-0.027256538280734217,0.007093695114896013,0.11913593644839252,-0.08606526696507029,1704,0.0,-0.0005104599494945186,0.0,0.0,0.0,2,0.0,0.0,0.0,0.0,60,17.079707853
1763394267836168121,-0.025766936789897055,0.00600827832453802,0.14896014908371627,-0.10854167903579931,1705,0.0,-0.00016889743201107567,0.0,0.0,0.0,2,0.0,0.0,0.0,0.0,60,17.089829136
1763394267846082149,-0.024626761197282465,0.005545516508077223,0.11401755926145896,-0.04627618164607973,1706,0.0,-0.0011464965904568782,0.0,0.0,0.0,2,0.0,0.0,0.0,0.0,60,17.099743164
1763394267856109309,-0.023663479738545854,0.005350600515097784,0.0963281458736611,-0.019491599297943862,1707,0.0,-0.0015350337522652732,0.0,0.0,0.0,2,0.0,0.0,0.0,0.0,60,17.109770324
1763394267866139479,-0.022245908178189243,0.004737955192975974,0.1417571560356611,-0.06126453221218103,1708,0.0,-0.0009944658378277058,0.0,0.0,0.0,2,0.0,0.0,0.0,0.0,60,17.119800494
1763394267876074441,-0.020470905303092417,0.0041048314869539144,0.1775002875096826,-0.06331237060220596,1709,0.0,-0.0012673727644761726,0.0,0.0,0.0,2,0.0,0.0,0.0,0.0,60,17.129735456
1763394267886144605,-0.01897331919883242,0.0032296839712303085,0.1497586104259995,-0.08751475157236059,1710,0.0,-0.0002403857966517377,0.0,0.0,0.0,2,0.0,0.0,0.0,0.0,60,17.13980562
1763394267896040085,-0.017176852852010305,0.002547473420185943,0.17964663468221162,-0.06822105510443655,1711,0.0,-0.0009375345767050195,0.0,0.0,0.0,2,0.0,0.0,0.0,0.0,60,17.1497011
1763394267905962376,-0.015168846323989713,0.0017030963020157296,0.20080065280205922,-0.08443771181702135,1712,0.0,-0.0006750219447828397,0.0,0.0,0.0,2,0.0,0.0,0.0,0.0,60,17.159623391
1763394267916083748,-0.013544680832792888,0.0007542203391998174,0.16241654911968248,-0.09488759628159121,1713,0.0,0.00016581085344204464,0.0,0.0,0.0,2,0.0,0.0,0.0,0.0,60,17.169744763
1763394267926072098,-0.01098445445937668,0.00019893836795497125,0.25602263734162084,-0.05552819712448462,1714,0.0,-0.0017665523885157595,0.0,0.0,0.0,2,0.0,0.0,0.0,0.0,60,17.179733113
1763394267936077854,-0.008883134374892021,-0.0011958578835893716,0.2101320084484659,-0.1394796251544343,1715,0.0,0.0009529172217572174,0.0,0.0,0.0,2,0.0,0.0,0.0,0.0,60,17.189738869
1763394267946169581,-0.006678809795848062,-0.001364786520713467,0.22043245790439592,-0.016892863712409528,1716,0.0,-0.0020104666852577067,0.0,0.0,0.0,2,0.0,0.0,0.0,0.0,60,17.199830596
1763394267956059147,-0.004275515221090306,-0.0030478767079332152,0.24032945747577555,-0.16830901872197482,1717,0.0,0.0015615560053429578,0.0,0.0,0.0,2,0.0,0.0,0.0,0.0,60,17.209720162
1763394267966148916,-0.0020557657835489993,-0.003680422486538857,0.2219749437541307,-0.06325457786056417,1718,0.0,-0.0005856956082346892,0.0,0.0,0.0,2,0.0,0.0,0.0,0.0,60,17.219809931
1763394267976081435,0.0004026004372447486,-0.004555255279338919,0.2458366220793748,-0.08748327928000624,1719,0.0,-0.0001613216350687674,0.0,0.0,0.0,2,0.0,0.0,0.0,0.0,60,17.22974245
1763394267986027721,0.0027926908650375004,-0.005738346166238466,0.23900904277927518,-0.11830908868995463,1720,0.0,0.000823494828865211,0.0,0.0,0.0,2,0.0,0.0,0.0,0.0,60,17.239688736
1763394267996093476,0.006097864254458206,-0.006733956562830929,0.3305173389420705,-0.09956103965924629,1721,0.0,-0.0005337275671709633,0.0,0.0,0.0,2,0.0,0.0,0.0,0.0,60,17.249754491
1763394268006098685,0.008501362373922877,-0.008073776752904464,0.24034981194646712,-0.13398201900735351,1722,0.0,0.0015372968952711032,0.0,0.0,0.0,2,0.0,0.0,0.0,0.0,60,17.2597597
1763394268016225826,0.011898068940553778,-0.009346852198245605,0.3396706566630901,-0.12730754453411408,1723,0.0,0.0004126726963987206,0.0,0.0,0.0,2,0.0,0.0,0.0,0.0,60,17.269886841
1763394268026100253,0.014905185265893107,-0.01102994372565114,0.3007116325339329,-0.16830915274055352,1724,0.0,0.0020891328703879944,0.0,0.0,0.0,2,0.0,0.0,0.0,0.0,60,17.279761268
1763394268036208472,0.01801955343907484,-0.012432834923529418,0.3114368173181732,-0.1402891197878278,1725,0.0,0.001522887004690149,0.0,0.0,0.0,2,0.0,0.0,0.0,0.0,60,17.289869487
1763394268046151187,0.021708923030019645,-0.01397074471554214,0.3689369590944805,-0.15379097920127216,1726,0.0,0.0014024150849549447,0.0,0.0,0.0,2,0.0,0.0,0.0,0.0,60,17.299812202
1763394268056137635,0.024921419024945726,-0.01647408103852024,0.3212495994926082,-0.2503336322978101,1727,0.0,0.004605352207555645,0.0,0.0,0.0,2,0.0,0.0,0.0,0.0,60,17.30979865
1763394268066065403,0.028465222797027387,-0.017673351282924063,0.35438037720816606,-0.11992702444038224,1728,0.0,0.0013468243948290127,0.0,0.0,0.0,2,0.0,0.0,0.0,0.0,60,17.319726418
1763394268076058578,0.03192590535017327,-0.019562414313711543,0.3460682553145883,-0.188906303078748,1729,0.0,0.0033510683874691037,0.0,0.0,0.0,2,0.0,0.0,0.0,0.0,60,17.329719593
1763394268086018576,0.0346892763453827,-0.021066440656683123,0.276337099520943,-0.15040263429715803,1730,0.0,0.003497816283091543,0.0,0.0,0.0,2,0.0,0.0,0.0,0.0,60,17.339679591
1763394268095902157,0.03778239505163279,-0.022653604388655355,0.3093118706250092,-0.15871637319722318,1731,0.0,0.003549261657730622,0.0,0.0,0.0,2,0.0,0.0,0.0,0.0,60,17.349563172
1763394268106081063,0.03986201908062432,-0.023910469295483606,0.20796240289915266,-0.1256864906828251,1732,0.0,0.004157090020534714,0.0,0.0,0.0,2,0.0,0.0,0.0,0.0,60,17.359742078
1763394268116085717,0.042815093178487695,-0.02505509945110576,0.2953074097863377,-0.11446301556221547,1733,0.0,0.0030461628135362117,0.0,0.0,0.0,2,0.0,0.0,0.0,0.0,60,17.369746732
1763394268126040438,0.04488177545139207,-0.026035745744055455,0.2066682272904373,-0.0980646292949694,1734,0.0,0.0038537480278356597,0.0,0.0,0.0,2,0.0,0.0,0.0,0.0,60,17.379701453
1763394268135946340,0.04661138205215728,-0.0268173993924839,0.172960660076521,-0.07816536484284466,1735,0.0,0.003903750440768714,0.0,0.0,0.0,2,0.0,0.0,0.0,0.0,60,17.389607355
1763394268146059247,0.04823126360165558,-0.02763507697823528,0.16198815494983046,-0.08176775857513773,1736,0.0,0.004242730257956044,0.0,0.0,0.0,2,0.0,0.0,0.0,0.0,60,17.399720262
1763394268156152119,0.04950884709241206,-0.02818187048782777,0.1277583490756476,-0.054679350959249,1737,0.0,0.004094268918888644,0.0,0.0,0.0,2,0.0,0.0,0.0,0.0,60,17.409813134
1763394268165981808,0.05034029340551256,-0.028572778712930878,0.08314463131005034,-0.03909082251031086,1738,0.0,0.004312988955003384,0.0,0.0,0.0,2,0.0,0.0,0.0,0.0,60,17.419642823
1763394268176123337,0.050942608045747045,-0.02872152547273038,0.06023146402344831,-0.014874675979950278,1739,0.0,0.004038122675872393,0.0,0.0,0.0,2,0.0,0.0,0.0,0.0,60,17.429784352
1763394268185981210,0.051092054276928145,-0.028383207203883334,0.014944623118109956,0.0338318268847046,1740,0.0,0.0033785081912528687,0.0,0.0,0.0,2,0.0,0.0,0.0,0.0,60,17.439642225
1763394268196052736,0.05102019435982384,-0.028044477254684695,-0.007185991710430273,0.033872994919863925,1741,0.0,0.0035871375794394684,0.0,0.0,0.0,2,0.0,0.0,0.0,0.0,60,17.449713751
1763394268205987647,0.0505505653131567,-0.02763827582596448,-0.046962904666714156,0.0406201428720214,1742,0.0,0.003834638892744908,0.0,0.0,0.0,2,0.0,0.0,0.0,0.0,60,17.459648662
1763394268216094925,0.05003319285541097,-0.02691923444762525,-0.051737245774573226,0.07190413783392316,1743,0.0,0.003049452585835932,0.0,0.0,0.0,2,0.0,0.0,0.0,0.0,60,17.46975594
1763394268226005594,0.053771522182965714,-0.026269227516161286,0.3738329327554746,0.06500069314639631,1744,0.0,-0.0018715478598610728,0.0,0.0,0.0,2,0.0,0.0,0.0,0.0,60,17.479666609
1763394268236060951,0.048322110500671214,-0.02553112839218967,-0.5449411682294499,0.07380991239716167,1745,0.0,0.008586470136065857,0.0,0.0,0.0,2,0.0,0.0,0.0,0.0,60,17.489721966
1763394268246156053,0.04701832816774844,-0.024827850151785825,-0.1303782332922776,0.07032782404038443,1746,0.0,0.0036918236261289615,0.0,0.0,0.0,2,0.0,0.0,0.0,0.0,60,17.499817068
1763394268256132702,0.045638364799434186,-0.024090344750458917,-0.1379963368314252,0.07375054013269086,1747,0.0,0.0035879366730619013,0.0,0.0,0.0,2,0.0,0.0,0.0,0.0,60,17.509793717
1763394268266162015,0.04469548625891511,-0.023057028722213303,-0.09428785405190751,0.10333160282456136,1748,0.0,0.0022255893501867043,0.0,0.0,0.0,2,0.0,0.0,0.0,0.0,60,17.51982303
1763394268276115254,0.04394225910773762,-0.022650385720223834,-0.07532271511774893,0.04066430019894693,1749,0.0,0.003409676606273863,0.0,0.0,0.0,2,0.0,0.0,0.0,0.0,60,17.529776269
1763394268286086301,0.04179694404237101,-0.02191744558663776,-0.21453150653666098,0.07329401335860741,1750,0.0,0.004164842457040862,0.0,0.0,0.0,2,0.0,0.0,0.0,0.0,60,17.539747316
1763394268296107479,0.03952990423988798,-0.02075117951786357,-0.226703980248303,0.11662660687741903,1751,0.0,0.003112799803150215,0.0,0.0,0.0,2,0.0,0.0,0.0,0.0,60,17.549768494
1763394268306003805,0.03746257700807392,-0.019055663164586827,-0.20673272318140617,0.16955163532767423,1752,0.0,0.0013807215915531768,0.0,0.0,0.0,2,0.0,0.0,0.0,0.0,60,17.55966482
1763394268316113909,0.03424497228637326,-0.017383262734616045,-0.3217604721700663,0.1672400429970782,1753,0.0,0.002528998957538087,0.0,0.0,0.0,2,0.0,0.0,0.0,0.0,60,17.569774924
1763394268326099021,0.0313965748871284,-0.01590502105492487,-0.28483973992448547,0.14782416796911765,1754,0.0,0.0023236383969018988,0.0,0.0,0.0,2,0.0,0.0,0.0,0.0,60,17.579760036
1763394268336049112,0.02812356685960571,-0.013862856043538482,-0.3273008027522693,0.20421650113863868,1755,0.0,0.0011886504174664506,0.0,0.0,0.0,2,0.0,0.0,0.0,0.0,60,17.589710127
1763394268346183343,0.02482631061398502,-0.012064041097671861,-0.3297256245620689,0.17988149458666203,1756,0.0,0.0015119481377276686,0.0,0.0,0.0,2,0.0,0.0,0.0,0.0,60,17.599844358
1763394268356134140,0.0220380059248029,-0.010459489591210503,-0.27883046891821195,0.1604551506461358,1757,0.0,0.0011242228398346652,0.0,0.0,0.0,2,0.0,0.0,0.0,0.0,60,17.609795155
1763394268366143492,0.018630216472366914,-0.008678168509640753,-0.3407789452435986,0.17813210815697497,1758,0.0,0.0011638900795969782,0.0,0.0,0.0,2,0.0,0.0,0.0,0.0,60,17.619804507
1763394268376029421,0.015425181948167957,-0.007303315143825982,-0.32050345241989575,0.13748533658147713,1759,0.0,0.001665972879628626,0.0,0.0,0.0,2,0.0,0.0,0.0,0.0,60,17.629690436
1763394268385971652,0.012627484572119967,-0.005670186128066598,-0.27976973760479895,0.1633129015759384,1760,0.0,0.00033240977094753247,0.0,0.0,0.0,2,0.0,0.0,0.0,0.0,60,17.639632667
1763394268396127063,0.009438957935894565,-0.004474343387447816,-0.3188526636225403,0.11958427406187823,1761,0.0,0.0016303413159280133,0.0,0.0,0.0,2,0.0,0.0,0.0,0.0,60,17.649788078
1763394268406103456,0.006421520051213343,-0.0028473723058095018,-0.30174378846812216,0.16269710816383137,1762,0.0,0.00016925338551030192,0.0,0.0,0.0,2,0.0,0.0,0.0,0.0,60,17.659764471
1763394268416016828,0.003143948173617024,-0.0012729193697601018,-0.32775718775963186,0.15744529360494,1763,0.0,0.0003554196728554949,0.0,0.0,0.0,2,0.0,0.0,0.0,0.0,60,17.669677843
1763394268425985802,-0.00011717268882892144,0.0003220179785244047,-0.32611208624459453,0.15949373482845064,1764,0.0,4.2650891193308366e-05,0.0,0.0,0.0,2,0.0,0.0,0.0,0.0,60,17.679646817
1763394268436056387,-0.0036098039195736863,0.0013372363258521668,-0.3492631230744765,0.1015218347327762,1765,0.0,0.0015132133439719943,0.0,0.0,0.0,2,0.0,0.0,0.0,0.0,60,17.689717402
1763394268446256710,-0.007098986660148297,0.0036707123216619085,-0.34891827405746106,0.23334759958097417,1766,0.0,-0.001936614326894675,0.0,0.0,0.0,2,0.0,0.0,0.0,0.0,60,17.699917725
1763394268456225662,-0.010342465640728458,0.005576708584609555,-0.32434789805801617,0.19059962629476462,1767,0.0,-0.001514360495762548,0.0,0.0,0.0,2,0.0,0.0,0.0,0.0,60,17.709886677
1763394268466068386,-0.014612464324411503,0.007060680677167957,-0.42699986836830445,0.14839720925584018,1768,0.0,0.0004485350654840751,0.0,0.0,0.0,2,0.0,0.0,0.0,0.0,60,17.719729401
1763394268476118370,-0.017945401730596947,0.00914073119681692,-0.3332937406185444,0.20800505196489627,1769,0.0,-0.0023667051583587226,0.0,0.0,0.0,2,0.0,0.0,0.0,0.0,60,17.729779385
1763394268486195295,-0.02140556099742234,0.011400900342908186,-0.3460159266825392,0.22601691460912668,1770,0.0,-0.0029839421016209194,0.0,0.0,0.0,2,0.0,0.0,0.0,0.0,60,17.73985631
1763394268496167641,-0.024673474680077828,0.01288433418681614,-0.32679136826554883,0.1483433843907953,1771,0.0,-0.0016177159662412732,0.0,0.0,0.0,2,0.0,0.0,0.0,0.0,60,17.749828656
1763394268506188778,-0.028050526961552247,0.014793827119733951,-0.33770522814744186,0.19094929329178112,1772,0.0,-0.002780665322687732,0.0,0.0,0.0,2,0.0,0.0,0.0,0.0,60,17.759849793
1763394268516058620,-0.030580640921607487,0.016110111724866764,-0.2530113960055241,0.13162846051328128,1773,0.0,-0.002586652016979134,0.0,0.0,0.0,2,0.0,0.0,0.0,0.0,60,17.769719635
1763394268526095602,-0.033190084584381135,0.0175008359878515,-0.2609443662773648,0.13907242629847374,1774,0.0,-0.0028813182755412616,0.0,0.0,0.0,2,0.0,0.0,0.0,0.0,60,17.779756617
1763394268536160194,-0.035229138841746215,0.018051272041524402,-0.2039054257365079,0.05504360536729008,1775,0.0,-0.0016686049126222666,0.0,0.0,0.0,2,0.0,0.0,0.0,0.0,60,17.789821209
1763394268545980650,-0.037042277208133224,0.01895668616684259,-0.181313836638701,0.09054141253181866,1776,0.0,-0.002905320466304826,0.0,0.0,0.0,2,0.0,0.0,0.0,0.0,60,17.799641665
1763394268556057723,-0.03760956443984877,0.019440045628846235,-0.056728723171554224,0.04833594620036463,1777,0.0,-0.0034520872328606773,0.0,0.0,0.0,2,0.0,0.0,0.0,0.0,60,17.809718738
1763394268566124725,-0.04091445136132344,0.01958243117119484,-0.3304886921474674,0.014238554234860534,1778,0.0,0.0005314318840424466,0.0,0.0,0.0,2,0.0,0.0,0.0,0.0,60,17.81978574
1763394268576037662,-0.03996644635355885,0.01942017582647037,0.09480050077645893,-0.016225534472447123,1779,0.0,-0.003722018814662619,0.0,0.0,0.0,2,0.0,0.0,0.0,0.0,60,17.829698677
1763394268586041876,-0.03988107113734128,0.01889836826330339,0.008537521621757027,-0.052180756316697746,1780,0.0,-0.0017886520414970902,0.0,0.0,0.0,2,0.0,0.0,0.0,0.0,60,17.839702891
1763394268596001502,-0.04140125398967924,0.01814709177628291,-0.1520182852337959,-0.07512764870204816,1781,0.0,0.000741426504081926,0.0,0.0,0.0,2,0.0,0.0,0.0,0.0,60,17.849662517
1763394268606034038,-0.04187001194946983,0.01741832050956027,-0.04687579597905875,-0.07287712667226401,1782,0.0,-0.0004397006293836872,0.0,0.0,0.0,2,0.0,0.0,0.0,0.0,60,17.859695053
1763394268616026415,-0.03778644233858494,0.016920799037735933,0.4083569610884886,-0.04975214718243373,1783,0.0,-0.006242325086774073,0.0,0.0,0.0,2,0.0,0.0,0.0,0.0,60,17.86968743
1763394268626001274,-0.03737519456067202,0.016289458623895567,0.04112477779129181,-0.06313404138403658,1784,0.0,-0.0015214195006217437,0.0,0.0,0.0,2,0.0,0.0,0.0,0.0,60,17.879662289
1763394268636088334,-0.03811585416950211,0.01604902840187954,-0.07406596088300882,-0.02404302220160269,1785,0.0,-0.0010517291015358435,0.0,0.0,0.0,2,0.0,0.0,0.0,0.0,60,17.889749349
1763394268646165388,-0.037575513519694,0.016267071011368157,0.054034064980811036,0.021804260948861745,1786,0.0,-0.003661562183728888,0.0,0.0,0.0,2,0.0,0.0,0.0,0.0,60,17.899826403
1763394268656036282,-0.036753900161519484,0.016070221686684923,0.08216133581745166,-0.01968493246832341,1787,0.0,-0.0029876963718406453,0.0,0.0,0.0,2,0.0,0.0,0.0,0.0,60,17.909697297
1763394268666125958,-0.034955412993720576,0.015544777206416251,0.1798487167798908,-0.052544448026867197,1788,0.0,-0.003281566109565926,0.0,0.0,0.0,2,0.0,0.0,0.0,0.0,60,17.919786973
1763394268676050756,-0.033924961874689866,0.01423740515813552,0.10304511190307106,-0.1307372048280731,1789,0.0,-0.000350147216837857,0.0,0.0,0.0,2,0.0,0.0,0.0,0.0,60,17.929711771
1763394268686163364,-0.03160760430152208,0.013073376576553119,0.2317357573167783,-0.11640285815824013,1790,0.0,-0.0020185512377867317,0.0,0.0,0.0,2,0.0,0.0,0.0,0.0,60,17.939824379
1763394268696037302,-0.02915745394216626,0.011699811842851623,0.2450150359355821,-0.1373564733701496,1791,0.0,-0.001472960136072746,0.0,0.0,0.0,2,0.0,0.0,0.0,0.0,60,17.949698317
1763394268706037287,-0.026244685419822503,0.009457492239691941,0.2912768522343758,-0.22423196031596815,1792,0.0,0.0003605664791928448,0.0,0.0,0.0,2,0.0,0.0,0.0,0.0,60,17.959698302
1763394268716137146,-0.023364563993431023,0.007663951238632772,0.28801214263914804,-0.17935410010591693,1793,0.0,-0.00037952124876762267,0.0,0.0,0.0,2,0.0,0.0,0.0,0.0,60,17.969798161
1763394268726005194,-0.01945930656543743,0.0048712271624870435,0.3905257427993594,-0.27927240761457284,1794,0.0,0.0011834836235067713,0.0,0.0,0.0,2,0.0,0.0,0.0,0.0,60,17.979666209
1763394268736121775,-0.01601810249832505,0.0031821654091349107,0.3441204067112378,-0.16890617533521327,1795,0.0,-0.0005990636000084331,0.0,0.0,0.0,2,0.0,0.0,0.0,0.0,60,17.98978279
1763394268746132681,-0.012915777579388141,0.0009249700669774659,0.3102324918936909,-0.22571953421574448,1796,0.0,0.001473699387422935,0.0,0.0,0.0,2,0.0,0.0,0.0,0.0,60,17.999793696
1763394268756055190,-0.0093105760656278,-0.0014176398057334349,0.3605201513760342,-0.23426098727109007,1797,0.0,0.0014403788911063172,0.0,0.0,0.0,2,0.0,0.0,0.0,0.0,60,18.009716205
1763394268766120853,-0.006087494391659601,-0.0029512655496823914,0.32230816739681983,-0.15336257439489565,1798,0.0,0.00022882010094799846,0.0,0.0,0.0,2,0.0,0.0,0.0,0.0,60,18.019781868
1763394268776001242,-0.0031127204722274544,-0.004935170999228498,0.29747739194321465,-0.19839054495461061,1799,0.0,0.0018781419041740632,0.0,0.0,0.0,2,0.0,0.0,0.0,0.0,60,18.029662257
1763394268786065125,0.0001465836659796764,-0.006637544326984065,0.3259304138207131,-0.17023733277555675,1800,0.0,0.0011452951060669874,0.0,0.0,0.0,2,0.0,0.0,0.0,0.0,60,18.03972614
1763394268796070535,0.002308186837640388,-0.008075246570653068,0.21616031716607115,-0.14377022436690023,1801,0.0,0.00203284800677503,0.0,0.0,0.0,2,0.0,0.0,0.0,0.0,60,18.04973155
1763394268806080428,0.005712841777810007,-0.009339564276149796,0.3404654940169619,-0.12643177054967278,1802,0.0,0.00036354413219314525,0.0,0.0,0.0,2,0.0,0.0,0.0,0.0,60,18.059741443
1763394268816059329,0.007237990937374081,-0.010291195040997932,0.15251491595640737,-0.09516307648481363,1803,0.0,0.0019829043028644485,0.0,0.0,0.0,2,0.0,0.0,0.0,0.0,60,18.069720344
1763394268825968452,0.00933772145197393,-0.011049991944271729,0.209973051459985,-0.07587969032737968,1804,0.0,0.0009744415448294547,0.0,0.0,0.0,2,0.0,0.0,0.0,0.0,60,18.079629467
1763394268836017460,0.01129061569589139,-0.01170862316947922,0.19528942439174593,-0.06586312252074913,1805,0.0,0.0010151866433062422,0.0,0.0,0.0,2,0.0,0.0,0.0,0.0,60,18.089678475
1763394268846049097,0.012829676656180143,-0.012326661579812223,0.1539060960288753,-0.061803841033300326,1806,0.0,0.0015019233266725237,0.0,0.0,0.0,2,0.0,0.0,0.0,0.0,60,18.099710112
1763394268856117563,0.014288820889939942,-0.012383741813314763,0.14591442337597987,-0.00570802335025395,1807,0.0,0.00029341450439722454,0.0,0.0,0.0,2,0.0,0.0,0.0,0.0,60,18.109778578
1763394268865955715,0.01587740975642698,-0.013235837107356334,0.15885888664870368,-0.08520952940415712,1808,0.0,0.0021358719500032637,0.0,0.0,0.0,2,0.0,0.0,0.0,0.0,60,18.11961673
1763394268875955332,0.01718953763005563,-0.01322862242483492,0.13121278736286518,0.0007214682521414564,1809,0.0,0.0004487920381638181,0.0,0.0,0.0,2,0.0,0.0,0.0,0.0,60,18.129616347
1763394268886126326,0.01830212796303861,-0.013286396429589929,0.11125903329829781,-0.005777400475500891,1810,0.0,0.0008472917613566072,0.0,0.0,0.0,2,0.0,0.0,0.0,0.0,60,18.139787341
1763394268896187913,0.01984006079105098,-0.013785647587637218,0.15379328280123727,-0.04992511580472897,1811,0.0,0.0014611147179964365,0.0,0.0,0.0,2,0.0,0.0,0.0,0.0,60,18.149848928
1763394268906048550,0.02122106614717973,-0.01380835105401726,0.13810053561287491,-0.0022703466380041143,1812,0.0,0.0005356200716996765,0.0,0.0,0.0,2,0.0,0.0,0.0,0.0,60,18.159709565
1763394268916084505,0.022557590703284912,-0.013901111426077483,0.13365245561051814,-0.009276037206022367,1813,0.0,0.0007697410815840956,0.0,0.0,0.0,2,0.0,0.0,0.0,0.0,60,18.16974552
1763394268925962025,0.023830851169480832,-0.014866790932793552,0.12732604661959204,-0.0965679506716069,1814,0.0,0.003037011353357486,0.0,0.0,0.0,2,0.0,0.0,0.0,0.0,60,18.17962304
1763394268935980452,0.025647491300172846,-0.015394856238959498,0.1816640130692014,-0.05280653061659462,1815,0.0,0.0014563865186759642,0.0,0.0,0.0,2,0.0,0.0,0.0,0.0,60,18.189641467
1763394268946049457,0.02759854185415752,-0.01609029077732358,0.19510505539846734,-0.06954345383640824,1816,0.0,0.0017994829379155569,0.0,0.0,0.0,2,0.0,0.0,0.0,0.0,60,18.199710472
1763394268956184516,0.029188803981628875,-0.01704937161735578,0.1590262127471355,-0.09590808400321976,1817,0.0,0.0029877525303401765,0.0,0.0,0.0,2,0.0,0.0,0.0,0.0,60,18.209845531
1763394268966078850,0.030898865355946756,-0.01753999194378156,0.1710061374317881,-0.04906203264257829,1818,0.0,0.0018263976958591162,0.0,0.0,0.0,2,0.0,0.0,0.0,0.0,60,18.219739865
1763394268976049187,0.03254389718910598,-0.018032916264550284,0.16450318331592273,-0.04929243207687228,1819,0.0,0.0019858908543489815,0.0,0.0,0.0,2,0.0,0.0,0.0,0.0,60,18.229710202
1763394268986068110,0.033657944538793526,-0.018612082968929074,0.11140473496875428,-0.05791667043787904,1820,0.0,0.0029005554459619687,0.0,0.0,0.0,2,0.0,0.0,0.0,0.0,60,18.239729125
1763394268996118036,0.0346393807864036,-0.01894673179862143,0.09814362476100735,-0.03346488296923564,1821,0.0,0.0025354185665360527,0.0,0.0,0.0,2,0.0,0.0,0.0,0.0,60,18.249779051
1763394269006230178,0.03579195551529804,-0.019265000376806833,0.11525747288944413,-0.031826857818540236,1822,0.0,0.0023464894810084702,0.0,0.0,0.0,2,0.0,0.0,0.0,0.0,60,18.259891193
1763394269016068733,0.03681715998297247,-0.019401721444083093,0.10252044676744287,-0.013672106727626032,1823,0.0,0.0020936851459597812,0.0,0.0,0.0,2,0.0,0.0,0.0,0.0,60,18.269729748
1763394269026026830,0.03755172202028851,-0.019313176006670898,0.07345620373160403,0.008854543741219564,1824,0.0,0.0018959636466933942,0.0,0.0,0.0,2,0.0,0.0,0.0,0.0,60,18.279687845
1763394269036069836,0.038171465631632914,-0.019418118452151058,0.061974361134440464,-0.010494244548015993,1825,0.0,0.0025017472483514986,0.0,0.0,0.0,2,0.0,0.0,0.0,0.0,60,18.289730851
1763394269046003545,0.03834894434127255,-0.019302950033331778,0.017747870963963353,0.011516841881928017,1826,0.0,0.0024885970108023386,0.0,0.0,0.0,2,0.0,0.0,0.0,0.0,60,18.29966456
1763394269056145213,0.03841746100884852,-0.019102574038819972,0.00685166675759713,0.02003759945118054,1827,0.0,0.0023873724199686584,0.0,0.0,0.0,2,0.0,0.0,0.0,0.0,60,18.309806228
1763394269066123813,0.03860931516047848,-0.01882554169335318,0.019185415162996378,0.027703234546679056,1828,0.0,0.0020224198137217078,0.0,0.0,0.0,2,0.0,0.0,0.0,0.0,60,18.319784828
1763394269076038113,0.0386038364398965,-0.018365555040333097,-0.0005478720581986174,0.045998665302008496,1829,0.0,0.0017572149792642814,0.0,0.0,0.0,2,0.0,0.0,0.0,0.0,60,18.329699128
1763394269086130495,0.0385356342699292,-0.01800671978142296,-0.006820216996729356,0.03588352589101382,1830,0.0,0.0020147500890483304,0.0,0.0,0.0,2,0.0,0.0,0.0,0.0,60,18.33979151
1763394269096106827,0.03836524764733005,-0.017653636266377806,-0.017038662259915432,0.03530835150451529,1831,0.0,0.00209552512851121,0.0,0.0,0.0,2,0.0,0.0,0.0,0.0,60,18.349767842
1763394269105988215,0.038224906904657095,-0.01728766714452255,-0.01403407426729536,0.036596912185525576,1832,0.0,0.0019755046252479514,0.0,0.0,0.0,2,0.0,0.0,0.0,0.0,60,18.35964923
1763394269116136182,0.038183047374533464,-0.017091926547065067,-0.004185953012363075,0.01957405974574826,1833,0.0,0.0022298633609388364,0.0,0.0,0.0,2,0.0,0.0,0.0,0.0,60,18.369797197
1763394269126094028,0.03807314568100142,-0.01695980240167368,-0.010990169353204682,0.013212414539138725,1834,0.0,0.0024390494451231063,0.0,0.0,0.0,2,0.0,0.0,0.0,0.0,60,18.379755043
1763394269136064567,0.03808998009056861,-0.016950130956434172,0.0016834409567192954,0.0009671445239507748,1835,0.0,0.0025759089289147607,0.0,0.0,0.0,2,0.0,0.0,0.0,0.0,60,18.389725582
1763394269146145189,0.03802808409896037,-0.016956317096304865,-0.006189599160823928,-0.0006186139870693191,1836,0.0,0.002706275325488692,0.0,0.0,0.0,2,0.0,0.0,0.0,0.0,60,18.399806204
1763394269156059486,0.03784094685744451,-0.01700203955132052,-0.01871372415158598,-0.004572245501565514,1837,0.0,0.0029522515691789626,0.0,0.0,0.0,2,0.0,0.0,0.0,0.0,60,18.409720501
1763394269166168229,0.03763514351637606,-0.016984854820744886,-0.020580334106844872,0.001718473057563466,1838,0.0,0.0028235487906079146,0.0,0.0,0.0,2,0.0,0.0,0.0,0.0,60,18.419829244
1763394269176007012,0.0372208007526041,-0.01687346954557782,-0.041434276377196044,0.011138527516706478,1839,0.0,0.0028299200485022787,0.0,0.0,0.0,2,0.0,0.0,0.0,0.0,60,18.429668027
1763394269186018693,0.03669915538791276,-0.016697418546399383,-0.052164536469134076,0.01760509991784384,1840,0.0,0.0027767659616281244,0.0,0.0,0.0,2,0.0,0.0,0.0,0.0,60,18.439679708
1763394269196091068,0.036018189470326804,-0.016403162763229187,-0.06809659175859573,0.029425578317019557,1841,0.0,0.002641237565308847,0.0,0.0,0.0,2,0.0,0.0,0.0,0.0,60,18.449752083
1763394269206080080,0.035146974075101624,-0.016081474431556348,-0.08712153952251805,0.0321688331672839,1842,0.0,0.0027502182310019958,0.0,0.0,0.0,2,0.0,0.0,0.0,0.0,60,18.459741095
1763394269215957511,0.03438465004681751,-0.01580087082881698,-0.07623240282841129,0.028060360273936963,1843,0.0,0.002674924992787955,0.0,0.0,0.0,2,0.0,0.0,0.0,0.0,60,18.469618526
1763394269226040584,0.0334756745866257,-0.01545606056994864,-0.09089754601918076,0.03448102588683392,1844,0.0,0.002642964056081041,0.0,0.0,0.0,2,0.0,0.0,0.0,0.0,60,18.479701599
1763394269236131677,0.0324721399253936,-0.015143508813794566,-0.10035346612321042,0.031255175615407284,1845,0.0,0.0027804695459186604,0.0,0.0,0.0,2,0.0,0.0,0.0,0.0,60,18.489792692
1763394269246211597,0.03121112258597808,-0.014623262280098682,-0.12610173394155197,0.05202465336958846,1846,0.0,0.0025152995946468235,0.0,0.0,0.0,2,0.0,0.0,0.0,0.0,60,18.499872612
1763394269256180358,0.029714343554717353,-0.013941481794434708,-0.14967790312607268,0.06817804856639742,1847,0.0,0.002308260502995551,0.0,0.0,0.0,2,0.0,0.0,0.0,0.0,60,18.509841373
1763394269266087212,0.0283031692804123,-0.013333579992476995,-0.1411174274305052,0.0607901801957713,1848,0.0,0.0022868907927515603,0.0,0.0,0.0,2,0.0,0.0,0.0,0.0,60,18.519748227
1763394269276059832,0.02660233562992688,-0.012466724384387774,-0.17008336504854213,0.0866855608089221,1849,0.0,0.0018867928952102952,0.0,0.0,0.0,2,0.0,0.0,0.0,0.0,60,18.529720847
1763394269286077904,0.024577477249552997,-0.011772783399416599,-0.20248583803738826,0.06939409849711746,1850,0.0,0.0025641246175173446,0.0,0.0,0.0,2,0.0,0.0,0.0,0.0,60,18.539738919
1763394269296085374,0.026412391907515743,-0.01127702237533643,0.18349146579627468,0.04957610240801692,1851,0.0,-0.0015719379487222221,0.0,0.0,0.0,2,0.0,0.0,0.0,0.0,60,18.549746389
1763394269306000711,0.021073944782391003,-0.01005990020544292,-0.533844712512474,0.121712216989351,1852,0.0,0.004965358762713373,0.0,0.0,0.0,2,0.0,0.0,0.0,0.0,60,18.559661726
1763394269316103573,0.019312555515960728,-0.009945704383078749,-0.17613892664302758,0.011419582236417078,1853,0.0,0.003328207064222602,0.0,0.0,0.0,2,0.0,0.0,0.0,0.0,60,18.569764588
1763394269326097558,0.017434287635414866,-0.009095096708452086,-0.18782678805458614,0.08506076746266633,1854,0.0,0.0016077481260214164,0.0,0.0,0.0,2,0.0,0.0,0.0,0.0,60,18.579758573
1763394269336119229,0.01579076837355984,-0.008602422183865723,-0.16435192618550268,0.04926745245863624,1855,0.0,0.0020935122535509255,0.0,0.0,0.0,2,0.0,0.0,0.0,0.0,60,18.589780244
1763394269346117786,0.01424032430933974,-0.008927536750372377,-0.15504440642200995,-0.03251145665066537,1856,0.0,0.0039449189231926815,0.0,0.0,0.0,2,0.0,0.0,0.0,0.0,60,18.599778801
1763394269355944894,0.012377470669492227,-0.00777341218697247,-0.1862853639847513,0.11541245633999068,1857,0.0,0.000667791258098661,0.0,0.0,0.0,2,0.0,0.0,0.0,0.0,60,18.609605909
1763394269366037269,0.009558473138183667,-0.007190781817807735,-0.28189975313085597,0.0582630369164735,1858,0.0,0.003035997203279534,0.0,0.0,0.0,2,0.0,0.0,0.0,0.0,60,18.619698284
1763394269376070839,0.00666657807748277,-0.005430453657227729,-0.28918950607008975,0.1760328160580006,1859,0.0,9.18562292714616e-05,0.0,0.0,0.0,2,0.0,0.0,0.0,0.0,60,18.629731854
1763394269386129469,0.0031175690207253803,-0.004449906226891601,-0.3549009056757389,0.09805474303361278,1860,0.0,0.002536208259433425,0.0,0.0,0.0,2,0.0,0.0,0.0,0.0,60,18.639790484
1763394269396004084,-0.00029516212312348175,-0.0022695966991286686,-0.3412731143848862,0.21803095277629322,1861,0.0,-0.0007689390533868017,0.0,0.0,0.0,2,0.0,0.0,0.0,0.0,60,18.649665099
1763394269406162841,-0.00417631985969916,-9.05452328358626e-06,-0.38811577365756783,0.22605421758450822,1862,0.0,-0.0007526032416741634,0.0,0.0,0.0,2,0.0,0.0,0.0,0.0,60,18.659823856
1763394269415923451,-0.008193889428180091,0.0012905097443408307,-0.4017569568480931,0.1299564267624417,1863,0.0,0.0014565003074461318,0.0,0.0,0.0,2,0.0,0.0,0.0,0.0,60,18.669584466
1763394269426054268,-0.01201025260660989,0.0032249683484495764,-0.38163631784297986,0.19344586041087455,1864,0.0,-0.0005654743019381722,0.0,0.0,0.0,2,0.0,0.0,0.0,0.0,60,18.679715283
1763394269436176392,-0.015731850594098987,0.005717509366046914,-0.37215979874890975,0.24925410175973375,1865,0.0,-0.0023646169768062903,0.0,0.0,0.0,2,0.0,0.0,0.0,0.0,60,18.689837407
1763394269446203244,-0.019920721692269508,0.008038587044702006,-0.4188871098170521,0.23210776786550916,1866,0.0,-0.0017694247167576007,0.0,0.0,0.0,2,0.0,0.0,0.0,0.0,60,18.699864259
1763394269456200238,-0.02397890512927867,0.009956635939526618,-0.40581834370091613,0.19180488948246122,1867,0.0,-0.0012736002072560324,0.0,0.0,0.0,2,0.0,0.0,0.0,0.0,60,18.709861253
1763394269466223189,-0.02793874206220383,0.012237330553578011,-0.3959836932925162,0.22806946140513928,1868,0.0,-0.0025881493074083007,0.0,0.0,0.0,2,0.0,0.0,0.0,0.0,60,18.719884204
1763394269476018885,-0.03129328315783911,0.014507894658860918,-0.33545410956352767,0.22705641052829065,1869,0.0,-0.0036208378897265693,0.0,0.0,0.0,2,0.0,0.0,0.0,0.0,60,18.7296799
1763394269486064309,-0.034745788228305,0.015936924870294085,-0.34525050704658916,0.14290302114331674,1870,0.0,-0.001754388486932277,0.0,0.0,0.0,2,0.0,0.0,0.0,0.0,60,18.739725324
1763394269496061772,-0.039718596095409675,0.017964658228384354,-0.49728078671046755,0.20277333580902696,1871,0.0,-0.0016870414076539347,0.0,0.0,0.0,2,0.0,0.0,0.0,0.0,60,18.749722787
1763394269506059059,-0.04089811654591994,0.01897388118030932,-0.11795204505102644,0.10092229519249665,1872,0.0,-0.0039066598515332,0.0,0.0,0.0,2,0.0,0.0,0.0,0.0,60,18.759720074
1763394269516073957,-0.04066010683617258,0.020548277801532046,0.02380097097473624,0.15743966212227248,1873,0.0,-0.00712842224059399,0.0,0.0,0.0,2,0.0,0.0,0.0,0.0,60,18.769734972
1763394269526045472,-0.046457432517841325,0.021439389811254816,-0.5797325681668748,0.08911120097227707,1874,0.0,0.0014122812595236223,0.0,0.0,0.0,2,0.0,0.0,0.0,0.0,60,18.779706487
1763394269535927518,-0.04955722762671272,0.022125676345678642,-0.3099795108871393,0.06862865344238259,1875,0.0,-0.001385993725314556,0.0,0.0,0.0,2,0.0,0.0,0.0,0.0,60,18.789588533
1763394269546116442,-0.0454262161074806,0.022562765705293968,0.41310115192321195,0.043708935961532525,1876,0.0,-0.00934582846277438,0.0,0.0,0.0,2,0.0,0.0,0.0,0.0,60,18.799777457
1763394269556096928,-0.0458820018983494,0.022318737513654464,-0.04557857908688012,-0.024402819163950318,1877,0.0,-0.0023277537333690037,0.0,0.0,0.0,2,0.0,0.0,0.0,0.0,60,18.809757943
1763394269566018712,-0.045210791415650486,0.021629083656863148,0.0671210482698914,-0.06896538567913169,1878,0.0,-0.002502592165027726,0.0,0.0,0.0,2,0.0,0.0,0.0,0.0,60,18.819679727
1763394269575947478,-0.045180566070440534,0.021079071507601743,0.003022534520995268,-0.055001214926140435,1879,0.0,-0.0019957994384471184,0.0,0.0,0.0,2,0.0,0.0,0.0,0.0,60,18.829608493
1763394269586013588,-0.046094508601911735,0.02061071463091236,-0.09139425314712013,-0.04683568766893839,1880,0.0,-0.0010118703092814264,0.0,0.0,0.0,2,0.0,0.0,0.0,0.0,60,18.839674603
1763394269596113963,-0.0515636759313141,0.0196156923605552,-0.5469167329402363,-0.09950222703571585,1881,0.0,0.005703342082280634,0.0,0.0,0.0,2,0.0,0.0,0.0,0.0,60,18.849774978
1763394269606085834,-0.04374998103209905,0.01814651097568474,0.7813694899215046,-0.14691813848704618,1882,0.0,-0.008543680324959281,0.0,0.0,0.0,2,0.0,0.0,0.0,0.0,60,18.859746849
1763394269615997335,-0.042075264716302324,0.016438358454956406,0.16747163157967287,-0.1708152520728333,1883,0.0,-0.0005165811776845107,0.0,0.0,0.0,2,0.0,0.0,0.0,0.0,60,18.86965835
1763394269625958458,-0.038609462864290386,0.014486103853147893,0.34658018520119377,-0.19522546018085132,1884,0.0,-0.001748829729244038,0.0,0.0,0.0,2,0.0,0.0,0.0,0.0,60,18.879619473
1763394269636175951,-0.038231385054990324,0.013820192156219456,0.037807780930006196,-0.06659116969284368,1885,0.0,-0.0010388130481983069,0.0,0.0,0.0,2,0.0,0.0,0.0,0.0,60,18.889836966
1763394269646178398,-0.037905426579300946,0.013572620203142774,0.0325958475689378,-0.024757195307668206,1886,0.0,-0.0019207807787610842,0.0,0.0,0.0,2,0.0,0.0,0.0,0.0,60,18.899839413
1763394269656123262,-0.03604890252063811,0.012744053884918657,0.18565240586628368,-0.08285663182241165,1887,0.0,-0.0022281752030572743,0.0,0.0,0.0,2,0.0,0.0,0.0,0.0,60,18.909784277
1763394269665958136,-0.03421876350426333,0.01180999493230181,0.1830139016374778,-0.0934058952616848,1888,0.0,-0.0018063793934653474,0.0,0.0,0.0,2,0.0,0.0,0.0,0.0,60,18.919619151
1763394269676032502,-0.0315671169013793,0.010474043127145255,0.26516466028840346,-0.13359518051565544,1889,0.0,-0.00162360147383738,0.0,0.0,0.0,2,0.0,0.0,0.0,0.0,60,18.929693517
1763394269686071479,-0.02896711891639606,0.008974203334768335,0.2599997984983237,-0.14998397923769202,1890,0.0,-0.0009493135049545623,0.0,0.0,0.0,2,0.0,0.0,0.0,0.0,60,18.939732494
1763394269696036063,-0.026105912385103118,0.006999986832279977,0.2861206531292942,-0.19742165024883573,1891,0.0,0.0001563791370404275,0.0,0.0,0.0,2,0.0,0.0,0.0,0.0,60,18.949697078
1763394269706023603,-0.023298260540811883,0.005087852469583206,0.2807651844291235,-0.19121343626967713,1892,0.0,0.0003647245587830583,0.0,0.0,0.0,2,0.0,0.0,0.0,0.0,60,18.959684618
1763394269716114112,-0.019505209797463396,0.0030331257509398565,0.3793050743348486,-0.20547267186433493,1893,0.0,-0.00014322049339600233,0.0,0.0,0.0,2,0.0,0.0,0.0,0.0,60,18.969775127
1763394269726026352,-0.01605040964938706,0.0012372910192662984,0.3454800148076337,-0.17958347316735582,1894,0.0,-7.722809396963539e-05,0.0,0.0,0.0,2,0.0,0.0,0.0,0.0,60,18.979687367
1763394269736200409,-0.013288396570899256,-0.0010499058649209962,0.2762013078487804,-0.22871968841872944,1895,0.0,0.002234605118596531,0.0,0.0,0.0,2,0.0,0.0,0.0,0.0,60,18.989861424
1763394269746030109,-0.009577147269528945,-0.002374664776522128,0.371124930137031,-0.13247589116011318,1896,0.0,-0.000929643642525979,0.0,0.0,0.0,2,0.0,0.0,0.0,0.0,60,18.999691124
1763394269756087270,-0.006701214340661354,-0.004445966303280292,0.28759329288675917,-0.20713015267581641,1897,0.0,0.002116217059380628,0.0,0.0,0.0,2,0.0,0.0,0.0,0.0,60,19.009748285
1763394269765933279,-0.0037574975342136805,-0.0062517290276548135,0.2943716806447673,-0.1805762724374521,1898,0.0,0.0016897622970249004,0.0,0.0,0.0,2,0.0,0.0,0.0,0.0,60,19.019594294
1763394269775988738,-0.0006610582675801793,-0.007600719271316372,0.3096439266633501,-0.13489902436615583,1899,0.0,0.0006481454002948664,0.0,0.0,0.0,2,0.0,0.0,0.0,0.0,60,19.029649753
1763394269786128496,0.0012692355287049865,-0.008480487326379803,0.19302937962851657,-0.08797680550634317,1900,0.0,0.0010533544191766075,0.0,0.0,0.0,2,0.0,0.0,0.0,0.0,60,19.039789511
1763394269796152428,0.004260437347497779,-0.009714788374693199,0.2991201818792793,-0.12343010483133951,1901,0.0,0.0008299292525430373,0.0,0.0,0.0,2,0.0,0.0,0.0,0.0,60,19.049813443
1763394269806130278,0.006256030850991908,-0.009778441145977555,0.19955935034941286,-0.006365277128435667,1902,0.0,-0.0007300158037007855,0.0,0.0,0.0,2,0.0,0.0,0.0,0.0,60,19.059791293
1763394269815932475,0.0078117866979962244,-0.010622546625288443,0.15557558470043162,-0.08441054793108874,1903,0.0,0.0017455656457360592,0.0,0.0,0.0,2,0.0,0.0,0.0,0.0,60,19.06959349
1763394269825936838,0.00959498589763945,-0.010690486268894909,0.17831991996432248,-0.006793964360646623,1904,0.0,-0.00032586059153203643,0.0,0.0,0.0,2,0.0,0.0,0.0,0.0,60,19.079597853
1763394269836105286,0.011389508871996294,-0.01155932520149465,0.1794522974356845,-0.08688389325997407,1905,0.0,0.0016721891455002895,0.0,0.0,0.0,2,0.0,0.0,0.0,0.0,60,19.089766301
1763394269846187050,0.013260475801773523,-0.01136678781556682,0.1870966929777229,0.01925373859278292,1906,0.0,-0.0009288046887119893,0.0,0.0,0.0,2,0.0,0.0,0.0,0.0,60,19.099848065
1763394269856165992,0.01546490421702319,-0.012523532983246863,0.22044284152496657,-0.11567451676800423,1907,0.0,0.0020203267707974825,0.0,0.0,0.0,2,0.0,0.0,0.0,0.0,60,19.109827007
1763394269866130447,0.017761514344296132,-0.013067975267726142,0.2296610127272943,-0.054444228447927956,1908,0.0,0.0005638689868479019,0.0,0.0,0.0,2,0.0,0.0,0.0,0.0,60,19.119791462
1763394269876053717,0.02033061745848596,-0.014311429989427419,0.25691031141898274,-0.12434547217012766,1909,0.0,0.0020740232508572906,0.0,0.0,0.0,2,0.0,0.0,0.0,0.0,60,19.129714732
1763394269886032285,0.026580155178862655,-0.015137177008279542,0.6249537720376696,-0.08257470188521229,1910,0.0,-0.0030869096793305286,0.0,0.0,0.0,2,0.0,0.0,0.0,0.0,60,19.1396933
1763394269896174640,0.025713340927033403,-0.017071992396706547,-0.08668142518292524,-0.19348153884270053,1911,0.0,0.008153844040979363,0.0,0.0,0.0,2,0.0,0.0,0.0,0.0,60,19.149835655
1763394269905916783,0.028511760324216526,-0.018041444955164063,0.2798419397183123,-0.09694525584575155,1912,0.0,0.001737962186511054,0.0,0.0,0.0,2,0.0,0.0,0.0,0.0,60,19.159577798
1763394269916007742,0.03144515490188379,-0.019447274984608857,0.2933394577667267,-0.1405830029444794,1913,0.0,0.002818980718730537,0.0,0.0,0.0,2,0.0,0.0,0.0,0.0,60,19.169668757
1763394269925961286,0.03423933787163666,-0.021263024708065525,0.27941829697528675,-0.1815749723456668,1914,0.0,0.004220170380819155,0.0,0.0,0.0,2,0.0,0.0,0.0,0.0,60,19.179622301
1763394269936131688,0.03753171607724509,-0.023196320966564203,0.32923782056084316,-0.19332962584986782,1915,0.0,0.004206232928515257,0.0,0.0,0.0,2,0.0,0.0,0.0,0.0,60,19.189792703
1763394269946070696,0.03963256079073295,-0.024210370265690916,0.21008447134878566,-0.10140492991267125,1916,0.0,0.00360659198824584,0.0,0.0,0.0,2,0.0,0.0,0.0,0.0,60,19.199731711
1763394269956037366,0.041497494110647785,-0.025349088753515502,0.18649333199148369,-0.11387184878245867,1917,0.0,0.0043497683022009626,0.0,0.0,0.0,2,0.0,0.0,0.0,0.0,60,19.209698381
1763394269966150431,0.04323982909659096,-0.02583337484691587,0.17423349859431725,-0.048428609340036774,1918,0.0,0.0030362476144941216,0.0,0.0,0.0,2,0.0,0.0,0.0,0.0,60,19.219811446
1763394269976097017,0.04844220663874034,-0.025989602352898135,0.5202377542149382,-0.015622750598226487,1919,0.0,-0.001757774456421459,0.0,0.0,0.0,2,0.0,0.0,0.0,0.0,60,19.229758032
1763394269985928335,0.04883365093793615,-0.025871853319334007,0.03914442991958117,0.01177490335641275,1920,0.0,0.003233424272545243,0.0,0.0,0.0,2,0.0,0.0,0.0,0.0,60,19.23958935
1763394269996052351,0.044787977051176736,-0.025372944876164157,-0.40456738867594155,0.04989084431698508,1921,0.0,0.007464947986949855,0.0,0.0,0.0,2,0.0,0.0,0.0,0.0,60,19.249713366
1763394270005983602,0.04487863309278634,-0.02536724606512023,0.00906560416096061,0.000569881104392489,1922,0.0,0.0037631010206957477,0.0,0.0,0.0,2,0.0,0.0,0.0,0.0,60,19.259644617
1763394270016080825,0.045773168303583654,-0.02618609078270267,0.0894535210797312,-0.0818844717582437,1923,0.0,0.0048757988347203265,0.0,0.0,0.0,2,0.0,0.0,0.0,0.0,60,19.26974184
1763394270026029839,0.04778022809045307,-0.027595814672693286,0.20070597868694154,-0.14097238899906175,1924,0.0,0.005168884484361735,0.0,0.0,0.0,2,0.0,0.0,0.0,0.0,60,19.279690854
1763394270036060913,0.04928151901764004,-0.02847499173871581,0.15012909271869684,-0.08791770660225226,1925,0.0,0.00465345874109353,0.0,0.0,0.0,2,0.0,0.0,0.0,0.0,60,19.289721928
1763394270046092729,0.049493733111880114,-0.028479110467141227,0.02122140942400763,-0.0004118728425418078,1926,0.0,0.004117074772631862,0.0,0.0,0.0,2,0.0,0.0,0.0,0.0,60,19.299753744
1763394270056136676,0.04869862110895916,-0.027944382120039756,-0.07951120029209557,0.05347283471014708,1927,0.0,0.0039553766934983066,0.0,0.0,0.0,2,0.0,0.0,0.0,0.0,60,19.309797691
1763394270065986441,0.046542379298555536,-0.02650477217414855,-0.21562418104036224,0.1439609945891207,1928,0.0,0.0032132489841321305,0.0,0.0,0.0,2,0.0,0.0,0.0,0.0,60,19.319647456
1763394270076027386,0.04451064315728184,-0.024170339441596383,-0.20317361412736934,0.23344327325521655,1929,0.0,0.000618085772937543,0.0,0.0,0.0,2,0.0,0.0,0.0,0.0,60,19.329688401
1763394270086111702,0.041688026560451244,-0.02275875721359987,-0.2822616596830599,0.1411582227996512,1930,0.0,0.0034933350897013386,0.0,0.0,0.0,2,0.0,0.0,0.0,0.0,60,19.339772717
1763394270096013214,0.03915120759862414,-0.02100716463522712,-0.2536818961827107,0.1751592578372752,1931,0.0,0.002094137233299288,0.0,0.0,0.0,2,0.0,0.0,0.0,0.0,60,19.349674229
1763394270106126093,0.03677475437195837,-0.01894961973890045,-0.237645322666577,0.20575448963266704,1932,0.0,0.0008773170845362138,0.0,0.0,0.0,2,0.0,0.0,0.0,0.0,60,19.359787108
1763394270116098320,0.03437335894588905,-0.017666468139276623,-0.24013954260693193,0.1283151599623826,1933,0.0,0.0025252717767984905,0.0,0.0,0.0,2,0.0,0.0,0.0,0.0,60,19.369759335
1763394270125956020,0.03243636805677008,-0.016348977415896845,-0.19369908891189655,0.13174907233797772,1934,0.0,0.001698882816363159,0.0,0.0,0.0,2,0.0,0.0,0.0,0.0,60,19.379617035
1763394270136045548,0.02996341905371322,-0.014919733120708545,-0.24729490030568624,0.14292442951883005,1935,0.0,0.0018476900383951654,0.0,0.0,0.0,2,0.0,0.0,0.0,0.0,60,19.389706563
1763394270146037862,0.02822883440347517,-0.014253435998519063,-0.17345846502380483,0.06662971221894821,1936,0.0,0.0026655882586605617,0.0,0.0,0.0,2,0.0,0.0,0.0,0.0,60,19.399698877
1763394270156083840,0.02609405454193746,-0.012997004908879457,-0.21347798615377125,0.12564310896396053,1937,0.0,0.001560011103978116,0.0,0.0,0.0,2,0.0,0.0,0.0,0.0,60,19.409744855
1763394270166180466,0.02403012689646082,-0.012347505139494582,-0.20639276454766375,0.06494997693848747,1938,0.0,0.0027975653293317556,0.0,0.0,0.0,2,0.0,0.0,0.0,0.0,60,19.419841481
1763394270176180047,0.022093888456384117,-0.011312116662513071,-0.1936238440076704,0.10353884769815115,1939,0.0,0.001584156501005714,0.0,0.0,0.0,2,0.0,0.0,0.0,0.0,60,19.429841062
1763394270186085051,0.01996188889927282,-0.010388715917435367,-0.2131999557111297,0.09234007450777039,1940,0.0,0.0019337814767814354,0.0,0.0,0.0,2,0.0,0.0,0.0,0.0,60,19.439746066
1763394270196100008,0.01757585261651727,-0.009529165201398085,-0.23860362827555492,0.08595507160372821,1941,0.0,0.002247685015657768,0.0,0.0,0.0,2,0.0,0.0,0.0,0.0,60,19.449761023
1763394270206057965,0.015048948368438331,-0.008216860883489142,-0.25269042480789394,0.13123043179089425,1942,0.0,0.001150219602299597,0.0,0.0,0.0,2,0.0,0.0,0.0,0.0,60,19.45971898
1763394270216042271,0.01258573790741152,-0.0073527434647671745,-0.24632104610268107,0.08641174187219679,1943,0.0,0.001991116935377492,0.0,0.0,0.0,2,0.0,0.0,0.0,0.0,60,19.469703286
1763394270226125474,0.009689917510500023,-0.0060657322352143175,-0.2895820396911497,0.12870112295528569,1944,0.0,0.0013089187075225246,0.0,0.0,0.0,2,0.0,0.0,0.0,0.0,60,19.479786489
1763394270235994200,0.0068565976092245726,-0.004591705722689018,-0.28333199012754506,0.14740265125252996,1945,0.0,0.0005707988826977582,0.0,0.0,0.0,2,0.0,0.0,0.0,0.0,60,19.489655215
1763394270246056891,0.0037671285961112834,-0.003265036967275028,-0.3089469013113289,0.13266687554139897,1946,0.0,0.0010118161575071254,0.0,0.0,0.0,2,0.0,0.0,0.0,0.0,60,19.499717906
1763394270256092871,0.00031662558643853755,-0.0015481240368781148,-0.34505030096727457,0.17169129303969133,1947,0.0,0.00025690570105284163,0.0,0.0,0.0,2,0.0,0.0,0.0,0.0,60,19.509753886
1763394270266010831,-0.0032681081341094254,3.7807914704911585e-05,-0.3584733720547963,0.15859319515830264,1948,0.0,0.0004765613810519859,0.0,0.0,0.0,2,0.0,0.0,0.0,0.0,60,19.519671846
1763394270275997675,-0.006729406960053684,0.0019786377985528056,-0.3461298825944259,0.1940829883847894,1949,0.0,-0.0007975663548163217,0.0,0.0,0.0,2,0.0,0.0,0.0,0.0,60,19.52965869
1763394270286127589,-0.010188905358938193,0.00439275000468348,-0.34594983988845085,0.24141122061306744,1950,0.0,-0.002276365189787369,0.0,0.0,0.0,2,0.0,0.0,0.0,0.0,60,19.539788604
1763394270296147384,-0.014476392509135776,0.006175027714137502,-0.4287487150197583,0.1782277709454022,1951,0.0,-9.890531032084177e-05,0.0,0.0,0.0,2,0.0,0.0,0.0,0.0,60,19.549808399
1763394270305939728,-0.017706510919655544,0.007766718045772825,-0.3230118410519768,0.15916903316353231,1952,0.0,-0.0011386841872115991,0.0,0.0,0.0,2,0.0,0.0,0.0,0.0,60,19.559600743
1763394270315975805,-0.021286150963462532,0.010204605130509737,-0.35796400438069875,0.24378870847369116,1953,0.0,-0.003083020862290425,0.0,0.0,0.0,2,0.0,0.0,0.0,0.0,60,19.56963682
1763394270326046608,-0.024421449651046208,0.011528753538094145,-0.3135298687583676,0.1324148407584408,1954,0.0,-0.0011988440513087334,0.0,0.0,0.0,2,0.0,0.0,0.0,0.0,60,19.579707623
1763394270336050393,-0.027494234610182453,0.013324082530776597,-0.30727849591362444,0.17953289926824523,1955,0.0,-0.0026513803085836986,0.0,0.0,0.0,2,0.0,0.0,0.0,0.0,60,19.589711408
1763394270346221296,-0.03003211328665597,0.014786400589770744,-0.2537878676473516,0.1462318058994147,1956,0.0,-0.00272254325653269,0.0,0.0,0.0,2,0.0,0.0,0.0,0.0,60,19.599882311
1763394270356142219,-0.03267272640144457,0.01611162575231855,-0.2640613114788602,0.13252251625478043,1957,0.0,-0.0024842212015237838,0.0,0.0,0.0,2,0.0,0.0,0.0,0.0,60,19.609803234
1763394270365933233,-0.034790680811370565,0.016887191690483812,-0.21179544099259942,0.07755659381652631,1958,0.0,-0.0019303161870426262,0.0,0.0,0.0,2,0.0,0.0,0.0,0.0,60,19.619594248
1763394270375970794,-0.03669684152329272,0.017590148344040116,-0.1906160711922157,0.0702956653556304,1959,0.0,-0.0021183636540355664,0.0,0.0,0.0,2,0.0,0.0,0.0,0.0,60,19.629631809
1763394270385892128,-0.04094804815460687,0.017984246672061784,-0.4251206631314147,0.03940983280216678,1960,0.0,0.0012888637446407235,0.0,0.0,0.0,2,0.0,0.0,0.0,0.0,60,19.639553143
1763394270396132867,-0.04235910206239798,0.01817843217837644,-0.14110539077911086,0.019418550631465636,1961,0.0,-0.0016106872576766022,0.0,0.0,0.0,2,0.0,0.0,0.0,0.0,60,19.649793882
1763394270406042171,-0.041381406922478756,0.017772562925039988,0.09776951399192227,-0.04058692533364522,1962,0.0,-0.0029462988673722716,0.0,0.0,0.0,2,0.0,0.0,0.0,0.0,60,19.659703186
1763394270416076120,-0.039276168190962205,0.017305636201504944,0.2105238731516551,-0.04669267235350438,1963,0.0,-0.004052065536453237,0.0,0.0,0.0,2,0.0,0.0,0.0,0.0,60,19.669737135
1763394270426053813,-0.04112074150089402,0.01675149259280339,-0.18445733099318185,-0.055414360870155444,1964,0.0,0.0008674135721141554,0.0,0.0,0.0,2,0.0,0.0,0.0,0.0,60,19.679714828
1763394270436076825,-0.04005978142669911,0.016644079948023305,0.10609600741949138,-0.010741264478008467,1965,0.0,-0.003573021632355457,0.0,0.0,0.0,2,0.0,0.0,0.0,0.0,60,19.68973784
1763394270446050213,-0.03912377723311021,0.016593594707680737,0.09360041935888991,-0.005048524034256818,1966,0.0,-0.0035495201298351912,0.0,0.0,0.0,2,0.0,0.0,0.0,0.0,60,19.699711228
1763394270455995896,-0.040120551766868545,0.016203700010783237,-0.0996774533758335,-0.03898946968974998,1967,0.0,-0.00042932416340400183,0.0,0.0,0.0,2,0.0,0.0,0.0,0.0,60,19.709656911
1763394270466033278,-0.038893855116563736,0.015695058321492237,0.12266966503048093,-0.05086416892909999,1968,0.0,-0.0026832721045121355,0.0,0.0,0.0,2,0.0,0.0,0.0,0.0,60,19.719694293
1763394270476105455,-0.037496148255273795,0.014968585562695536,0.13977068612899407,-0.07264727587967014,1969,0.0,-0.0022618934242577033,0.0,0.0,0.0,2,0.0,0.0,0.0,0.0,60,19.72976647
1763394270486120141,-0.03675061150995758,0.013759809846603407,0.07455367453162165,-0.12087757160921288,1970,0.0,-0.0001843885637262334,0.0,0.0,0.0,2,0.0,0.0,0.0,0.0,60,19.739781156
1763394270496060246,-0.03445811621672683,0.01233159941274347,0.22924952932307507,-0.14282104338599366,1971,0.0,-0.0012687122518094192,0.0,0.0,0.0,2,0.0,0.0,0.0,0.0,60,19.749721261
1763394270506058376,-0.032760316246341195,0.010914856540860336,0.16977999703856328,-0.14167428718831337,1972,0.0,-0.00038272990167550645,0.0,0.0,0.0,2,0.0,0.0,0.0,0.0,60,19.759719391
1763394270516021429,-0.03060874364354035,0.009076606368858417,0.21515726028008447,-0.18382501720019193,1973,0.0,0.00035068703654465416,0.0,0.0,0.0,2,0.0,0.0,0.0,0.0,60,19.769682444
1763394270526110488,-0.027539046894105655,0.007952934861366723,0.3069696749434695,-0.11236715074916942,1974,0.0,-0.002227573016530461,0.0,0.0,0.0,2,0.0,0.0,0.0,0.0,60,19.779771503
1763394270536174211,-0.026861518920973815,0.006805629680688152,0.06775279731318397,-0.11473051806785706,1975,0.0,0.000808736749611062,0.0,0.0,0.0,2,0.0,0.0,0.0,0.0,60,19.789835226
1763394270546078114,-0.024868198140933495,0.00484854868457291,0.19933207800403202,-0.19570809961152422,1976,0.0,0.0014571815973827566,0.0,0.0,0.0,2,0.0,0.0,0.0,0.0,60,19.799739129
1763394270555972765,-0.023469359607224582,0.004003785953348372,0.13988385337089132,-0.08447627312245382,1977,0.0,-0.0003233367065111491,0.0,0.0,0.0,2,0.0,0.0,0.0,0.0,60,19.80963378
1763394270566016859,-0.021246283498520844,0.0034383615013205693,0.2223076108703738,-0.05654244520278025,1978,0.0,-0.0018560138842756068,0.0,0.0,0.0,2,0.0,0.0,0.0,0.0,60,19.819677874
1763394270576000444,-0.019421382532735912,0.0021488619068226952,0.1824900965784932,-0.1289499594497874,1979,0.0,0.0005051216680267575,0.0,0.0,0.0,2,0.0,0.0,0.0,0.0,60,19.829661459
1763394270586086797,-0.018402737285032535,0.000885624710075042,0.10186452477033772,-0.12632371967476533,1980,0.0,0.0015801720577199453,0.0,0.0,0.0,2,0.0,0.0,0.0,0.0,60,19.839747812
1763394270596095284,-0.016650361932770506,0.0006181457782493301,0.1752375352262029,-0.02674789318257119,1981,0.0,-0.0015712061820967065,0.0,0.0,0.0,2,0.0,0.0,0.0,0.0,60,19.849756299
1763394270605955405,-0.015115766776274468,0.00022566840585967057,0.1534595156496038,-0.03924773723896595,1982,0.0,-0.0009598660688372709,0.0,0.0,0.0,2,0.0,0.0,0.0,0.0,60,19.85961642
1763394270616080688,-0.014022239112005475,-0.0010495652582417896,0.10935276642689926,-0.12752336641014603,1983,0.0,0.0018193870257627817,0.0,0.0,0.0,2,0.0,0.0,0.0,0.0,60,19.869741703
1763394270625977635,-0.012943991811154333,-0.0012287577154550498,0.10782473008511417,-0.01791924572132602,1984,0.0,-0.0007025208705678294,0.0,0.0,0.0,2,0.0,0.0,0.0,0.0,60,19.87963865
1763394270636074341,-0.01125392400712892,-0.0013574290137848243,0.16900678040254138,-0.012867129832977442,1985,0.0,-0.0015154621372480577,0.0,0.0,0.0,2,0.0,0.0,0.0,0.0,60,19.889735356
1763394270646083816,-0.009863543694140109,-0.001784531758309213,0.13903803129888104,-0.04271027445243887,1986,0.0,-0.0003966475117559813,0.0,0.0,0.0,2,0.0,0.0,0.0,0.0,60,19.899744831
1763394270656193630,-0.008813533855593227,-0.002451298839800029,0.10500098385468823,-0.06667670814908162,1987,0.0,0.0006666097113597237,0.0,0.0,0.0,2,0.0,0.0,0.0,0.0,60,19.909854645
1763394270666092933,-0.004216375607584312,-0.002201564814957851,0.4597158248008914,0.024973402484217838,1988,0.0,-0.005671036862925484,0.0,0.0,0.0,2,0.0,0.0,0.0,0.0,60,19.919753948
1763394270676034137,-0.006905415391280832,-0.0018423212711903315,-0.26890397836965196,0.03592435437675193,1989,0.0,0.0025678142547747853,0.0,0.0,0.0,2,0.0,0.0,0.0,0.0,60,19.929695152
1763394270686025923,-0.0022953538418296494,-0.001729170117958631,0.46100615494511826,0.011315115323170047,1990,0.0,-0.005430193492797489,0.0,0.0,0.0,2,0.0,0.0,0.0,0.0,60,19.939686938
1763394270696085134,-0.004713616105009371,-0.0022193663317909024,-0.24182622631797218,-0.04901962138322714,1991,0.0,0.004303416862457826,0.0,0.0,0.0,2,0.0,0.0,0.0,0.0,60,19.949746149
1763394270705965020,-0.003419562716290358,-0.0022593557984484976,0.12940533887190134,-0.00399894666575952,1992,0.0,-0.001101902675986553,0.0,0.0,0.0,2,0.0,0.0,0.0,0.0,60,19.959626035
1763394270716013669,-0.0005627908282178837,-0.0035320214353120084,0.2856771888072474,-0.1272665636863511,1993,0.0,0.00014933151150706538,0.0,0.0,0.0,2,0.0,0.0,0.0,0.0,60,19.969674684
1763394270726061932,0.0015427189323542097,-0.0043182142567330314,0.21055097605720932,-0.0786192821421023,1994,0.0,1.3555543181051951e-05,0.0,0.0,0.0,2,0.0,0.0,0.0,0.0,60,19.979722947
1763394270736045093,0.005618939689546205,-0.006329898838029337,0.4076220757191995,-0.20116845812963058,1995,0.0,0.0008816791994300669,0.0,0.0,0.0,2,0.0,0.0,0.0,0.0,60,19.989706108
1763394270746007228,0.007877880234821964,-0.0071518058287631595,0.22589405452757594,-0.08219069907338221,1996,0.0,0.0003547202779849033,0.0,0.0,0.0,2,0.0,0.0,0.0,0.0,60,19.999668243
1763394270755942143,0.010946684957072052,-0.008819963770497399,0.30688047222500875,-0.1668157941734239,1997,0.0,0.0016432575476501466,0.0,0.0,0.0,2,0.0,0.0,0.0,0.0,60,20.009603158
1763394270766037671,0.013634955551521912,-0.01003017469047567,0.268827059444986,-0.12102109199782721,1998,0.0,0.0012034005038139952,0.0,0.0,0.0,2,0.0,0.0,0.0,0.0,60,20.019698686
1763394270776071107,0.0166806238027992,-0.011261091841978413,0.30456682512772887,-0.12309171515027424,1999,0.0,0.0010231970159577956,0.0,0.0,0.0,2,0.0,0.0,0.0,0.0,60,20.029732122
1763394270785921299,0.019671522098067024,-0.013046457370079612,0.29908982952678226,-0.17853655281011988,2000,0.0,0.0026601352819800995,0.0,0.0,0.0,2,0.0,0.0,0.0,0.0,60,20.039582314
1763394270796104825,0.02645487443900736,-0.014075117145220778,0.6783352340940337,-0.1028659775141166,2001,0.0,-0.0033955098167038327,0.0,0.0,0.0,2,0.0,0.0,0.0,0.0,60,20.04976584
1763394270806138973,0.02588295964902005,-0.016257223413924417,-0.05719147899873114,-0.21821062687036388,2002,0.0,0.008267287552634362,0.0,0.0,0.0,2,0.0,0.0,0.0,0.0,60,20.059799988
1763394270815966698,0.02895822137271442,-0.017539685404997576,0.3075261723694371,-0.12824619910731597,2003,0.0,0.0020737771131952728,0.0,0.0,0.0,2,0.0,0.0,0.0,0.0,60,20.069627713
1763394270826024005,0.03222616111971658,-0.019635512841645886,0.3267939747002159,-0.20958274366483093,2004,0.0,0.0040738401417423345,0.0,0.0,0.0,2,0.0,0.0,0.0,0.0,60,20.07968502
1763394270836060980,0.035215777892367586,-0.021053242068302544,0.2989616772651006,-0.14177292266566582,2005,0.0,0.0030294071742801567,0.0,0.0,0.0,2,0.0,0.0,0.0,0.0,60,20.089721995
1763394270846174675,0.03857669825545866,-0.02292516600537163,0.33609203630910744,-0.18719239370690866,2006,0.0,0.003944838373157564,0.0,0.0,0.0,2,0.0,0.0,0.0,0.0,60,20.09983569
1763394270856102235,0.04086387472271316,-0.024481060849451168,0.22871764672545009,-0.15558948440795375,2007,0.0,0.0047017012001812596,0.0,0.0,0.0,2,0.0,0.0,0.0,0.0,60,20.10976325
1763394270866092465,0.04325836755373735,-0.025497884743429823,0.2394492831024185,-0.1016823893978655,2008,0.0,0.0034692895748627416,0.0,0.0,0.0,2,0.0,0.0,0.0,0.0,60,20.11975348
1763394270876016058,0.04484082334777085,-0.025931736066058607,0.1582455794033502,-0.04338513226287838,2009,0.0,0.0031250171208795367,0.0,0.0,0.0,2,0.0,0.0,0.0,0.0,60,20.129677073
1763394270886107635,0.04552696637073747,-0.02620460654415968,0.06861430229666218,-0.027287047810107407,2010,0.0,0.0038425777033959502,0.0,0.0,0.0,2,0.0,0.0,0.0,0.0,60,20.13976865
1763394270895962554,0.046177030641581546,-0.02656087318525438,0.06500642708440751,-0.03562666410946991,2011,0.0,0.004135049332703043,0.0,0.0,0.0,2,0.0,0.0,0.0,0.0,60,20.149623569
1763394270906020029,0.046442076751745755,-0.02648798482119913,0.026504611016420904,0.007288836405525134,2012,0.0,0.0035711046677127426,0.0,0.0,0.0,2,0.0,0.0,0.0,0.0,60,20.159681044
1763394270916119129,0.04660077118558276,-0.026161543038789516,0.015869443383700194,0.0326441782409613,2013,0.0,0.0030537748552235335,0.0,0.0,0.0,2,0.0,0.0,0.0,0.0,60,20.169780144
1763394270925939597,0.046462935845661316,-0.02554303800371336,-0.013783533992144104,0.06185050350761556,2014,0.0,0.002625442910747387,0.0,0.0,0.0,2,0.0,0.0,0.0,0.0,60,20.179600612
1763394270935924369,0.04602008818711117,-0.025245035342801952,-0.04428476585501481,0.029800266091140754,2015,0.0,0.0036896440972613285,0.0,0.0,0.0,2,0.0,0.0,0.0,0.0,60,20.189585384
1763394270945915686,0.045494124404519866,-0.024380729722114348,-0.05259637825913016,0.08643056206876047,2016,0.0,0.0023302834998901742,0.0,0.0,0.0,2,0.0,0.0,0.0,0.0,60,20.199576701
1763394270956035183,0.0448073882762336,-0.023216749163629417,-0.06867361282862638,0.11639805584849304,2017,0.0,0.0016424075368978927,0.0,0.0,0.0,2,0.0,0.0,0.0,0.0,60,20.209696198
1763394270966125617,0.04372932589315117,-0.022337886582124156,-0.10780623830824315,0.08788625815052617,2018,0.0,0.002637260774688604,0.0,0.0,0.0,2,0.0,0.0,0.0,0.0,60,20.219786632
1763394270976106687,0.04262884058704349,-0.02146694313019399,-0.11004853061076791,0.08709434519301659,2019,0.0,0.002550139406633917,0.0,0.0,0.0,2,0.0,0.0,0.0,0.0,60,20.229767702
1763394270985964452,0.041456657337938754,-0.020882460578945373,-0.11721832491047371,0.058448255124861695,2020,0.0,0.0032160350866729344,0.0,0.0,0.0,2,0.0,0.0,0.0,0.0,60,20.239625467
1763394270996162289,0.04047896534960657,-0.020694241931839153,-0.09776919883321827,0.01882186471062197,2021,0.0,0.0038859135615201697,0.0,0.0,0.0,2,0.0,0.0,0.0,0.0,60,20.249823304
1763394271006091557,0.03997976232631347,-0.020331799633291993,-0.04992030232931002,0.03624422985471602,2022,0.0,0.002860491498566374,0.0,0.0,0.0,2,0.0,0.0,0.0,0.0,60,20.259752572
1763394271016081413,0.03930072021949166,-0.0199794652088922,-0.0679042106821813,0.03523344243997924,2023,0.0,0.003041288511313273,0.0,0.0,0.0,2,0.0,0.0,0.0,0.0,60,20.269742428
1763394271026065036,0.03863150000170614,-0.019729621896563652,-0.0669220217785517,0.024984331232854803,2024,0.0,0.003231119409255961,0.0,0.0,0.0,2,0.0,0.0,0.0,0.0,60,20.279726051
1763394271036003428,0.037345746286088596,-0.018936151896243484,-0.1285753715617545,0.07934700003201685,2025,0.0,0.0025595837584092744,0.0,0.0,0.0,2,0.0,0.0,0.0,0.0,60,20.289664443
1763394271046174003,0.035900187291943574,-0.018751521216847637,-0.14455589941450228,0.018463067939584674,2026,0.0,0.004143042402343066,0.0,0.0,0.0,2,0.0,0.0,0.0,0.0,60,20.299835018
1763394271056026751,0.03433051422263704,-0.018163382164982984,-0.15696730693065333,0.05881390518646529,2027,0.0,0.0032512450729196437,0.0,0.0,0.0,2,0.0,0.0,0.0,0.0,60,20.309687766
1763394271065951700,0.03295146752016944,-0.017491722701589475,-0.13790467024675998,0.06716594633935091,2028,0.0,0.0027282084300027922,0.0,0.0,0.0,2,0.0,0.0,0.0,0.0,60,20.319612715
1763394271076006900,0.031012682117666418,-0.016768314234774238,-0.19387854025030224,0.07234084668152375,2029,0.0,0.0031515553532096095,0.0,0.0,0.0,2,0.0,0.0,0.0,0.0,60,20.329667915
1763394271086112400,0.028819345676739674,-0.016008218119425332,-0.21933364409267436,0.07600961153489058,2030,0.0,0.003245638588877129,0.0,0.0,0.0,2,0.0,0.0,0.0,0.0,60,20.339773415
1763394271096080027,0.0265158487073327,-0.014866985700049117,-0.23034969694069735,0.1141232419376215,2031,0.0,0.0023059613501521985,0.0,0.0,0.0,2,0.0,0.0,0.0,0.0,60,20.349741042
1763394271105986011,0.02355220931698942,-0.013936399276433612,-0.2963639390343282,0.09305864236155044,2032,0.0,0.0034287196060389354,0.0,0.0,0.0,2,0.0,0.0,0.0,0.0,60,20.359647026
1763394271115919106,0.020897927041313547,-0.012093538898507606,-0.26542822756758716,0.18428603779260064,2033,0.0,0.0006464195611865951,0.0,0.0,0.0,2,0.0,0.0,0.0,0.0,60,20.369580121
1763394271126042933,0.017541897579538362,-0.010667821685158,-0.3356029461775184,0.14257172133496052,2034,0.0,0.0022277740988825775,0.0,0.0,0.0,2,0.0,0.0,0.0,0.0,60,20.379703948
1763394271135995930,0.014043408916490849,-0.008916226388389858,-0.34984886630475137,0.17515952967681428,2035,0.0,0.0013618065819982787,0.0,0.0,0.0,2,0.0,0.0,0.0,0.0,60,20.389656945
1763394271146106041,0.010289705890649904,-0.007091734418935257,-0.37537030258409443,0.18244919694546008,2036,0.0,0.0012098051290063347,0.0,0.0,0.0,2,0.0,0.0,0.0,0.0,60,20.399767056
1763394271156106663,0.0064847105830783056,-0.0047562851431868156,-0.38049953075715987,0.23354492757484413,2037,0.0,-0.0002843518727358215,0.0,0.0,0.0,2,0.0,0.0,0.0,0.0,60,20.409767678
1763394271166051061,0.002299586807202287,-0.0031172204302029657,-0.41851237758760185,0.16390647129838498,2038,0.0,0.001539965792316713,0.0,0.0,0.0,2,0.0,0.0,0.0,0.0,60,20.419712076
1763394271176002525,-0.0014732425874480742,-0.0011735832372598096,-0.3772829394650361,0.1943637192943156,2039,0.0,4.3263623360897605e-05,0.0,0.0,0.0,2,0.0,0.0,0.0,0.0,60,20.42966354
1763394271185952505,-0.005282674353732857,0.001578015372936687,-0.3809431766284782,0.2751598610196497,2040,0.0,-0.0022259780202840904,0.0,0.0,0.0,2,0.0,0.0,0.0,0.0,60,20.43961352
1763394271196120165,-0.009608210631029918,0.003867501181598433,-0.4325536277297062,0.2289485808661746,2041,0.0,-0.0008877825409100244,0.0,0.0,0.0,2,0.0,0.0,0.0,0.0,60,20.44978118
1763394271206091943,-0.010562347528458669,0.0056472649500584685,-0.09541368974287506,0.17797637684600354,2042,0.0,-0.003918013057792556,0.0,0.0,0.0,2,0.0,0.0,0.0,0.0,60,20.459752958
1763394271216059174,-0.01785962209928805,0.0075232529950071715,-0.729727457082938,0.1875988044948703,2043,0.0,0.003006667645746238,0.0,0.0,0.0,2,0.0,0.0,0.0,0.0,60,20.469720189
1763394271225989160,-0.02187289591740707,0.009819414118396035,-0.40132738181190214,0.2296161123388863,2044,0.0,-0.002186290320469025,0.0,0.0,0.0,2,0.0,0.0,0.0,0.0,60,20.479650175
1763394271236071552,-0.02520394051417011,0.011574673068723604,-0.333104459676304,0.17552589503275692,2045,0.0,-0.0019887387549111027,0.0,0.0,0.0,2,0.0,0.0,0.0,0.0,60,20.489732567
1763394271245982674,-0.02885350977976986,0.013267695136375865,-0.36495692655997486,0.16930220676522612,2046,0.0,-0.001729842797749779,0.0,0.0,0.0,2,0.0,0.0,0.0,0.0,60,20.499643689
1763394271255982686,-0.03138769800054825,0.01474222255217627,-0.25341882207783883,0.14745274158004043,2047,0.0,-0.0027529534722255666,0.0,0.0,0.0,2,0.0,0.0,0.0,0.0,60,20.509643701
1763394271266000364,-0.03465915095304306,0.016137286915721492,-0.3271452952494813,0.1395064363545223,2048,0.0,-0.0019167524327241866,0.0,0.0,0.0,2,0.0,0.0,0.0,0.0,60,20.519661379
1763394271276090439,-0.041745804193418924,0.017767698710575326,-0.7086653240375863,0.16304117948538338,2049,0.0,0.001750000411408932,0.0,0.0,0.0,2,0.0,0.0,0.0,0.0,60,20.529751454
1763394271286097417,-0.040520633684929835,0.018719833423928495,0.12251705084890888,0.09521347133531685,2050,0.0,-0.0065581181022427056,0.0,0.0,0.0,2,0.0,0.0,0.0,0.0,60,20.539758432
1763394271296110951,-0.043705891769668714,0.020343625490870862,-0.3185258084738879,0.16237920669423672,2051,0.0,-0.003202773669783349,0.0,0.0,0.0,2,0.0,0.0,0.0,0.0,60,20.549771966
1763394271305966341,-0.045125785019315696,0.021233972046649535,-0.1419893249646982,0.08903465557786733,2052,0.0,-0.0036923089362918635,0.0,0.0,0.0,2,0.0,0.0,0.0,0.0,60,20.559627356
1763394271316004708,-0.04765393101835926,0.022270305532025712,-0.25281459990435656,0.10363334853761771,2053,0.0,-0.002893741967508607,0.0,0.0,0.0,2,0.0,0.0,0.0,0.0,60,20.569665723
1763394271326001994,-0.04725963185814729,0.023015983206634096,0.03942991602119694,0.07456776746083832,2054,0.0,-0.005753438646171212,0.0,0.0,0.0,2,0.0,0.0,0.0,0.0,60,20.579663009
1763394271336134965,-0.04912784843200859,0.023188908012462886,-0.18682165738612977,0.01729248058287905,2055,0.0,-0.0017847559197084937,0.0,0.0,0.0,2,0.0,0.0,0.0,0.0,60,20.58979598
1763394271345985557,-0.050531509895373077,0.02289485996560118,-0.14036614633644862,-0.02940480468617071,2056,0.0,-0.0011962028315125744,0.0,0.0,0.0,2,0.0,0.0,0.0,0.0,60,20.599646572
1763394271356065394,-0.047883786011966696,0.022135217855865044,0.26477238834063804,-0.07596421097361347,2057,0.0,-0.004742348698941414,0.0,0.0,0.0,2,0.0,0.0,0.0,0.0,60,20.609726409
1763394271365965778,-0.049364062642111343,0.020907676162922773,-0.14802766301446474,-0.12275416929422717,2058,0.0,0.0013794906041320913,0.0,0.0,0.0,2,0.0,0.0,0.0,0.0,60,20.619626793
1763394271376084774,-0.04644297755588749,0.01967030624372485,0.29210850862238513,-0.12373699191979212,2059,0.0,-0.003574690043199409,0.0,0.0,0.0,2,0.0,0.0,0.0,0.0,60,20.629745789
1763394271386038735,-0.046878669507078884,0.018440579596887392,-0.04356919511913915,-0.1229726646837459,2060,0.0,0.0005300053584071309,0.0,0.0,0.0,2,0.0,0.0,0.0,0.0,60,20.63969975
1763394271396035957,-0.04536670867432327,0.01723901607766711,0.15119608327556142,-0.12015635192202806,2061,0.0,-0.001641144819915192,0.0,0.0,0.0,2,0.0,0.0,0.0,0.0,60,20.649696972
1763394271406038012,-0.042845320419320675,0.016255111843537763,0.25213882550025946,-0.09839042341293486,2062,0.0,-0.00318394687785425,0.0,0.0,0.0,2,0.0,0.0,0.0,0.0,60,20.659699027
1763394271416106329,-0.041829909000141594,0.015124755651598615,0.10154114191790811,-0.11303561919391476,2063,0.0,-0.0009019260622354867,0.0,0.0,0.0,2,0.0,0.0,0.0,0.0,60,20.669767344
1763394271426106950,-0.04026161005423132,0.013888689609865577,0.15682989459102764,-0.12360660417330381,2064,0.0,-0.0011160076119610721,0.0,0.0,0.0,2,0.0,0.0,0.0,0.0,60,20.679767965
1763394271436043036,-0.040525015550817604,0.012724295678865547,-0.026340549658628726,-0.11643939310000302,2065,0.0,0.0010384451418696237,0.0,0.0,0.0,2,0.0,0.0,0.0,0.0,60,20.689704051
1763394271446054348,-0.03617519642539912,0.011371538395691962,0.4349819125418486,-0.13527572831735848,2066,0.0,-0.003724724568113548,0.0,0.0,0.0,2,0.0,0.0,0.0,0.0,60,20.699715363
1763394271456097168,-0.03351982323538625,0.009688902153966072,0.2655373190012869,-0.16826362417258905,2067,0.0,-0.0007048682582760932,0.0,0.0,0.0,2,0.0,0.0,0.0,0.0,60,20.709758183
1763394271465975703,-0.03260432973001983,0.008098030176136372,0.09154935053664187,-0.15908719778296998,2068,0.0,0.0013611740871902725,0.0,0.0,0.0,2,0.0,0.0,0.0,0.0,60,20.719636718
1763394271476156571,-0.029013266817015493,0.006692522659619372,0.35910629130043376,-0.14055075165169995,2069,0.0,-0.001997078800414811,0.0,0.0,0.0,2,0.0,0.0,0.0,0.0,60,20.729817586
1763394271485960675,-0.027158123163774757,0.005671840681066683,0.1855143653240736,-0.10206819785526892,2070,0.0,-0.0007042791659727923,0.0,0.0,0.0,2,0.0,0.0,0.0,0.0,60,20.73962169
1763394271496020497,-0.021225476403761084,0.00411745546043463,0.5932646760013673,-0.15543852206320527,2071,0.0,-0.003994249693577503,0.0,0.0,0.0,2,0.0,0.0,0.0,0.0,60,20.749681512
1763394271505968651,-0.0223668592264408,0.002919998842846886,-0.11413828226797158,-0.11974566175877444,2072,0.0,0.003650133952725091,0.0,0.0,0.0,2,0.0,0.0,0.0,0.0,60,20.759629666
1763394271516145422,-0.01988851252290884,0.0020878465098733145,0.24783467035319612,-0.08321523329735715,2073,0.0,-0.0013267974301510359,0.0,0.0,0.0,2,0.0,0.0,0.0,0.0,60,20.769806437
1763394271525975269,-0.01752980212836312,6.329742760168705e-06,0.23587103945457188,-0.20815167671131457,2074,0.0,0.0020573854685388866,0.0,0.0,0.0,2,0.0,0.0,0.0,0.0,60,20.779636284
1763394271536071495,-0.014671855908317872,-0.0009038405480286896,0.28579462200452477,-0.09101702907888583,2075,0.0,-0.0011319718307326596,0.0,0.0,0.0,2,0.0,0.0,0.0,0.0,60,20.78973251
1763394271546109576,-0.011231866796816732,-0.0030101448423391682,0.3439989111501139,-0.21063042943104784,2076,0.0,0.0013102410860635527,0.0,0.0,0.0,2,0.0,0.0,0.0,0.0,60,20.799770591
1763394271556106765,-0.008375753648542063,-0.004811474058958577,0.2856113148274669,-0.1801329216619409,2077,0.0,0.0015557023973967101,0.0,0.0,0.0,2,0.0,0.0,0.0,0.0,60,20.80976778
1763394271566040866,-0.005712360517972524,-0.006248446176034789,0.26633931305695396,-0.14369721170762115,2078,0.0,0.0011481504302420413,0.0,0.0,0.0,2,0.0,0.0,0.0,0.0,60,20.819701881
1763394271576155834,-0.0034522175481700584,-0.007233226530204872,0.22601429698024655,-0.09847803541700832,2079,0.0,0.0007138701117443392,0.0,0.0,0.0,2,0.0,0.0,0.0,0.0,60,20.829816849
1763394271585977223,-0.0011188641835462032,-0.008385434443519742,0.23333533646238552,-0.11522079133148705,2080,0.0,0.0011976396972061668,0.0,0.0,0.0,2,0.0,0.0,0.0,0.0,60,20.839638238
1763394271596041647,0.0005864314480433716,-0.008736702347152929,0.17052956315895748,-0.03512679036331862,2081,0.0,0.00011446445118179179,0.0,0.0,0.0,2,0.0,0.0,0.0,0.0,60,20.849702662
1763394271606138908,0.001593952310291722,-0.009132560627175608,0.10075208622483504,-0.03958582800226793,2082,0.0,0.00109993471052969,0.0,0.0,0.0,2,0.0,0.0,0.0,0.0,60,20.859799923
1763394271616142143,0.003654367588241246,-0.010016268414282815,0.20604152779495238,-0.08837077871072067,2083,0.0,0.0011438850452072443,0.0,0.0,0.0,2,0.0,0.0,0.0,0.0,60,20.869803158
1763394271626008605,0.005489164249401043,-0.009743269645243921,0.18347966611597966,0.027299876903889332,2084,0.0,-0.001337871755760871,0.0,0.0,0.0,2,0.0,0.0,0.0,0.0,60,20.87966962
1763394271635927485,0.006618097994520605,-0.00998977585041541,0.11289337451195619,-0.024650620517148794,2085,0.0,0.0007487422250616831,0.0,0.0,0.0,2,0.0,0.0,0.0,0.0,60,20.8895885
1763394271645962837,0.007881300621720513,-0.010383860748010235,0.1263202627199908,-0.0394084897594826,2086,0.0,0.0009990266553178643,0.0,0.0,0.0,2,0.0,0.0,0.0,0.0,60,20.899623852
1763394271656016661,0.009289500749257131,-0.010409886628525097,0.14082001275366185,-0.0026025880514861377,2087,0.0,-2.612795508090213e-05,0.0,0.0,0.0,2,0.0,0.0,0.0,0.0,60,20.909677676
1763394271666021413,0.011241715239682634,-0.011460939352074614,0.1952214490425503,-0.10510527235495173,2088,0.0,0.0018991956717126948,0.0,0.0,0.0,2,0.0,0.0,0.0,0.0,60,20.919682428
1763394271675979545,0.013061644847181333,-0.011595845814065827,0.18199296074986984,-0.013490646199121326,2089,0.0,-6.793558140578352e-05,0.0,0.0,0.0,2,0.0,0.0,0.0,0.0,60,20.92964056
1763394271686075110,0.015247549762038674,-0.012647996151466553,0.21859049148573415,-0.10521503374007253,2090,0.0,0.0018146365921829833,0.0,0.0,0.0,2,0.0,0.0,0.0,0.0,60,20.939736125
1763394271696147185,0.017529328152255427,-0.013381611977413162,0.2281778390216753,-0.07336158259466097,2091,0.0,0.0010704721806982396,0.0,0.0,0.0,2,0.0,0.0,0.0,0.0,60,20.9498082
1763394271706153943,0.019744437112734443,-0.014573103213295698,0.2215108960479016,-0.11914912358825351,2092,0.0,0.0024048872829408336,0.0,0.0,0.0,2,0.0,0.0,0.0,0.0,60,20.959814958
1763394271716038632,0.021991010929159366,-0.015389474129694845,0.22465738164249224,-0.08163709163991478,2093,0.0,0.0016158371815119751,0.0,0.0,0.0,2,0.0,0.0,0.0,0.0,60,20.969699647
1763394271726079994,0.024078692570144875,-0.016486641421181992,0.20876816409855087,-0.10971672914871465,2094,0.0,0.0026290951200333805,0.0,0.0,0.0,2,0.0,0.0,0.0,0.0,60,20.979741009
1763394271736016179,0.026455730680706398,-0.01802314931297937,0.23770381105615232,-0.15365078917973785,2095,0.0,0.003553448512971515,0.0,0.0,0.0,2,0.0,0.0,0.0,0.0,60,20.989677194
1763394271745958936,0.028511731401473624,-0.018777076440555297,0.2056000720767226,-0.0753927127575927,2096,0.0,0.0022133331800032116,0.0,0.0,0.0,2,0.0,0.0,0.0,0.0,60,20.999619951
1763394271756146358,0.030403680543833966,-0.019860508543999483,0.18919491423603427,-0.1083432103444186,2097,0.0,0.003344234329440578,0.0,0.0,0.0,2,0.0,0.0,0.0,0.0,60,21.009807373
1763394271766189617,0.03237789071118156,-0.02057783263864619,0.19742101673475912,-0.07173240946467055,2098,0.0,0.0025012129311355975,0.0,0.0,0.0,2,0.0,0.0,0.0,0.0,60,21.019850632
1763394271776060054,0.03351803340465691,-0.020991314684995654,0.11401426934753503,-0.04134820463494657,2099,0.0,0.0028328832009533052,0.0,0.0,0.0,2,0.0,0.0,0.0,0.0,60,21.029721069
1763394271786099494,0.0345423863023248,-0.021192201345486463,0.10243528976678906,-0.02008866604908087,2100,0.0,0.002503177196145227,0.0,0.0,0.0,2,0.0,0.0,0.0,0.0,60,21.039760509
1763394271796029618,0.035107822933896755,-0.02148577127616605,0.056543663157195695,-0.029356993067958595,2101,0.0,0.0033044643731763614,0.0,0.0,0.0,2,0.0,0.0,0.0,0.0,60,21.049690633
1763394271806109445,0.03568980203204592,-0.021329872486374774,0.05819790981491657,0.015589878979127558,2102,0.0,0.0022099782207279156,0.0,0.0,0.0,2,0.0,0.0,0.0,0.0,60,21.05977046
1763394271816043509,0.03599131551579388,-0.021039640318827556,0.03015134837479616,0.029023216754721706,2103,0.0,0.0021823898231516795,0.0,0.0,0.0,2,0.0,0.0,0.0,0.0,60,21.069704524
1763394271826052799,0.036071763376709115,-0.02062757184913923,0.008044786091523232,0.0412068469688328,2104,0.0,0.0020956767284319435,0.0,0.0,0.0,2,0.0,0.0,0.0,0.0,60,21.079713814
1763394271836024435,0.035832291506258294,-0.020025461668074732,-0.023947187045082058,0.06021101810644962,2105,0.0,0.0019361140156573273,0.0,0.0,0.0,2,0.0,0.0,0.0,0.0,60,21.08968545
1763394271846107543,0.035548048979542675,-0.019442802374774956,-0.028424252671561956,0.05826592932997761,2106,0.0,0.001947299061017189,0.0,0.0,0.0,2,0.0,0.0,0.0,0.0,60,21.099768558
1763394271856117990,0.03512949000207101,-0.01887774033970599,-0.041855897747166554,0.05650620350689667,2107,0.0,0.0020615045209145255,0.0,0.0,0.0,2,0.0,0.0,0.0,0.0,60,21.109779005
1763394271866158791,0.034943412388565756,-0.018492165834320156,-0.01860776135052533,0.03855745053858335,2108,0.0,0.0021517113723407465,0.0,0.0,0.0,2,0.0,0.0,0.0,0.0,60,21.119819806
1763394271875999306,0.03474820298226837,-0.018277614431503792,-0.019520940629738637,0.021455140281636392,2109,0.0,0.0025310767584747823,0.0,0.0,0.0,2,0.0,0.0,0.0,0.0,60,21.129660321
1763394271885980175,0.03469796483745778,-0.018231121348948557,-0.005023814481058819,0.00464930825552351,2110,0.0,0.0027477958947822977,0.0,0.0,0.0,2,0.0,0.0,0.0,0.0,60,21.13964119
1763394271896041616,0.03452660154019888,-0.0180205702908074,-0.01713632972588988,0.021055105814115835,2111,0.0,0.002473791298993375,0.0,0.0,0.0,2,0.0,0.0,0.0,0.0,60,21.149702631
1763394271906000857,0.03436879833644946,-0.017897599169591914,-0.015780320374942508,0.012297112121548506,2112,0.0,0.0026445388090091415,0.0,0.0,0.0,2,0.0,0.0,0.0,0.0,60,21.159661872
1763394271916055556,0.033949757538530245,-0.01786549694960864,-0.041904079791921234,0.0032102219983273783,2113,0.0,0.003158376237746681,0.0,0.0,0.0,2,0.0,0.0,0.0,0.0,60,21.169716571
1763394271926129963,0.03350831858913054,-0.01750296589892105,-0.0441438949399707,0.03625310506875888,2114,0.0,0.0023551300922504824,0.0,0.0,0.0,2,0.0,0.0,0.0,0.0,60,21.179790978
1763394271936043414,0.032965612265811954,-0.017059811862788772,-0.054270632331858415,0.04431540361322789,2115,0.0,0.0022179212520869627,0.0,0.0,0.0,2,0.0,0.0,0.0,0.0,60,21.189704429
1763394271946115508,0.03228072767887425,-0.016468319770661006,-0.06848845869377035,0.059149209212776624,2116,0.0,0.001947655393339654,0.0,0.0,0.0,2,0.0,0.0,0.0,0.0,60,21.199776523
1763394271956092451,0.031366221328202465,-0.01597391415159254,-0.09145063506717857,0.04944056190684665,2117,0.0,0.0023691246760231227,0.0,0.0,0.0,2,0.0,0.0,0.0,0.0,60,21.209753466
1763394271965998691,0.03028708969380385,-0.015423347636796958,-0.1079131634398614,0.055056651479558176,2118,0.0,0.0023462088606965702,0.0,0.0,0.0,2,0.0,0.0,0.0,0.0,60,21.219659706
1763394271975993018,0.029131266945027344,-0.015234212391819055,-0.11558227487765069,0.018913524497790254,2119,0.0,0.0032522329975227414,0.0,0.0,0.0,2,0.0,0.0,0.0,0.0,60,21.229654033
1763394271986023589,0.02821278355094188,-0.014749002259577553,-0.09184833940854634,0.04852101322415023,2120,0.0,0.002204957339201505,0.0,0.0,0.0,2,0.0,0.0,0.0,0.0,60,21.239684604
1763394271996146153,0.027252979171284844,-0.014165770749075293,-0.09598043796570366,0.05832315105022603,2121,0.0,0.0019346226572389885,0.0,0.0,0.0,2,0.0,0.0,0.0,0.0,60,21.249807168
1763394272005980884,0.02593382371376618,-0.013812941513144559,-0.13191554575186643,0.0352829235930734,2122,0.0,0.0028407261186818404,0.0,0.0,0.0,2,0.0,0.0,0.0,0.0,60,21.259641899
1763394272016063248,0.02438172870676677,-0.013938180065838595,-0.15520950069994113,-0.012523855269403611,2123,0.0,0.004249000718461326,0.0,0.0,0.0,2,0.0,0.0,0.0,0.0,60,21.269724263
1763394272025992383,0.02317280702707407,-0.013048692510475742,-0.12089216796926996,0.08894875553628524,2124,0.0,0.0013320249860093243,0.0,0.0,0.0,2,0.0,0.0,0.0,0.0,60,21.279653398
1763394272036039951,0.021737732008571986,-0.01258268107412627,-0.14350750185020827,0.04660114363494727,2125,0.0,0.0025172651857803723,0.0,0.0,0.0,2,0.0,0.0,0.0,0.0,60,21.289700966
1763394272046130861,0.020019665611115595,-0.01220320246955442,-0.17180663974563914,0.037947860457185,2126,0.0,0.0029912992753221967,0.0,0.0,0.0,2,0.0,0.0,0.0,0.0,60,21.299791876
1763394272055994441,0.017780844030480455,-0.011043561120113355,-0.22388215806351391,0.1159641349441064,2127,0.0,0.00159581224393196,0.0,0.0,0.0,2,0.0,0.0,0.0,0.0,60,21.309655456
1763394272065988260,0.015554967833737953,-0.010202394831944484,-0.22258761967425023,0.08411662881688715,2128,0.0,0.0021963061559756906,0.0,0.0,0.0,2,0.0,0.0,0.0,0.0,60,21.319649275
1763394272076023234,0.013179858890791596,-0.008962215461243952,-0.2375108942946357,0.1240179370700532,2129,0.0,0.0012457625077437564,0.0,0.0,0.0,2,0.0,0.0,0.0,0.0,60,21.329684249
1763394272086006202,0.01034343663159927,-0.008216551173218083,-0.28364222591923255,0.07456642880258688,2130,0.0,0.0028282344418367653,0.0,0.0,0.0,2,0.0,0.0,0.0,0.0,60,21.339667217
1763394272096052322,0.007547064297135805,-0.006332616116935462,-0.27963723344634656,0.18839350562826207,2131,0.0,-0.00017411254777076422,0.0,0.0,0.0,2,0.0,0.0,0.0,0.0,60,21.349713337
1763394272106146997,0.004913064560996872,-0.005641468460616967,-0.2633999736138932,0.06911476563184957,2132,0.0,0.002321589309666813,0.0,0.0,0.0,2,0.0,0.0,0.0,0.0,60,21.359808012
1763394272116089447,0.0012063020307644945,-0.0035735737939108607,-0.37067625302323776,0.2067894666706106,2133,0.0,3.712998302016126e-05,0.0,0.0,0.0,2,0.0,0.0,0.0,0.0,60,21.369750462
1763394272126005860,-0.0017158218450645142,-0.0028484534867279643,-0.29221238758290086,0.07251203071828964,2134,0.0,0.002147821940474624,0.0,0.0,0.0,2,0.0,0.0,0.0,0.0,60,21.379666875
1763394272135986325,-0.004958625248754027,-0.0005752948148029253,-0.3242803403689513,0.2273158671925039,2135,0.0,-0.001450409554803233,0.0,0.0,0.0,2,0.0,0.0,0.0,0.0,60,21.38964734
1763394272145938772,-0.008648053894296516,0.0012999392569742994,-0.3689428645542489,0.18752340717772248,2136,0.0,-0.00028116379310199995,0.0,0.0,0.0,2,0.0,0.0,0.0,0.0,60,21.399599787
1763394272156090843,-0.01200058799483221,0.0024227966167758228,-0.33525341005356935,0.11228573598015233,2137,0.0,0.000911155744056005,0.0,0.0,0.0,2,0.0,0.0,0.0,0.0,60,21.409751858
1763394272165939677,-0.015819716311667526,0.004664417559212184,-0.38191283168353163,0.22416209424363612,2138,0.0,-0.001506374440855596,0.0,0.0,0.0,2,0.0,0.0,0.0,0.0,60,21.419600692
1763394272175996092,-0.019435661895986105,0.006811549182656532,-0.36159455843185784,0.21471316234443483,2139,0.0,-0.0018515873839310797,0.0,0.0,0.0,2,0.0,0.0,0.0,0.0,60,21.429657107
1763394272186026184,-0.023188972591154617,0.008383317844697254,-0.37533106951685125,0.1571768662040722,2140,0.0,-0.0005848591186122347,0.0,0.0,0.0,2,0.0,0.0,0.0,0.0,60,21.439687199
1763394272195990800,-0.026681599313937744,0.0104381021138969,-0.3492626722783127,0.20547842691996457,2141,0.0,-0.002337463080638472,0.0,0.0,0.0,2,0.0,0.0,0.0,0.0,60,21.449651815
1763394272206107648,-0.029798827695002337,0.012355258000795653,-0.3117228381064593,0.19171558868987526,2142,0.0,-0.002748313125528071,0.0,0.0,0.0,2,0.0,0.0,0.0,0.0,60,21.459768663
1763394272216071971,-0.033017624134146474,0.013536323809475156,-0.3218796439144137,0.11810658086795038,2143,0.0,-0.0010874770521743836,0.0,0.0,0.0,2,0.0,0.0,0.0,0.0,60,21.469732986
1763394272226032517,-0.03555129221809175,0.015532268794525485,-0.2533668083945277,0.19959449850503289,2144,0.0,-0.004105019923034054,0.0,0.0,0.0,2,0.0,0.0,0.0,0.0,60,21.479693532
1763394272236075667,-0.038638531401672935,0.01659075434521573,-0.30872391835811835,0.10584855506902448,2145,0.0,-0.0014227749160009386,0.0,0.0,0.0,2,0.0,0.0,0.0,0.0,60,21.489736682
1763394272246138815,-0.04117249589672331,0.01777508548868191,-0.25339644950503754,0.11843311434661802,2146,0.0,-0.0025501190257344736,0.0,0.0,0.0,2,0.0,0.0,0.0,0.0,60,21.49979983
1763394272256023875,-0.04126832917716875,0.01914584290977532,-0.00958332804454412,0.13707574210934104,2147,0.0,-0.006053381178046279,0.0,0.0,0.0,2,0.0,0.0,0.0,0.0,60,21.50968489
1763394272266145989,-0.04481663178497339,0.0197568118762766,-0.3548302607804636,0.061096896650127824,2148,0.0,-0.00031849891880825166,0.0,0.0,0.0,2,0.0,0.0,0.0,0.0,60,21.519807004
1763394272276042284,-0.047071553466919984,0.02013121874945035,-0.22549216819465964,0.03744068731737493,2149,0.0,-0.0013447961427266969,0.0,0.0,0.0,2,0.0,0.0,0.0,0.0,60,21.529703299
1763394272285931133,-0.04756055233954616,0.020233059789410618,-0.04889988726261771,0.010184103996026955,2150,0.0,-0.0027961255251821235,0.0,0.0,0.0,2,0.0,0.0,0.0,0.0,60,21.539592148
1763394272296105245,-0.045915699107143854,0.019763238045776663,0.16448532324023074,-0.046982174363395524,2151,0.0,-0.003887539915805041,0.0,0.0,0.0,2,0.0,0.0,0.0,0.0,60,21.54976626
1763394272306054265,-0.049643564816402884,0.019042454967226903,-0.372786570925903,-0.07207830785497596,2152,0.0,0.003105921707908276,0.0,0.0,0.0,2,0.0,0.0,0.0,0.0,60,21.55971528
1763394272316029436,-0.046636764098797606,0.018456368343279433,0.30068007176052775,-0.05860866239474696,2153,0.0,-0.005023264470082175,0.0,0.0,0.0,2,0.0,0.0,0.0,0.0,60,21.569690451
1763394272326029847,-0.046307402099430406,0.017995104183661563,0.032936199936720034,-0.04612641596178704,2154,0.0,-0.0021024471366527125,0.0,0.0,0.0,2,0.0,0.0,0.0,0.0,60,21.579690862
1763394272336137196,-0.0496965153473564,0.01740187291523558,-0.3389113247925991,-0.059323126842598245,2155,0.0,0.002651509102445785,0.0,0.0,0.0,2,0.0,0.0,0.0,0.0,60,21.589798211
1763394272346036528,-0.04899691478466893,0.016836531461359903,0.06996005626874677,-0.05653414538756771,2156,0.0,-0.0021298378539834502,0.0,0.0,0.0,2,0.0,0.0,0.0,0.0,60,21.599697543
1763394272356141675,-0.0472625543481891,0.016871106661769282,0.17343604364798287,0.003457520040937856,2157,0.0,-0.004751452939549981,0.0,0.0,0.0,2,0.0,0.0,0.0,0.0,60,21.60980269
1763394272366087313,-0.044389078408983554,0.016462022859130565,0.2873475939205547,-0.040908380263871696,2158,0.0,-0.004980146331634593,0.0,0.0,0.0,2,0.0,0.0,0.0,0.0,60,21.619748328
1763394272375987431,-0.04403609234060731,0.01632957498544215,0.035298606837624175,-0.01324478736884141,2159,0.0,-0.0026481007529634637,0.0,0.0,0.0,2,0.0,0.0,0.0,0.0,60,21.629648446
1763394272385922888,-0.04247111840300642,0.016386501106125446,0.156497393760089,0.00569261206832955,2160,0.0,-0.004519186645400256,0.0,0.0,0.0,2,0.0,0.0,0.0,0.0,60,21.639583903
1763394272396034966,-0.043061087924291794,0.016309843405621305,-0.05899695212853717,-0.007665770050414161,2161,0.0,-0.0016657411478683867,0.0,0.0,0.0,2,0.0,0.0,0.0,0.0,60,21.649695981
1763394272406053433,-0.04196858370668405,0.015471272250728318,0.10925042176077454,-0.08385711548929871,2162,0.0,-0.00172815695400355,0.0,0.0,0.0,2,0.0,0.0,0.0,0.0,60,21.659714448
1763394272415952481,-0.0391065831735166,0.013764680890954263,0.2862000533167451,-0.17065913597740545,2163,0.0,-0.0015104616640704196,0.0,0.0,0.0,2,0.0,0.0,0.0,0.0,60,21.669613496
1763394272425987074,-0.03642326770540376,0.011896964315470056,0.26833154681128385,-0.18677165754842073,2164,0.0,-0.0006388225754780149,0.0,0.0,0.0,2,0.0,0.0,0.0,0.0,60,21.679648089
1763394272436046664,-0.03273284011659028,0.00947083235630014,0.369042758881348,-0.24261319591699151,2165,0.0,-0.0001428094781266041,0.0,0.0,0.0,2,0.0,0.0,0.0,0.0,60,21.689707679
1763394272446121999,-0.029140011158816995,0.007068993293873713,0.35928289577732836,-0.2401839062426428,2166,0.0,0.0002805706655603594,0.0,0.0,0.0,2,0.0,0.0,0.0,0.0,60,21.699783014
1763394272456203085,-0.025834541261099016,0.004829116123201711,0.3305469897717978,-0.2239877170672002,2167,0.0,0.0005792576802601257,0.0,0.0,0.0,2,0.0,0.0,0.0,0.0,60,21.7098641
1763394272465931505,-0.022691865195710745,0.002791912424762514,0.3142676065388272,-0.20372036984391967,2168,0.0,0.0006057703988808054,0.0,0.0,0.0,2,0.0,0.0,0.0,0.0,60,21.71959252
1763394272476070648,-0.01910200540529214,0.0009756553387380018,0.35898597904186064,-0.1816257086024512,2169,0.0,-0.00015824392095259085,0.0,0.0,0.0,2,0.0,0.0,0.0,0.0,60,21.729731663
1763394272486016430,-0.01619910123953117,-0.0005103915077434625,0.2902904165760969,-0.14860468464814644,2170,0.0,0.00010262721207026032,0.0,0.0,0.0,2,0.0,0.0,0.0,0.0,60,21.739677445
1763394272496134915,-0.013757154202682009,-0.0021316818955934725,0.24419470368491608,-0.16212903878500098,2171,0.0,0.0012079308801741851,0.0,0.0,0.0,2,0.0,0.0,0.0,0.0,60,21.74979593
1763394272505975910,-0.010843257368953411,-0.003225649419665775,0.29138968337285975,-0.10939675240723024,2172,0.0,-0.0004122151790666036,0.0,0.0,0.0,2,0.0,0.0,0.0,0.0,60,21.759636925
1763394272516123543,-0.00861023873772854,-0.0045471832723067065,0.22330186312248707,-0.13215338526409315,2173,0.0,0.0011228545092322188,0.0,0.0,0.0,2,0.0,0.0,0.0,0.0,60,21.769784558
1763394272526030628,-0.005895061142975781,-0.005547187297927265,0.271517759475276,-0.10000040256205582,2174,0.0,-4.130537152517667e-05,0.0,0.0,0.0,2,0.0,0.0,0.0,0.0,60,21.779691643
1763394272536071741,-0.0037160971591156597,-0.006677810978849327,0.21789639838601207,-0.11306236809220625,2175,0.0,0.0010682097580925652,0.0,0.0,0.0,2,0.0,0.0,0.0,0.0,60,21.789732756
1763394272546043785,-0.0010416852040548152,-0.007667397348600307,0.2674411955060844,-0.09895863697509796,2176,0.0,0.0003099236580962638,0.0,0.0,0.0,2,0.0,0.0,0.0,0.0,60,21.7997048
1763394272556044088,0.0008571538642496435,-0.008318276483798615,0.18988390683044587,-0.06508791351983083,2177,0.0,0.0005284974645492948,0.0,0.0,0.0,2,0.0,0.0,0.0,0.0,60,21.809705103
1763394272566067608,0.00344592805636516,-0.009725188240954731,0.25887741921155166,-0.14069117571561157,2178,0.0,0.0017063288337045054,0.0,0.0,0.0,2,0.0,0.0,0.0,0.0,60,21.819728623
1763394272575969532,0.006191491854331401,-0.010407788807144236,0.2745563797966241,-0.06826005661895052,2179,0.0,-6.684098120400116e-05,0.0,0.0,0.0,2,0.0,0.0,0.0,0.0,60,21.829630547
1763394272585996673,0.008029074846117302,-0.011305485072884397,0.18375829917859007,-0.08976962657401606,2180,0.0,0.0016418586959175913,0.0,0.0,0.0,2,0.0,0.0,0.0,0.0,60,21.839657688
1763394272596062555,0.010621800720874399,-0.01206753913090705,0.2592725874757097,-0.07620540580226524,2181,0.0,0.0005573611345576779,0.0,0.0,0.0,2,0.0,0.0,0.0,0.0,60,21.84972357
1763394272605968545,0.012795597444973137,-0.013126052951021134,0.2173796724098738,-0.10585138201140848,2182,0.0,0.001907253969451155,0.0,0.0,0.0,2,0.0,0.0,0.0,0.0,60,21.85962956
1763394272616138084,0.015074576771110997,-0.013480767700335149,0.22789793261378602,-0.03547147493140144,2183,0.0,0.00019292188082963013,0.0,0.0,0.0,2,0.0,0.0,0.0,0.0,60,21.869799099
1763394272625970832,0.021161766622180424,-0.015030909900503498,0.6087189851069427,-0.15501422001683499,2184,0.0,-0.001229653396259326,0.0,0.0,0.0,2,0.0,0.0,0.0,0.0,60,21.879631847
1763394272635973175,0.019747343895524933,-0.01601133232516427,-0.14144227266554912,-0.09804224246607716,2185,0.0,0.006385111059455031,0.0,0.0,0.0,2,0.0,0.0,0.0,0.0,60,21.88963419
1763394272645954160,0.022163111017305906,-0.017034277593232772,0.24157671217809734,-0.10229452680685022,2186,0.0,0.002145146951600747,0.0,0.0,0.0,2,0.0,0.0,0.0,0.0,60,21.899615175
1763394272656031254,0.024378348901692444,-0.017892406121526504,0.2215237884386538,-0.08581285282937313,2187,0.0,0.0021276515884357996,0.0,0.0,0.0,2,0.0,0.0,0.0,0.0,60,21.909692269
1763394272665992275,0.027170437617445913,-0.019494137594668157,0.27920887157534685,-0.1601731473141653,2188,0.0,0.003438549906491775,0.0,0.0,0.0,2,0.0,0.0,0.0,0.0,60,21.91965329
1763394272675873643,0.02956367821603271,-0.0203982724423857,0.2393240598586796,-0.09041348477175429,2189,0.0,0.00241224826189971,0.0,0.0,0.0,2,0.0,0.0,0.0,0.0,60,21.929534658
1763394272686067971,0.03166750496501726,-0.021702243465659462,0.2103826748984551,-0.13039710232737622,2190,0.0,0.003888484905205142,0.0,0.0,0.0,2,0.0,0.0,0.0,0.0,60,21.939728986
1763394272696046746,0.03315915411357508,-0.02217863397862329,0.14916491485578234,-0.04763905129638278,2191,0.0,0.0027420790062408482,0.0,0.0,0.0,2,0.0,0.0,0.0,0.0,60,21.949707761
1763394272706050666,0.034152937463029415,-0.022155357691096108,0.09937833494543316,0.0023276287527181777,2192,0.0,0.0021548311708087637,0.0,0.0,0.0,2,0.0,0.0,0.0,0.0,60,21.959711681
1763394272716098599,0.034965862388852284,-0.02230522455883661,0.08129249258228693,-0.014986686774050295,2193,0.0,0.002797684763812802,0.0,0.0,0.0,2,0.0,0.0,0.0,0.0,60,21.969759614
1763394272726046557,0.03528379747708455,-0.022221325104268656,0.03179350882322671,0.008389945456795458,2194,0.0,0.002819475737328171,0.0,0.0,0.0,2,0.0,0.0,0.0,0.0,60,21.979707572
1763394272735944739,0.03542862830984067,-0.021879575677083724,0.014483083275611958,0.03417494271849321,2195,0.0,0.002368160434176015,0.0,0.0,0.0,2,0.0,0.0,0.0,0.0,60,21.989605754
1763394272745956906,0.03548252035136691,-0.02156373344258473,0.005389204152624061,0.031584223449899335,2196,0.0,0.00248914690053191,0.0,0.0,0.0,2,0.0,0.0,0.0,0.0,60,21.999617921
1763394272755967339,0.03546384552353005,-0.02096200491320465,-0.0018674827836857866,0.06017285293800807,2197,0.0,0.001815114318436965,0.0,0.0,0.0,2,0.0,0.0,0.0,0.0,60,22.009628354
1763394272766060184,0.03518915516339875,-0.02040004938006797,-0.027469036013130083,0.056195553313668004,2198,0.0,0.002125108450791132,0.0,0.0,0.0,2,0.0,0.0,0.0,0.0,60,22.019721199
1763394272775947876,0.03489886588322911,-0.019759838836155945,-0.029028928016964356,0.06402105439120252,2199,0.0,0.001864449551518464,0.0,0.0,0.0,2,0.0,0.0,0.0,0.0,60,22.029608891
1763394272785932969,0.034545640438414814,-0.019202980969027554,-0.03532254448142952,0.05568578671283908,2200,0.0,0.0020503888116741196,0.0,0.0,0.0,2,0.0,0.0,0.0,0.0,60,22.039593984
1763394272796283504,0.03412510044318097,-0.018817859853485473,-0.04205399952338443,0.03851211155420815,2201,0.0,0.002473870551216198,0.0,0.0,0.0,2,0.0,0.0,0.0,0.0,60,22.049944519
1763394272806155460,0.03390684809999346,-0.018337592937923267,-0.02182523431875083,0.048026691556220594,2202,0.0,0.0019415987377830327,0.0,0.0,0.0,2,0.0,0.0,0.0,0.0,60,22.059816475
1763394272816013878,0.03349895056604723,-0.017872734735302563,-0.04078975339462318,0.04648582026207035,2203,0.0,0.002130497391497696,0.0,0.0,0.0,2,0.0,0.0,0.0,0.0,60,22.069674893
1763394272825999312,0.03323379639488638,-0.017389654958282888,-0.026515417116085294,0.048307977701967514,2204,0.0,0.0018479364557352387,0.0,0.0,0.0,2,0.0,0.0,0.0,0.0,60,22.079660327
1763394272836013121,0.03278525621582814,-0.016961076795469612,-0.04485401790582377,0.042857816281327565,2205,0.0,0.0021263776890874334,0.0,0.0,0.0,2,0.0,0.0,0.0,0.0,60,22.089674136
1763394272846105104,0.032292872272221565,-0.01658611250173084,-0.049238394360657384,0.037496429373877135,2206,0.0,0.002246663932212459,0.0,0.0,0.0,2,0.0,0.0,0.0,0.0,60,22.099766119
1763394272856156667,0.03178959671217869,-0.01635236912673704,-0.05032755600428776,0.023374337499380143,2207,0.0,0.002554485210797637,0.0,0.0,0.0,2,0.0,0.0,0.0,0.0,60,22.109817682
1763394272865999762,0.03130483036539017,-0.016009887477688313,-0.04847663467885191,0.03424816490487266,2208,0.0,0.002225759728988325,0.0,0.0,0.0,2,0.0,0.0,0.0,0.0,60,22.119660777
1763394272875987083,0.030850363776890204,-0.015895660870438505,-0.04544665884999646,0.011422660724980799,2209,0.0,0.0027070632927026954,0.0,0.0,0.0,2,0.0,0.0,0.0,0.0,60,22.129648098
1763394272886077683,0.03038303403781078,-0.01608964947992724,-0.04673297390794251,-0.019398860948873636,2210,0.0,0.0034720483144720232,0.0,0.0,0.0,2,0.0,0.0,0.0,0.0,60,22.139738698
1763394272896041308,0.029910147759391346,-0.016253527484504524,-0.04728862784194321,-0.016387800457728224,2211,0.0,0.0034308252500970604,0.0,0.0,0.0,2,0.0,0.0,0.0,0.0,60,22.149702323
1763394272905986870,0.029291258314238948,-0.01639579455450329,-0.06188894451523985,-0.01422670699987652,2212,0.0,0.0035708383679426306,0.0,0.0,0.0,2,0.0,0.0,0.0,0.0,60,22.159647885
1763394272916077862,0.028589379493076952,-0.016214996488826055,-0.07018788211619956,0.018079806567723386,2213,0.0,0.002882117772407962,0.0,0.0,0.0,2,0.0,0.0,0.0,0.0,60,22.169738877
1763394272925968119,0.027750303937916193,-0.015829382203579847,-0.08390755551607593,0.0385614285246208,2214,0.0,0.0025035856132906,0.0,0.0,0.0,2,0.0,0.0,0.0,0.0,60,22.179629134
1763394272936031475,0.02612383901933727,-0.015379167333015496,-0.16264649185789223,0.045021487056435064,2215,0.0,0.0032054617536401995,0.0,0.0,0.0,2,0.0,0.0,0.0,0.0,60,22.18969249
1763394272945996769,0.02428194782393745,-0.01503087187375152,-0.18418911953998196,0.0348295459263976,2216,0.0,0.0036404688333608673,0.0,0.0,0.0,2,0.0,0.0,0.0,0.0,60,22.199657784
1763394272956107023,0.022459806514462576,-0.01371248626389826,-0.18221413094748756,0.13183856098532598,2217,0.0,0.0011427282971405686,0.0,0.0,0.0,2,0.0,0.0,0.0,0.0,60,22.209768038
1763394272966147614,0.02029890944580992,-0.013258179378749926,-0.2160897068652655,0.045430688514833464,2218,0.0,0.003492733595874193,0.0,0.0,0.0,2,0.0,0.0,0.0,0.0,60,22.219808629
1763394272976009185,0.01784712270913827,-0.011700014505265727,-0.24517867366716517,0.15581648734841988,2219,0.0,0.0010088880984328009,0.0,0.0,0.0,2,0.0,0.0,0.0,0.0,60,22.2296702
1763394272986136364,0.014831932324816516,-0.010880037275026597,-0.30151903843217526,0.08199772302391294,2220,0.0,0.003270993774978055,0.0,0.0,0.0,2,0.0,0.0,0.0,0.0,60,22.239797379
1763394272996066184,0.012136274426168284,-0.009263109580592153,-0.26956578986482327,0.16169276944344446,2221,0.0,0.0007803907192988411,0.0,0.0,0.0,2,0.0,0.0,0.0,0.0,60,22.249727199
1763394273006001218,0.008784628323073189,-0.007618444213463796,-0.33516461030950945,0.16446653671283565,2222,0.0,0.0012326829968551715,0.0,0.0,0.0,2,0.0,0.0,0.0,0.0,60,22.259662233
1763394273016099571,0.005710353723619284,-0.006191429927051495,-0.3074274599453905,0.14270142864123017,2223,0.0,0.0011971558930442237,0.0,0.0,0.0,2,0.0,0.0,0.0,0.0,60,22.269760586
1763394273025942935,0.0015842303955955414,-0.0039700856284913075,-0.41261233280237425,0.2221344298560187,2224,0.0,0.00022961019698014389,0.0,0.0,0.0,2,0.0,0.0,0.0,0.0,60,22.27960395
1763394273036070339,-0.001754141029057887,-0.0027948482195865113,-0.33383714246534285,0.11752374089047962,2225,0.0,0.0015733683866238435,0.0,0.0,0.0,2,0.0,0.0,0.0,0.0,60,22.289731354
1763394273045997871,-0.005274401235276749,-0.0003085877892451006,-0.3520260206218862,0.24862604303414107,2226,0.0,-0.0016645294367672288,0.0,0.0,0.0,2,0.0,0.0,0.0,0.0,60,22.299658886
1763394273055970716,-0.009484330984759377,0.0021742932891778387,-0.4209929749482628,0.24828810784229394,2227,0.0,-0.0012262013553839789,0.0,0.0,0.0,2,0.0,0.0,0.0,0.0,60,22.309631731
1763394273066020322,-0.01348556020144522,0.003925729454780164,-0.4001229216685843,0.17514361656023256,2228,0.0,-2.7261077271150194e-05,0.0,0.0,0.0,2,0.0,0.0,0.0,0.0,60,22.319681337
1763394273076108434,-0.017058813749196284,0.005678727432146875,-0.35732535477510635,0.1752997977366711,2229,0.0,-0.0008032354565744217,0.0,0.0,0.0,2,0.0,0.0,0.0,0.0,60,22.329769449
1763394273086009073,-0.02098220161227315,0.007684034508391238,-0.3923387863076867,0.20053070762443628,2230,0.0,-0.0012916103227301164,0.0,0.0,0.0,2,0.0,0.0,0.0,0.0,60,22.339670088
1763394273096031340,-0.024350274801569767,0.00980720203558462,-0.3368073189296616,0.21231675271933814,2231,0.0,-0.0025439051978988674,0.0,0.0,0.0,2,0.0,0.0,0.0,0.0,60,22.349692355
1763394273106016071,-0.02786837546395512,0.011271790903237627,-0.35181006623853545,0.14645888676530078,2232,0.0,-0.0010506790247641778,0.0,0.0,0.0,2,0.0,0.0,0.0,0.0,60,22.359677086
1763394273116034553,-0.01890907990810148,0.0044572049613749234,0.895929555585364,-0.6814585941862704,2233,0.0,0.004739776937150646,0.0,0.0,0.0,2,0.0,0.0,0.0,0.0,60,22.369695568
1763394273126034923,-0.006144741778203781,-0.0048967825201275544,1.27643381298977,-0.9353987481502478,2234,0.0,0.007645247895311472,0.0,0.0,0.0,2,0.0,0.0,0.0,0.0,60,22.379695938
1763394273136008302,0.006563958366451076,-0.014248960599764174,1.2708700144654856,-0.9352178079636619,2235,0.0,0.009126587288079174,0.0,0.0,0.0,2,0.0,0.0,0.0,0.0,60,22.389669317
1763394273146010497,0.018642641778520423,-0.023488985040540894,1.2078683412069346,-0.924002444077672,2236,0.0,0.011005329997087957,0.0,0.0,0.0,2,0.0,0.0,0.0,0.0,60,22.399671512
1763394273155984424,0.027582395039586628,-0.02909659713936296,0.8939753261066204,-0.5607612098822067,2237,0.0,0.0070313268522140615,0.0,0.0,0.0,2,0.0,0.0,0.0,0.0,60,22.409645439
1763394273165968662,0.031938870604100535,-0.031335736670685774,0.43564755645139064,-0.22391395313228132,2238,0.0,0.004860715316391895,0.0,0.0,0.0,2,0.0,0.0,0.0,0.0,60,22.419629677
1763394273176195548,0.03022313779451892,-0.0283739942712872,-0.17157328095816146,0.2961742399398573,2239,0.0,-0.0006440833213440401,0.0,0.0,0.0,2,0.0,0.0,0.0,0.0,60,22.429856563
1763394273185958191,0.036763036843348085,-0.023754631168335302,0.6539899048829164,0.46193631029518983,2240,0.0,-0.01488904217564558,0.0,0.0,0.0,2,0.0,0.0,0.0,0.0,60,22.439619206
1763394273196042200,0.044431328534172025,-0.01681209806070761,0.7668291690823941,0.6942533107627692,2241,0.0,-0.022664559955230857,0.0,0.0,0.0,2,0.0,0.0,0.0,0.0,60,22.449703215
1763394273206124189,0.04941908980856308,-0.0032165883111764486,0.49877612743910515,1.359550974953116,2242,0.0,-0.037109314855072656,0.0,0.0,0.0,2,0.0,0.0,0.0,0.0,60,22.459785204
1763394273216005891,0.0566697256568446,0.017913624751296438,0.7250635848281519,2.1130213062472887,2243,0.0,-0.06053396658475485,0.0,0.0,0.0,2,0.0,0.0,0.0,0.0,60,22.469666906
1763394273225963738,0.062420017358552016,0.044368550949469475,0.5750291701707418,2.6454926198173037,2244,0.0,-0.07514998975274684,0.0,0.0,0.0,2,0.0,0.0,0.0,0.0,60,22.479624753
1763394273236076421,0.07183916253329357,0.07433866909214333,0.9419145174741558,2.9970118142673856,2245,0.0,-0.09210332088783629,0.0,0.0,0.0,2,0.0,0.0,0.0,0.0,60,22.489737436
1763394273246064236,0.0827623473220665,0.10649781719169561,1.0923184788772924,3.215914809955228,2246,0.0,-0.10372464151193853,0.0,0.0,0.0,2,0.0,0.0,0.0,0.0,60,22.499725251
1763394273256053970,0.09521488706131272,0.14177048068870957,1.2452539739246218,3.5272663497013954,2247,0.0,-0.11799891084497444,0.0,0.0,0.0,2,0.0,0.0,0.0,0.0,60,22.509714985
1763394273265990173,0.107818356630411,0.1789290736065677,1.260346956909829,3.715859291785814,2248,0.0,-0.12805492968307775,0.0,0.0,0.0,2,0.0,0.0,0.0,0.0,60,22.519651188
1763394273275951076,0.119258063923535,0.21733040570648246,1.143970729312399,3.840133209991475,2249,0.0,-0.135246338481934,0.0,0.0,0.0,2,0.0,0.0,0.0,0.0,60,22.529612091
1763394273285995245,0.13471113604944973,0.25771073799166755,1.5453072125914735,4.0380332285185085,2250,0.0,-0.1505244421766205,0.0,0.0,0.0,2,0.0,0.0,0.0,0.0,60,22.53965626
1763394273296136655,0.1483341861346815,0.298728038433942,1.3623050085231763,4.101730044227447,2251,0.0,-0.15589367129227555,0.0,0.0,0.0,2,0.0,0.0,0.0,0.0,60,22.54979767
1763394273306068544,0.1626374639023597,0.3409042442351271,1.4303277767678202,4.217620580118508,2252,0.0,-0.1656038075828421,0.0,0.0,0.0,2,0.0,0.0,0.0,0.0,60,22.559729559
1763394273316020284,0.17748490568837882,0.3842856637785937,1.4847441786019127,4.338141954346658,2253,0.0,-0.17543933132322964,0.0,0.0,0.0,2,0.0,0.0,0.0,0.0,60,22.569681299
1763394273325993503,0.19234030763188342,0.4293849710567878,1.4855401943504598,4.509930727819411,2254,0.0,-0.1861010491763061,0.0,0.0,0.0,2,0.0,0.0,0.0,0.0,60,22.579654518
1763394273336043276,0.20718139143352637,0.4763462711244509,1.4841083801642951,4.696130006766308,2255,0.0,-0.1973498081108698,0.0,0.0,0.0,2,0.0,0.0,0.0,0.0,60,22.589704291
1763394273345920509,0.22150532859825153,0.5249232534547716,1.4323937164725158,4.857698233032076,2256,0.0,-0.20767105104579325,0.0,0.0,0.0,2,0.0,0.0,0.0,0.0,60,22.599581524
1763394273356024630,0.23596725032868948,0.5757800932226227,1.4461921730437948,5.085683976785105,2257,0.0,-0.2206554306817019,0.0,0.0,0.0,2,0.0,0.0,0.0,0.0,60,22.609685645
1763394273366158508,0.25068382876601575,0.6264656063511356,1.4716578437326266,5.068551312851288,2258,0.0,-0.22800427575210216,0.0,0.0,0.0,2,0.0,0.0,0.0,0.0,60,22.619819523
1763394273376030848,0.2658298543598294,0.6772127794474117,1.5146025593813672,5.074717309627608,2259,0.0,-0.23611244765267395,0.0,0.0,0.0,2,0.0,0.0,0.0,0.0,60,22.629691863
1763394273386045250,0.2814638173797137,0.7275171575837944,1.563396301988429,5.030437813638278,2260,0.0,-0.24303977292338558,0.0,0.0,0.0,2,0.0,0.0,0.0,0.0,60,22.639706265
1763394273396148616,0.298111476141571,0.77589394587866,1.664765876185731,4.837678829486558,2261,0.0,-0.24681562045756159,0.0,0.0,0.0,2,0.0,0.0,0.0,0.0,60,22.649809631
1763394273405961261,0.31581671581587384,0.8228577649506359,1.770523967430282,4.696381907197589,2262,0.0,-0.2516374221199015,0.0,0.0,0.0,2,0.0,0.0,0.0,0.0,60,22.659622276
1763394273416264700,0.3420504626605168,0.8689236907852547,2.623374684464297,4.606592583461877,2263,0.0,-0.26628245047057114,0.0,0.0,0.0,2,0.0,0.0,0.0,0.0,60,22.669925715
1763394273425990204,0.36021810873609955,0.9143637258564372,1.8167646075582744,4.544003507118255,2264,0.0,-0.26200830180419254,0.0,0.0,0.0,2,0.0,0.0,0.0,0.0,60,22.679651219
1763394273435968791,0.37717682768587324,0.9604694363913131,1.6958718949773688,4.610571053487589,2265,0.0,-0.2689168192049805,0.0,0.0,0.0,2,0.0,0.0,0.0,0.0,60,22.689629806
1763394273446153285,0.3854411817139052,1.0078531328250253,0.8264354028031939,4.738369643371221,2266,0.0,-0.26868476283349063,0.0,0.0,0.0,2,0.0,0.0,0.0,0.0,60,22.6998143
1763394273456078973,0.4004894557080195,1.056595263101792,1.5048273994114347,4.874213027676677,2267,0.0,-0.28699928078377224,0.0,0.0,0.0,2,0.0,0.0,0.0,0.0,60,22.709739988
1763394273465960233,0.4149144425860779,1.1068741321605662,1.4424986878058377,5.02788690587741,2268,0.0,-0.29726216006010014,0.0,0.0,0.0,2,0.0,0.0,0.0,0.0,60,22.719621248
