timestamp (ns),I0,I1,I2,relative_time
1763394250752856016,8.244763454045955,-5.099297280099624,0.7843483118306267,0.006517031
1763394250762729406,8.245686214247332,-5.099701803714613,0.7843837966663615,0.016390421
1763394250772201776,8.247533129305161,-5.097686943311553,0.7856094580172337,0.025862791
1763394250781886577,8.233201889859606,-5.103245132430142,0.78140679706742,0.035547592
1763394250792102336,8.230167638044621,-5.147800952573495,0.769162457963964,0.045763351
1763394250801915645,8.080122174347114,-5.124196059769909,0.7609298216537166,0.05557666
1763394250812171697,8.168505070861006,-5.340302325325445,0.7841634866021013,0.065832712
1763394250822473287,8.190773722620836,-5.473380613076883,0.8250547817122525,0.076134302
1763394250832113504,8.004657008451966,-5.42518004921735,0.8642592175178164,0.085774519
1763394250841442108,7.7012415827067855,-5.298140283948557,0.9016451594669606,0.095103123
1763394250852950811,7.149089364305207,-5.055146219960096,0.917804544029218,0.106611826
1763394250862280607,6.373833561917921,-4.724632212063649,0.9118748063778422,0.115941622
1763394250872133970,5.485839148841568,-4.3298459768635,0.885309363459336,0.125794985
1763394250882420778,4.628066191532416,-3.902013396796937,0.8518294873662161,0.136081793
1763394250892350196,3.887154501103675,-3.4754552995406742,0.8226473611079272,0.146011211
1763394250901741981,3.072624969983905,-3.1879766269006624,0.7164275503301462,0.155402996
1763394250912184238,2.732958787926247,-2.772042375301491,0.7686121194094008,0.165845253
1763394250922229290,2.2910320764554277,-2.537081246319542,0.7508396928558148,0.175890305
1763394250932224035,1.9276020618615213,-2.3407516338329257,0.7453331852304497,0.18588505
1763394250941899776,1.6243679891463014,-2.1792042147177875,0.7467871211514414,0.195560791
1763394250952210664,1.5603365570614205,-2.3379285598657367,0.8376938626554167,0.205871679
1763394250961727857,0.9696586108331396,-1.5814213652250648,0.6364798825958399,0.215388872
1763394250971574783,0.9492729161065444,-1.7168480398122987,0.7503864981867236,0.225235798
1763394250982583284,0.9154638756535448,-1.89029475623448,0.8780411714824518,0.236244299
1763394250992261409,0.6617590881381713,-1.5687060950184353,0.7950579191495617,0.245922424
1763394251002338409,0.44387323667955,-1.2201960340264677,0.6865993568580419,0.255999424
1763394251011953830,0.4125118605588659,-1.3885267925833484,0.8462485358744257,0.265614845
1763394251021795749,0.2094590797490602,-0.8853849827115318,0.5983396332394663,0.275456764
1763394251031970977,0.1296179059676064,-0.7585302135829035,0.5619718550918366,0.285631992
1763394251042615652,0.047663988550296,-0.4576955831542141,0.3713212209029907,0.296276667
1763394251051815748,0.0039625718462848,-0.1187333408856784,0.1053598626744129,0.305476763
1763394251061947345,0.0107969791712584,0.2476987695626337,-0.240227134602857,0.31560836
1763394251071976661,0.0757142487304773,0.5833894136325709,-0.6184441740596303,0.325637676
1763394251081816673,0.2305103911798871,1.0354259859393111,-1.202067892349886,0.335477688
1763394251092215061,0.48513174535725,1.4877121387220595,-1.8842267784308253,0.345876076
1763394251102359294,0.8386094329437767,1.919866913421105,-2.658337267031284,0.356020309
1763394251112359762,1.2853284454575535,2.2964025784612065,-3.420962340228731,0.366020777
1763394251123650074,1.930938286180583,2.3116658414356293,-3.986235232575149,0.377311089
1763394251132255315,2.169488678070111,2.597251764268449,-4.478699431819741,0.38591633
1763394251142187356,2.5926429587019806,2.621373565453527,-4.799235667957486,0.395848371
1763394251152237415,2.903386195189194,2.5336332776121595,-4.971228806333039,0.40589843
1763394251162338256,3.187502262852102,2.4423661660657947,-5.060542264055555,0.415999271
1763394251172002792,3.4273813809944618,2.350206707153576,-5.1014302048499625,0.425663807
1763394251181575059,3.613919979999245,2.265276032477362,-5.101236427361545,0.435236074
1763394251191883087,3.748857559128529,2.193423042198268,-5.09784856228322,0.445544102
1763394251202560424,3.835461371302084,2.1402920204810907,-5.080589065607099,0.456221439
1763394251212228298,3.8548557856639234,2.094210041035574,-5.02689460758402,0.465889313
1763394251222258806,3.78784989830481,2.046923644337808,-4.915784421408936,0.475919821
1763394251232251644,3.644814221416803,2.001804689416248,-4.760048238712196,0.485912659
1763394251241579771,3.3778055135758707,1.9300945950562816,-4.518067174714146,0.495240786
1763394251252357006,2.9490830279007705,1.795866121272219,-4.101615896935061,0.506018021
1763394251262423992,2.3556333913802754,1.5692536640127148,-3.4572930218110423,0.516085007
1763394251272333621,1.6203783920910402,1.2131925262805083,-2.5442230944767705,0.525994636
1763394251282135009,0.7802642042258972,0.6766453195540734,-1.3284608275921863,0.535796024
1763394251291681051,-0.0726491876585935,-0.0756826808650475,0.1376489434279412,0.545342066
1763394251302188396,-0.9604713724161288,-1.259073801902484,2.094637634277514,0.555849411
1763394251312324285,-1.66550304588982,-2.9113061294975977,4.370269957448652,0.5659853
1763394251322103500,-1.9635718608436696,-4.948571339404241,6.606623665304635,0.575764515
1763394251331983089,-1.6849460006121593,-6.943273618173097,8.168109224627708,0.585644104
1763394251341860294,-0.883788154083978,-8.084984707627079,8.399813921808294,0.595521309
1763394251352333307,-0.0178819245872123,-7.506915241205106,6.938417745355888,0.605994322
1763394251362833738,0.3325964573017664,-4.231522276759282,3.5379645466799325,0.616494753
1763394251371815919,-0.672212191826164,5.059884237468423,-3.9253503422687226,0.625476934
1763394251382716894,-0.0287230760441507,0.1763179907970194,-0.1311377376493611,0.636377909
1763394251394534587,0.1519470698981164,-0.9914667102846174,0.7453500728662176,0.648195602
1763394251402673959,-0.1302396053711745,0.9844469944028552,-0.7674048758113873,0.656334974
1763394251412712335,0.1101880455091234,-0.832882516124314,0.6492559858335031,0.66637335
1763394251422522306,0.0373594817378686,-0.3397471649379676,0.2723995043319205,0.676183321
1763394251432197332,0.0233139750661371,-0.2601209528165104,0.214344884465262,0.685858347
1763394251441516876,0.0170787431483735,-0.2482904292426247,0.2099165961856406,0.695177891
1763394251452687263,-0.0077289935459419,0.1509220926529253,-0.130769283198768,0.706348278
1763394251462311744,0.0012732317458439,-0.0347551729398659,0.0309831170387089,0.715972759
1763394251472358465,-0.0094905056082436,0.832217435863573,-0.7581505302945385,0.72601948
1763394251482569217,0.008860666654666,0.6870145378164004,-0.6414548524240583,0.736230232
1763394251492097139,0.0213980685636463,0.6461987477274355,-0.6212337593011198,0.745758154
1763394251502816200,0.0527277700749159,0.9142847445575176,-0.9021929945859448,0.756477215
1763394251511883258,0.0259837598119379,0.3435163171483081,-0.3496440380864358,0.765544273
1763394251522230386,0.0675425804072132,0.6989593807187496,-0.7300525149299917,0.775891401
1763394251532079458,0.0846840746687929,0.7319345027744762,-0.7824691949966501,0.785740473
1763394251541512012,0.0912198054154085,0.685260364911648,-0.7482273502768022,0.795173027
1763394251552615165,0.0806375147211091,0.5372568965260757,-0.5968376460610479,0.80627618
1763394251562128067,0.0945484416418846,0.5728187304227168,-0.6463994590131542,0.815789082
1763394251571638822,0.1612978136624052,0.8838138791655884,-1.0056166353442135,0.825299837
1763394251582159519,0.0828452389610629,0.4331140670687683,-0.5001520847582522,0.835820534
1763394251592044591,0.1077318760642661,0.5321774438545596,-0.6194444396730518,0.845705606
1763394251602374076,0.116620870388958,0.5570504396697159,-0.6556654408719351,0.856035091
1763394251612349510,0.0898877178348376,0.4160288079262654,-0.4936248307839961,0.866010525
1763394251622283935,0.1456870541047516,0.6489233380082219,-0.772553380208646,0.87594495
1763394251631905794,0.1962491598247419,0.8458913280281013,-1.0129769803218684,0.885566809
1763394251642598867,0.1810455512560288,0.7570866591255285,-0.9106568651619656,0.896259882
1763394251652915000,0.2674404793052298,1.0641176423957266,-1.276715254974804,0.906576015
1763394251662737846,0.1624391741679881,0.6416945587675367,-0.778286124938669,0.916398861
1763394251672714233,0.2622476277188068,0.9911859485081408,-1.1972330778880436,0.926375248
1763394251682101726,0.1515372553444565,0.5738880346086797,-0.6991675036402283,0.935762741
1763394251692254781,0.1813849760416178,0.6802680390223131,-0.8288864585033133,0.945915796
1763394251702426910,0.1984253690796832,0.7425931070617714,-0.9031068511109674,0.956087925
1763394251712453842,0.1059229458575967,0.4018111998974807,-0.4878894208443176,0.966114857
1763394251722324848,0.1973148436016071,0.7519516890940422,-0.9061383002812368,0.975985863
1763394251732393980,0.1542910265538334,0.6002339247276453,-0.7189058864163719,0.986054995
1763394251742887973,0.164156462273936,0.6553948413573818,-0.7789229573168778,0.996548988
1763394251752335309,0.1683580375388113,0.6939310881234638,-0.8155694387184668,1.005996324
1763394251762070417,0.106548381954497,0.4638637811072885,-0.5426450598719521,1.015731432
1763394251772083759,0.0800338402541522,0.3678310568178046,-0.4263221315895367,1.025744774
1763394251782366514,0.0829965724472126,0.4050622708708593,-0.4643130645309971,1.036027529
1763394251791584968,0.07355546898772,0.3823411702836508,-0.4326745135277834,1.045245983
1763394251802134990,0.0908512788390703,0.5037779983738573,-0.5615254179436264,1.055796005
1763394251812309026,0.0670371592268899,0.4023522170368733,-0.4422063278314934,1.065970041
1763394251822134256,0.0814560950521994,0.5345388657801102,-0.5805669352636861,1.075795271
1763394251832046508,0.0619379769849222,0.4455181281477568,-0.4777728624721739,1.085707523
1763394251842828035,0.0861607612440864,0.6601439178126827,-0.6956078351490345,1.09648905
1763394251852737426,-0.0066238684218834,-0.0608214982428374,0.0639429608239804,1.106398441
1763394251862229108,0.0859819593377728,0.8276655164177557,-0.8507271518370599,1.115890123
1763394251872102499,0.0024764847648502,0.0286038995514456,-0.0290979244411794,1.125763514
1763394251881581306,-0.0002073241211087,-0.0029100765657747,0.0029115023185957,1.135242321
1763394251892453908,0.0042483389783781,0.0774754709632057,-0.076165247923268,1.146114923
1763394251902680635,-0.0158589038008752,-0.4243390780429927,0.4093202881403204,1.15634165
1763394251912369728,-0.0094404699913698,-0.5008834396606471,0.4731911665136187,1.166030743
1763394251922431468,0.0003745590668132,-0.6221782335083851,0.574933270452026,1.176092483
1763394251932283639,0.0130465810722343,-0.6685259077848236,0.6031099669161127,1.185944654
1763394251942316770,0.0328903210836447,-0.8368623623543329,0.7377983934402781,1.195977785
1763394251951627254,0.0298274372098305,-0.5622736308302889,0.4818853848163783,1.205288269
1763394251961747407,0.0976250858239381,-1.2835407716099323,1.0820652692859023,1.215408422
1763394251971884489,0.1075097143170593,-1.1741350627872045,0.9681288759572824,1.225545504
1763394251981553554,0.1290965538350416,-1.186699953358154,0.9614310551039852,1.235214569
1763394251991344213,0.1153372980796503,-0.9845926717397976,0.780597731464154,1.245005228
1763394252002114295,0.1629805650877458,-1.235476907063129,0.96462953880671,1.25577531
1763394252012242078,0.1507917509409877,-1.0626609815937953,0.818685531601741,1.265903093
1763394252022089004,0.1559984392626547,-1.0408733970258452,0.7934399295256125,1.275750019
1763394252032029151,0.1941378292183753,-1.2448476769331347,0.940847797118432,1.285690166
1763394252042229413,0.1624302359342237,-1.013168110472455,0.7611953304007887,1.295890428
1763394252052453279,0.1696913814803868,-1.0446775097669387,0.7817587082462963,1.306114294
1763394252063002824,0.16585484104316,-1.0156821226529391,0.7591660094524139,1.316663839
1763394252072580814,0.1431340142048492,-0.8800105995029079,0.658559441457571,1.326241829
1763394252082517862,0.1350885401692809,-0.8436612504849699,0.633429446064499,1.336178877
1763394252091881752,0.119102724190694,-0.7637084652186876,0.5766020752168521,1.345542767
1763394252102541923,0.0926253943575533,-0.6156673958634131,0.4683620071881806,1.356202938
1763394252112023353,0.0943278922024139,-0.6569766651613282,0.5045959108262493,1.365684368
1763394252122227191,0.0759247396583411,-0.5616243411952245,0.4361730098967055,1.375888206
1763394252131766796,0.0507382158646177,-0.4020399044294644,0.3164354428803457,1.385427811
1763394252141650915,0.0409129677539319,-0.3539026144984053,0.28237122753096,1.39531193
1763394252152184486,0.0235697398884959,-0.22658621685408,0.1834248349268391,1.405845501
1763394252161921977,0.0328629163290692,-0.3475751838892278,0.2874796725507272,1.415582992
1763394252171302080,-0.0045834587192591,0.0576547024377751,-0.0483386212114665,1.424963095
1763394252182014226,-0.0002005172150576,0.0030613470743377,-0.0026115459228366,1.435675241
1763394252191735982,-0.0122011384258727,0.2383280816526126,-0.2070372650873406,1.445396997
1763394252202448606,-0.0093457815950211,0.258431963752065,-0.2287045097211094,1.456109621
1763394252212837457,-0.0074857291864456,0.3576178998125462,-0.322699136442147,1.466498472
1763394252221799612,-0.0013831781465569,0.2519104175304019,-0.2316448384559556,1.475460627
1763394252232062816,0.0041825515704528,0.4190888209493698,-0.3922809129471707,1.485723831
1763394252241840124,0.0066922221014787,0.2734021195328975,-0.2604490344122986,1.495501139
1763394252252526760,0.0204892910631698,0.5282937412071418,-0.5111498593598903,1.506187775
1763394252262257337,0.0277718873628356,0.5308093776832409,-0.5212025453003851,1.515918352
1763394252272024869,0.0259257937487751,0.4005523363751082,-0.3988745797561132,1.525685884
1763394252282297372,0.0416384281414736,0.5434260836355437,-0.5483149726413624,1.535958387
1763394252292184829,0.0805307575680254,0.8696090325763272,-0.8837101063521403,1.545845844
1763394252302261590,0.0112542663012738,0.1167346688647656,-0.120518944646857,1.555922605
1763394252311659097,0.0330879161283405,0.3251180350505385,-0.3401128414044151,1.565320112
1763394252321921110,0.0944836189679572,0.8297878966662501,-0.8709502266839594,1.575582125
1763394252332006216,0.0482078547317301,0.4042322603356243,-0.4270647624518788,1.585667231
1763394252342424154,0.1447170905750492,1.1096291705281207,-1.1700206159281246,1.596085169
1763394252352585315,0.0341628206997769,0.25661557144963,-0.2718959597968562,1.60624633
1763394252362500190,-0.0362896519192575,-0.2929938618425846,0.3155972654499469,1.616161205
1763394252371940135,0.1159198103918173,0.8810925304256985,-0.9427994543803808,1.62560115
1763394252382155656,0.0051712662247187,0.0400811448317868,-0.0429717465453513,1.635816671
1763394252391758441,0.0848537181770511,0.65433792877646,-0.696857782213498,1.645419456
1763394252402208805,0.1152123747225007,0.8689206258060411,-0.9173580978418712,1.65586982
1763394252412221193,0.0634069506526569,0.4798268889581657,-0.5041045649559303,1.665882208
1763394252422260284,-0.0620068721898401,-0.5414348764751419,0.5755144690690416,1.675921299
1763394252432432889,0.0655449348902285,0.567283032093059,-0.5969584794792581,1.686093904
1763394252441843509,0.0649695439019568,0.5575682232267026,-0.5790500856708987,1.695504524
1763394252451840877,-5.248687582332655e-05,-0.000494520643858,0.0005104999147306,1.705501892
1763394252462450027,-0.0160286419546116,-0.1722173007650817,0.1771899750652302,1.716111042
1763394252471329450,0.012891855881177,0.147066757298933,-0.1498482520253626,1.724990465
1763394252481815814,-0.0155532039738369,-0.2049667745181623,0.2077276132283129,1.735476829
1763394252492395162,0.0159170435486075,0.2257522955094473,-0.2257492341364943,1.746056177
1763394252501927614,-0.0031194819220742,-0.050425806347889,0.0499513737160174,1.755588629
1763394252512686014,0.0026200443558775,0.0486444169867688,-0.0477389247819787,1.766347029
1763394252522814989,-0.0060399585981214,-0.1310902940186894,0.1276231631022909,1.776476004
1763394252531997203,-0.005577267664239,-0.1441892619013162,0.1392683723838842,1.785658218
1763394252541684627,0.0026639986343738,0.0827374951154618,-0.0792366948563433,1.795345642
1763394252551800489,0.0017780774354927,0.0703742584031635,-0.0669493889347149,1.805461504
1763394252562252759,0.0003047783530472,0.0154633298890931,-0.0146229399622352,1.815913774
1763394252572331428,0.0080827134040753,0.4933725784326247,-0.4635917211849253,1.825992443
1763394252582136392,0.0025047167248634,0.2049662434186429,-0.192146971928919,1.835797407
1763394252592437267,0.0030223972838081,0.3261793137770155,-0.3051316284342526,1.846098282
1763394252602496862,0.0025579489320033,0.3380699260107597,-0.3154218339772523,1.856157877
1763394252611842393,0.0010685227627587,0.1904915700640595,-0.1772099210728058,1.865503408
1763394252621875762,-7.160727278828025e-05,-0.0358109473205665,0.033192685062428,1.875536777
1763394252632352113,6.80175556982398e-05,-0.0230717739894042,0.0212629404609457,1.886013128
1763394252642098903,0.0016157817121801,-0.1858380862174362,0.1699781729830896,1.895759918
1763394252652831554,-0.0031642341563271,0.263899255864494,-0.2373256246982869,1.906492569
1763394252662198305,0.0212860114264658,-0.8469185474808486,0.7599478203197162,1.91585932
1763394252671914815,0.0191198746597817,-0.5645671284021688,0.5006541167843168,1.92557583
1763394252681913852,0.0212948237216869,-0.4847299901809488,0.4250712651240956,1.935574867
1763394252692556142,0.0378755557389527,-0.700064232002703,0.6061601040609406,1.946217157
1763394252702409982,0.0301087563667637,-0.4680670939500175,0.4002232246091167,1.956070997
1763394252712175369,0.0521154157027635,-0.7144063753237869,0.6036430550684283,1.965836384
1763394252722323179,0.058149042280177,-0.7156943301437574,0.5986341593789345,1.975984194
1763394252732223987,0.0496564398078931,-0.5661951836305177,0.4688192746618016,1.985885002
1763394252742345809,0.071631076912023,-0.7582834291584202,0.6231486229139834,1.996006824
1763394252752047300,0.1481622276321526,-1.2875179136441193,1.0656803189500572,2.005708315
1763394252761916160,0.0141480856293768,-0.1352176837821127,0.1097859280614715,2.015577175
1763394252772726297,0.03418471316059,-0.3315761366065161,0.2670550287065994,2.026387312
1763394252782459735,0.0856754702860672,-0.779481902502317,0.6286091604949647,2.03612075
1763394252791917562,0.0413873175905543,-0.3789156245015469,0.3047572153260648,2.045578577
1763394252801899433,0.0766492403639151,-0.7021243918157184,0.5643687878191052,2.055560448
1763394252811817646,0.0905438702275426,-0.8270368151920289,0.6668348468141182,2.065478661
1763394252821380853,0.0589668347926363,-0.5400826467106263,0.4349615245050357,2.075041868
1763394252831390142,0.0668648467440778,-0.6444617350960614,0.5192922504577886,2.085051157
1763394252841716051,0.0102433775406412,-0.1090655839645871,0.0874226792675429,2.095377066
1763394252852421998,0.1268186721611332,-1.2251081737620226,0.995623844115568,2.106083013
1763394252861529588,0.1285874080689109,-1.1290651295882193,0.93428264979262,2.115190603
1763394252872251987,-0.0178422043911857,0.1872061572951903,-0.1538586260838545,2.125913002
1763394252882248878,0.1244407968740911,-1.2141963194188474,1.0168472271730566,2.135909893
1763394252892543077,-0.0667986044392145,0.7963791282048188,-0.663408958305075,2.146204092
1763394252902515888,0.02007404790317,-0.2644006755035947,0.2228128326491986,2.156176903
1763394252912019729,0.0040912103512777,-0.0614214062326704,0.052376438266508,2.165680744
1763394252921736955,-0.0163141620846972,0.3053108928143008,-0.2633534560225523,2.17539797
1763394252931745767,0.0013673597253582,-0.0305691426392451,0.0267738527386394,2.185406782
1763394252942082643,-9.96572157362664e-05,0.0029128500098746,-0.0025836363662394,2.195743658
1763394252951980590,0.0032025495604211,-0.1296319887156927,0.1164757302293625,2.205641605
1763394252961680650,0.0017197333888368,-0.1099299494526947,0.0998922544450116,2.215341665
1763394252971575736,-0.0010706036451375,0.1631435076665109,-0.1496262275235002,2.225236751
1763394252982424736,9.910818982490372e-05,0.0694924852052198,-0.0643480269558106,2.236085751
1763394252991496801,0.0013542513485364,0.1474332173036216,-0.1377796261312614,2.245157816
1763394253001884698,0.0048494917836327,0.2727243713844719,-0.2571308054035286,2.255545713
1763394253012475967,0.0031192481362211,0.1243782835315189,-0.118385183720629,2.266136982
1763394253022468566,0.0067164495985975,0.2028504778294757,-0.1947165591783073,2.276129581
1763394253031510114,0.0103683860579836,0.2581788744716417,-0.250154927721618,2.285171129
1763394253041878700,0.0101205984255925,0.2142810091565348,-0.2093203351365251,2.295539715
1763394253051997661,0.0256153568942877,0.4714260002033189,-0.4633334839492661,2.305658676
1763394253061864376,0.0120557646081375,0.1992381158533273,-0.1972671537709135,2.315525391
1763394253072047472,0.0264506719418408,0.3987095684126724,-0.3972202702790648,2.325708487
1763394253082028865,0.0196400809354254,0.2745364552290512,-0.2751628013049445,2.33568988
1763394253092367172,0.0227125304058177,0.2959322743939837,-0.2978474469677989,2.346028187
1763394253102132797,0.0320026010013084,0.3969236051852733,-0.4010037345023642,2.355793812
1763394253111955881,0.0207422162461002,0.2489013957263735,-0.2523824343486298,2.365616896
1763394253121910572,0.0189175395557558,0.2204620520593214,-0.2240142157347206,2.375571587
1763394253132455825,0.021312502091182,0.2451415651847066,-0.2496593898545999,2.38611684
1763394253142406702,0.020133619364453,0.2302092895231383,-0.234653148299046,2.396067717
1763394253151918411,0.0147598371501987,0.168070314253707,-0.1712118710061821,2.405579426
1763394253162452697,0.0157817044466163,0.1803420995811427,-0.1835120777551611,2.416113712
1763394253171998739,0.0303780937631593,0.3512842393796412,-0.3569858857814639,2.425659754
1763394253182605743,0.0360534271439588,0.4228112000387091,-0.4289733688355294,2.436266758
1763394253192788124,0.0343818623165602,0.4094004529775301,-0.4148177727100372,2.446449139
1763394253202010154,0.0296915215974974,0.3581965046568565,-0.3625318787034005,2.455671169
1763394253212486505,0.0342830254511434,0.4206324797130654,-0.425488760746916,2.46614752
1763394253222403526,0.0319490132018408,0.3979760224998064,-0.401926467069584,2.476064541
1763394253232390165,0.0257315371602628,0.3278112177416141,-0.3303792084039868,2.48605118
1763394253242797136,0.028989589823102,0.3823956599777216,-0.3843526383359877,2.496458151
1763394253252627849,0.014399854505304,0.2003846102292109,-0.2007986923544362,2.506288864
1763394253262109756,0.0512344539413654,0.701499072694267,-0.6933861943354268,2.515770771
1763394253272614717,-0.0121404802737253,-0.1949446877861116,0.1932483376399293,2.526275732
1763394253281949043,0.0006128701008641,0.0110091743925231,-0.0108378874190838,2.535610058
1763394253291806459,-0.0050169090624486,-0.1041535662870493,0.1017240459823745,2.545467474
1763394253302104234,-0.0044652666128028,-0.112349512052645,0.10866188299055,2.555765249
1763394253312198877,-0.0015094835670099,-0.049971748959715,0.0478163041278555,2.565859892
1763394253322040319,-0.0025701919856466,-0.1283323866180831,0.1215148375029701,2.575701334
1763394253331922292,-0.002524776476045,-0.2336605462574471,0.2187374888556494,2.585583307
1763394253342201232,-0.0004954215622563,-0.3240182930331527,0.3000878893092848,2.595862247
1763394253351913452,0.0031889626603,-0.4116086700198905,0.3771712713320311,2.605574467
1763394253362318992,0.0055656727585311,-0.3303166574735757,0.299326282232519,2.615980007
1763394253371464014,0.0143039798107738,-0.5582521380593968,0.500527777762976,2.625125029
1763394253382040977,0.0207020151294953,-0.6065778381267131,0.5383344120819297,2.635701992
1763394253392248392,0.0163661347847884,-0.3863502002312332,0.3397151868001786,2.645909407
1763394253401828527,0.0246597710773259,-0.5020339491869295,0.4373092548129941,2.655489542
1763394253411639690,0.0280312258049868,-0.5007088812316587,0.4326468425622561,2.665300705
1763394253422283172,0.026105676822035,-0.4310554256867185,0.3696708709428149,2.675944187
1763394253431818962,0.0470264948914458,-0.7113919015226335,0.607580186420393,2.685479977
1763394253441770792,0.0216827754048069,-0.316793167608092,0.2688461527229804,2.695431807
1763394253451564073,0.0983706950275695,-1.1943354983917565,1.0208145094366794,2.705225088
1763394253461533069,0.0012349405654269,-0.0166752418057159,0.0140833567327687,2.715194084
1763394253471625328,0.0384858384906887,-0.511499372340933,0.4312968903286951,2.725286343
1763394253482326507,0.0201955471817795,-0.2740638202872574,0.2307962107196199,2.735987522
1763394253492536544,0.0311412819581104,-0.4197176131493536,0.3542963465573978,2.746197559
1763394253502690076,0.0083340205293236,-0.1271171753035824,0.1071503621948915,2.756351091
1763394253512497901,0.0429279252795926,-0.6165598100777204,0.524026019796616,2.766158916
1763394253522696733,0.0290067282851502,-0.4349637816066591,0.3713943720002451,2.776357748
1763394253531901121,0.0096709228195674,-0.1555844115493359,0.1332204788581545,2.785562136
1763394253541960000,0.0331846621004224,-0.5601019058253863,0.4823108736657784,2.795621015
1763394253551971435,0.019085712080575,-0.3444494402936153,0.2978756046516993,2.80563245
1763394253562192678,0.0053672510100246,-0.1059370939585259,0.0921332267767767,2.815853693
1763394253572093009,0.0180280054049561,-0.3925274574596758,0.343307162461745,2.825754024
1763394253581766605,0.0094696283940378,-0.2297744531186078,0.2023606379196463,2.83542762
1763394253592704057,0.0064299627809065,-0.1829853656387063,0.1621541703932253,2.846365072
1763394253601380109,0.0073874631998954,-0.2513257722709378,0.2242841164564971,2.855041124
1763394253612051963,0.0056094000501581,-0.2400074223684754,0.2158267064141528,2.865712978
1763394253622134923,0.0007020123112323,-0.0406655353475469,0.0368572578868243,2.875795938
1763394253631920099,0.0004622230798609,-0.0474233303328375,0.0433179059901496,2.885581114
1763394253642013549,0.000170832492371,-0.0675176416704884,0.0622242826437773,2.895674564
1763394253651884317,0.0003939818888644,0.0672945939394065,-0.0626176616812636,2.905545332
1763394253662755250,0.00176237082528,0.1216046083808527,-0.114314480288081,2.916416265
1763394253672067403,0.0048182899306832,0.2074056677918616,-0.1970695620024869,2.925728418
1763394253681588649,0.0097008254535892,0.2905981872229511,-0.2789820581229456,2.935249664
1763394253692908763,0.0143944024524956,0.3308693630443237,-0.3211723197842605,2.946569778
1763394253703275918,0.0212585685239822,0.3960041854412914,-0.3888385889894428,2.956936933
1763394253712137699,0.0288574580819895,0.4529941897279299,-0.4501639978008082,2.965798714
1763394253722358942,0.0289509630397383,0.3915602112759703,-0.3932873844152643,2.976019957
1763394253731799840,0.0387143598913502,0.4630970832788925,-0.4697647097853539,2.985460855
1763394253741867542,-0.0096587836455834,-0.1145524556703954,0.1183493495385,2.995528557
1763394253751881837,0.0993636224549868,0.9819124371134657,-1.013524218574934,3.005542852
1763394253762957096,0.0502988075001113,0.462868559700362,-0.4812079451511424,3.016618111
1763394253772067308,0.0710773484903295,0.621037526500547,-0.6498699219702526,3.025728323
1763394253781939744,0.0617924578327766,0.5162087261972245,-0.5442560264756515,3.035600759
1763394253792094945,0.0967108180597482,0.7452090996849569,-0.7862576681081273,3.04575596
1763394253802448749,0.0592315935703678,0.4732892143646428,-0.5076371061092272,3.056109764
1763394253811777591,0.0354586043693186,0.2833314789088712,-0.3038936186535075,3.065438606
1763394253827949762,0.0787997627809377,0.6050048550985511,-0.6455227962428248,3.081610777
1763394253832222223,0.047351137961811,0.3723111205881403,-0.3951249199226355,3.085883238
1763394253841917753,0.0191640001584716,0.1506821310124854,-0.1599153548140805,3.095578768
1763394253852155685,0.0822678579887792,0.6417542203919854,-0.6749786383389332,3.1058167
1763394253863008737,-0.0414990288027882,-0.354465386814559,0.3733701947510329,3.116669752
1763394253873040676,0.0158439567421167,0.1449121219108503,-0.1505348638258655,3.126701691
1763394253881964206,-0.000141334269437,-0.0012926726079979,0.0013428296573843,3.135625221
1763394253892181396,-0.0038604155536766,-0.0376726432263351,0.0389192884246439,3.145842411
1763394253902869462,0.0224849317547413,0.2344705748554819,-0.240863334184004,3.156530477
1763394253912497520,0.0197814781493713,0.2185618431712496,-0.2233842481916688,3.166158535
1763394253922007322,0.0262791139970171,0.3043267999976161,-0.3093642614016249,3.175668337
1763394253931451559,0.0203889866680044,0.2470398073800317,-0.2501425332268909,3.185112574
1763394253941413640,0.0287351156606933,0.3600803300675417,-0.3633165526762528,3.195074655
1763394253951984882,0.0253391527973619,0.3295606653305624,-0.3315016765159357,3.205645897
1763394253962071657,0.0084307692233181,0.1141714774280169,-0.1144550482707958,3.215732672
1763394253971972942,0.0317465314647121,0.4515094891522788,-0.4511864868318886,3.225633957
1763394253982555627,0.0152959454653188,0.2291846100086051,-0.2282596778197128,3.236216642
1763394253991463184,0.0209950248870077,0.3320521565558761,-0.3293937961715128,3.245124199
1763394254002394914,0.0168673641978778,0.3065600417207537,-0.3015417924799593,3.256055929
1763394254011670112,0.0093970852703569,0.1707896277532528,-0.1679938787867615,3.265331127
1763394254022244215,0.011546030909768,0.2575219475646301,-0.2504588877536613,3.27590523
1763394254032154798,0.0070604007917886,0.1574747354045331,-0.1531556725619396,3.285815813
1763394254041801214,0.0042100121701234,0.1095551008844919,-0.1057936026685515,3.295462229
1763394254051588296,0.0017708411219625,0.056420784032661,-0.0540488760469283,3.305249311
1763394254061586380,-0.0060822285905523,-0.2661933662758292,0.2528228270918627,3.315247395
1763394254072187662,-0.0021677403132935,-0.1478846023108007,0.1389258978624238,3.325848677
1763394254082203626,-0.0014556577383619,-0.2831955897613015,0.2631897370391959,3.335864641
1763394254092589616,0.0017974593899588,-0.3497625630571681,0.3213217968848078,3.346250631
1763394254102352142,0.0057831215311571,-0.3778130192382559,0.3429445933287595,3.356013157
1763394254112522125,0.0146168907839504,-0.5817968039295465,0.5219644190898506,3.36618314
1763394254122157573,0.0161196365314936,-0.4685076367237016,0.415166300241972,3.375818588
1763394254132057666,0.0208517170982898,-0.4739665902800907,0.4152974780978379,3.385718681
1763394254141479730,0.0330297265984436,-0.6248722294994674,0.5417894862049137,3.395140745
1763394254151784181,0.0342404607622315,-0.5706386654093892,0.4894583393830495,3.405445196
1763394254162251234,0.0423693439798068,-0.6212223421729997,0.5289281252249206,3.415912249
1763394254172010660,0.0505684613771514,-0.6831884028465611,0.57711809919675,3.425671675
1763394254182035923,0.053171032119488,-0.6803142883242328,0.5706039922529175,3.435696938
1763394254191897869,0.0112270799075184,-0.1482496633672325,0.1227971337975136,3.445558884
1763394254201768636,0.1067407999082792,-1.1754809930122307,0.9780385731434416,3.455429651
1763394254211820840,0.0543356378532076,-0.6008592032468166,0.4978831890526534,3.465481855
1763394254222350358,0.0492743510778123,-0.5533331074776284,0.4566334936180796,3.476011373
1763394254231981515,0.0652712004773754,-0.7073972464468444,0.5839331774354458,3.48564253
1763394254242250919,0.0153207199963282,-0.1723525325114325,0.1417509683392946,3.495911934
1763394254252569437,0.0532479614941528,-0.5924014789043496,0.4905287028494183,3.506230452
1763394254262889385,0.0281800014686245,-0.3407420315476743,0.2820670080904161,3.5165504
1763394254272874832,0.0377856403715342,-0.4530038116622292,0.3781354647894775,3.526535847
1763394254282356262,0.0305030244017281,-0.3874674609909416,0.3256509746891111,3.536017277
1763394254292709827,-0.007707725433823,0.1206377403084009,-0.101088337230514,3.546370842
1763394254302507638,0.0482287920256385,-0.703062835203176,0.5986286488493359,3.556168653
1763394254312031030,0.0465594971835691,-0.6652290352774454,0.574441963936437,3.565692045
1763394254321761369,-0.0133176615247683,0.2399080252020248,-0.2075271845677985,3.575422384
1763394254331742286,0.0181196442873989,-0.3740369832250653,0.3262304469361027,3.585403301
1763394254341415643,-0.0002466757338871,0.0058352287141396,-0.0051347915163144,3.595076658
1763394254351757764,-0.0019680136634613,0.0581377809969742,-0.0516258441683155,3.605418779
1763394254361754179,0.0048992129570949,-0.1912749051398552,0.1716231686748791,3.615415194
1763394254371775627,-0.0004497499765012,0.025514149509393,-0.0231148681652915,3.625436642
1763394254382059097,0.0003619802611614,-0.0407751551792048,0.0372794958711955,3.635720112
1763394254391822814,0.0003043502428046,-0.1465274453846014,0.1352782939015471,3.645483829
1763394254402317285,7.649181720215138e-05,0.0126017131229155,-0.0117275119801795,3.6559783
1763394254411646604,-0.0012894996678378,-0.0989553818679886,0.092901245782416,3.665307619
1763394254422030925,0.0008830489608064,0.0438047594681313,-0.0414967012693174,3.67569194
1763394254431497573,0.0045697369654859,0.1628757924856395,-0.1555880358725535,3.685158588
1763394254442386388,0.0051419718495741,0.1430228090141368,-0.1378373400962046,3.696047403
1763394254451703071,0.0145447777922147,0.3258049073765585,-0.3168151691525883,3.705364086
1763394254462494373,0.0167748903951866,0.3132971843084811,-0.3075728763649822,3.716155388
1763394254471690893,0.0186644505158344,0.2995661603523562,-0.2972650564530925,3.725351908
1763394254481901884,0.0345766589274594,0.4842516115303106,-0.4852729462940377,3.735562899
1763394254491562843,0.0373478064194999,0.4612245741688856,-0.4663778692029075,3.745223858
1763394254502801179,0.0790341210876775,0.7731521545920466,-0.7925236294464216,3.756462194
1763394254511951684,0.080958996913781,0.7919822734292394,-0.8118255405063913,3.765612699
1763394254522418498,0.0088053090606501,0.0846675470805466,-0.087983273537297,3.776079513
1763394254531518936,0.0589828972636911,0.5155778973395846,-0.5373602895566642,3.785179951
1763394254541829347,0.0115844637174883,0.1008767020571737,-0.1061396985078385,3.795490362
1763394254551843881,0.0272831443750645,0.2309588995192062,-0.2434929017349039,3.805504896
1763394254562396764,-0.0253779446983364,-0.225534618763392,0.2398038463994667,3.816057779
1763394254572025299,0.0656009880660302,0.5600489218994662,-0.5927383245346524,3.825686314
1763394254581890344,0.0606905121115577,0.5069794366291134,-0.5349754082860037,3.835551359
1763394254592322349,0.0433013102667271,0.3653713952784893,-0.3861179427598777,3.845983364
1763394254602820873,0.0610375134471312,0.5103020629502284,-0.5394507550258212,3.856481888
1763394254611993789,0.0433159270871057,0.3602088362490044,-0.3815004637992225,3.865654804
1763394254622414112,0.0458719104740622,0.3715144105091848,-0.3923325811019162,3.876075127
1763394254632190942,0.0250291528796064,0.2027099129186934,-0.2140689596436784,3.885851957
1763394254642099857,0.0258390084622744,0.2162737268402623,-0.2287268244903588,3.895760872
1763394254651877164,0.0449469113474502,0.3827892275001252,-0.4034955092127535,3.905538179
1763394254662084579,0.0519240518002478,0.4447192843318662,-0.4661291888068241,3.915745594
1763394254671964645,0.0143113554258633,0.1292690414499415,-0.1354397822773974,3.92562566
1763394254683125019,0.0741129050569997,0.6639255339566656,-0.6896394360329984,3.936786034
1763394254692980766,0.0062423273066221,0.0592343093282963,-0.0614109502062189,3.946641781
1763394254702774286,0.0352406258015458,0.3506116056016288,-0.3618305706647456,3.956435301
1763394254712570667,0.0107274406721293,0.1122557006396422,-0.1152585058900187,3.966231682
1763394254722242355,0.001786866110617,0.0205861289258004,-0.0210825412285624,3.97590337
1763394254731894493,0.0345464614213424,0.4105544674913252,-0.4161121354491934,3.985555508
1763394254741849899,0.0208408254733774,0.2670487101422336,-0.2689825483401555,3.995510914
1763394254751957654,0.0304167844892362,0.4248978541464461,-0.4252204021233893,4.005618669
1763394254761874198,0.013721309968041,0.208313788017936,-0.2072575495186728,4.015535213
1763394254772751331,0.0163051834571606,0.2685502596751744,-0.2654923631483304,4.026412346
1763394254782529592,0.0093984702453898,0.1720325286292354,-0.1690968332805165,4.036190607
1763394254791628122,-0.0022733927050781,-0.0476915834275873,0.0465576828550913,4.045289137
1763394254801621913,0.0066580905871176,0.1634811700984053,-0.1582028342668225,4.055282928
1763394254812659263,0.0156169700794901,0.4134456232116459,-0.3932582976960758,4.066320278
1763394254822020053,-0.0171392884115075,-0.7378835943124917,0.7007038697884707,4.075681068
1763394254832103729,-0.0015872233247265,-0.1126275674113804,0.105752115226604,4.085764744
1763394254841289043,-0.0021505732002354,-0.515947536946984,0.4790692535053565,4.094950058
1763394254851885795,0.0028870149721095,-0.4261276283835564,0.3906697873731906,4.10554681
1763394254861758470,0.0071444242735509,-0.3950951876137554,0.3576021233403756,4.115419485
1763394254872181415,0.011372183735501,-0.4090394483548481,0.3653816723803421,4.12584243
1763394254882426977,0.0186255072484802,-0.4989637270520403,0.4407281673948584,4.136087992
1763394254891891241,0.0198041453879701,-0.4324636175004893,0.3779853770854605,4.145552256
1763394254901527881,0.0304298977738044,-0.5659304790810123,0.4901905356715691,4.155188896
1763394254911980628,0.0347355019005761,-0.5762108946769262,0.4947761042514939,4.165641643
1763394254922494649,0.0413374979200755,-0.6138637557528629,0.5235407090560844,4.176155664
1763394254932268381,0.0564975028400738,-0.7835472565206064,0.6632998434056206,4.185929396
1763394254941876649,0.0486910050620277,-0.6113065421831938,0.5165384506264683,4.195537664
1763394254952266931,0.041978110029622,-0.5126959313085011,0.4301375030348198,4.205927946
1763394254962042093,0.0472417015826864,-0.5643506434919748,0.4713007002388055,4.215703108
1763394254971495866,0.0096689046862793,-0.1245165728922628,0.1031125161075164,4.225156881
1763394254982051372,0.0671212385558577,-0.7892637822531889,0.656887013668968,4.235712387
1763394254992663621,0.0030542001471885,-0.0402447153216681,0.033310801259193,4.246324636
1763394255001914739,0.0635406582637489,-0.7619502924830408,0.6366589789945888,4.255575754
1763394255012133598,0.0338476698903491,-0.4336606438988556,0.3623796775446181,4.265794613
1763394255021381378,0.0560009088278808,-0.7082478784752244,0.5944299254694978,4.275042393
1763394255031953334,0.0293064158239345,-0.382866406898989,0.3226340133087327,4.285614349
1763394255041629552,0.0354117160661591,-0.485021957882008,0.4100814986486772,4.295290567
1763394255051845073,0.0146608716998814,-0.2107598933758918,0.1791090387707795,4.305506088
1763394255062224388,0.013391736498239,-0.2075921108963947,0.1774817357628075,4.315885403
1763394255072090625,0.0079120903851177,-0.1353643461748803,0.1165583858823344,4.32575164
1763394255081895351,0.0097396228055789,-0.1874665748186832,0.162771115825606,4.335556366
1763394255091792583,0.0045649209087595,-0.1021221552840461,0.0894490786724288,4.345453598
1763394255102978467,0.0060156642003873,-0.1620536505454429,0.1432727095382548,4.356639482
1763394255112176656,0.0034991250177261,-0.1182405887541157,0.1055177670529392,4.365837671
1763394255122425556,0.0021346019729775,-0.0987393866335416,0.0889022988469048,4.376086571
1763394255131818771,0.0016027187357058,-0.1070799896102061,0.0973539300102831,4.385479786
1763394255141796827,-0.0002432226179714,0.0341729389514464,-0.031325620288887,4.395457842
1763394255152230501,-5.496846087612853e-06,-0.0512732587646681,0.0474212931462535,4.405891516
1763394255162184715,0.0005335058199513,0.0692971086116016,-0.0646267682314257,4.41584573
1763394255171873331,0.0004525090947988,0.0292868818955204,-0.0275487960574999,4.425534346
1763394255182040214,-0.0009329601611096,-0.0409378247950316,0.0388533110287529,4.435701229
1763394255191554307,0.0030371084109802,0.0973199253924987,-0.0932062543818,4.445215322
1763394255201471567,0.0075508760652254,0.1957463064676758,-0.1892282922157962,4.455132582
1763394255211615324,0.0098306907010944,0.2104032109281872,-0.2052674809299349,4.465276339
1763394255221883058,0.0240769734192883,0.4338267599231384,-0.4269020981842714,4.475544073
1763394255231638431,0.0294047248528337,0.4596777005036852,-0.4570791485169639,4.485299446
1763394255241970777,0.0306769460650518,0.419035844786105,-0.4206554051331728,4.495631792
1763394255251973867,0.0426147221339235,0.5175588495638441,-0.5244354045979821,4.505634882
1763394255262006282,0.0354431847086147,0.3879641212689144,-0.3965286858582129,4.515667297
1763394255271982192,0.0695348321909307,0.6711008284619598,-0.6886476204568075,4.525643207
1763394255282233953,-0.0007300008264752,-0.007038827724,0.0073267303052493,4.535894968
1763394255292156457,0.073194643520011,0.6391119504033955,-0.6659456841389692,4.545817472
1763394255302289009,0.0383928605491789,0.3314510645596221,-0.348097569095573,4.555950024
1763394255311890125,0.01572534318443,0.1345131438455691,-0.1420378628708161,4.56555114
1763394255322221994,0.0228817456414186,0.195817077218771,-0.2077371783710513,4.575883009
1763394255331547975,0.0507126960575779,0.4231421915842636,-0.4488799911918472,4.58520899
1763394255341599702,0.0777128510497938,0.6307727378735218,-0.6678540429917601,4.595260717
1763394255352191925,0.0628563224384378,0.5058029368221092,-0.5355145581891425,4.60585294
1763394255362072467,0.1197734579116282,0.9150334947310318,-0.9630501034012048,4.615733482
1763394255372551918,-0.0516850193708262,-0.4292559756105067,0.4563471058696832,4.626212933
1763394255382048845,0.0893074890574993,0.7166295899234706,-0.7575229638161484,4.63570986
1763394255392327070,0.0203118301876482,0.1672861442292197,-0.1766864828148927,4.645988085
1763394255401973485,-0.0418960277366326,-0.378038139358082,0.4004653477379071,4.6556345
1763394255412579536,0.1112593392917196,0.968778123627692,-1.0107285037223808,4.666240551
1763394255422405004,0.0212376862810676,0.1932777420269782,-0.2007699686871596,4.676066019
1763394255431752920,0.0194747043566959,0.1875229485544373,-0.193557294019391,4.685413935
1763394255442048311,0.0626630178061729,0.6051768645278797,-0.6189917775429437,4.695709326
1763394255451926469,-0.0371970221848761,-0.4015592679355974,0.4110078100725327,4.705587484
1763394255461722612,0.0079981363816677,0.0925019912083245,-0.0940531743452701,4.715383627
1763394255472086668,0.0038184070812929,0.0478161936804706,-0.0482661552377516,4.725747683
1763394255482572078,0.0044289272609118,0.0612195475185714,-0.061313520156638,4.736233093
1763394255491607189,0.0049936043280159,0.0764894943581776,-0.0760077202242117,4.745268204
1763394255502321243,0.0222935864837069,0.3752558411304504,-0.3703286983146385,4.755982258
1763394255512758970,0.0112803295399152,0.2084234074740364,-0.2047151424944047,4.766419985
1763394255521786212,0.0233938862827012,0.4653781315242442,-0.4549013146340092,4.775447227
1763394255531926155,0.0119069338010251,0.256464946058464,-0.2500823669041325,4.78558717
1763394255541748285,0.0107605306444387,0.2479367477484786,-0.2407830630090686,4.7954093
1763394255552320718,0.0046724255215564,0.118409707548595,-0.114528797062399,4.805981733
1763394255562098264,-0.0016610823907501,-0.0476127594539135,0.0457736730177234,4.815759279
1763394255572405099,0.0042774582911916,0.1500075476689505,-0.1433184076281277,4.826066114
1763394255582372188,-0.0055849511174962,-0.2724162918281952,0.2583019126133626,4.836033203
1763394255591991901,-0.0019381591420842,-0.1517033868588596,0.1423584236987961,4.845652916
1763394255601936101,-0.000996654322973,-0.2166890806784436,0.2011508757424268,4.855597116
1763394255612278699,0.0017588785128468,-0.3443372116304885,0.316273255327567,4.865939714
1763394255622874975,0.0060365101042226,-0.4116047091521796,0.3739639708588901,4.87653599
1763394255632327318,0.0133665456143934,-0.560268915704449,0.5034901167494924,4.885988333
1763394255642236471,0.0182622316326817,-0.547260125130411,0.4865767802632914,4.895897486
1763394255652521371,0.018556154673611,-0.4376475957232493,0.3850272456537021,4.906182386
1763394255662146329,0.0299365916645757,-0.5962079735473466,0.5189380752460457,4.915807344
1763394255671813726,0.0272331092949067,-0.4707188551599879,0.4058221331512861,4.925474741
1763394255682438850,0.0546014886146201,-0.8470100377401825,0.7241020498486705,4.936099865
1763394255692113637,0.031477134745107,-0.4490047929884,0.3808116420444376,4.945774652
1763394255701888322,0.0852819477987938,-1.0659541019700602,0.9039868512470698,4.955549337
1763394255712854623,0.0043677024200623,-0.0556157417370629,0.0465721838964413,4.966515638
1763394255722488164,0.0680461186635595,-0.82485045425249,0.6894428023358284,4.976149179
1763394255732615709,0.0440810418970533,-0.5236329147695366,0.4363284934067921,4.986276724
1763394255742270708,0.0349639777966758,-0.4122961958649719,0.3432808161668356,4.995931723
1763394255752581596,0.0511323526121238,-0.606257571235846,0.5051798749455243,5.006242611
1763394255762101411,0.0285342119139806,-0.342522706314465,0.2858726866459004,5.015762426
1763394255772346258,0.0271413778677607,-0.3489048368677583,0.2909537085774034,5.026007273
1763394255782026052,0.0515578244164002,-0.6514654270409304,0.5471341204983761,5.035687067
1763394255792431592,0.0199382573272001,-0.2657580843414744,0.2242139278187311,5.046092607
1763394255802270174,0.0109594255296417,-0.1671786604312669,0.141119530791782,5.055931189
1763394255812634468,0.0504190266191765,-0.7425381242018567,0.6343101310480382,5.066295483
1763394255821665287,0.0015497156184771,-0.0255142496325048,0.0218763215364512,5.075326302
1763394255832185029,0.0235504969980682,-0.4233665227868328,0.3660693893508278,5.085846044
1763394255841839551,0.0118699025422945,-0.2418719379729161,0.2106449410890798,5.095500566
1763394255851881742,-0.0020541475408699,0.0479710362010636,-0.042156679376703,5.105542757
1763394255862350940,0.0026070061569894,-0.0759635678311186,0.0672936364644128,5.116011955
1763394255872053146,0.0030969385018057,-0.1140993457444549,0.1020728192838826,5.125714161
1763394255881815433,-0.0016672081925958,0.0892489691953769,-0.0806687896827688,5.135476448
1763394255892317533,-0.0001251886511867,0.012833954485201,-0.0117226919148596,5.145978548
1763394255902120113,-0.0001044188579745,0.0614483663343609,-0.0567203536365612,5.155781128
1763394255912764787,0.0014171470693394,0.1968504243622366,-0.183499053989878,5.166425802
1763394255922363281,0.0015780717424811,0.0976256396621914,-0.0918511981577192,5.176024296
1763394255931952238,3.169406336511202e-05,0.0013348818957032,-0.0012682893042252,5.185613253
1763394255942150831,0.0201156665185027,0.5330266565949648,-0.5064287328477141,5.195811846
1763394255952036142,-0.0150722564577904,-0.3832884259150392,0.3707287599759984,5.205697157
1763394255962336301,0.0102516818940214,0.220800293679703,-0.2152581299882263,5.215997316
1763394255971999406,0.0110110601046248,0.2054524406374271,-0.2016704918549494,5.225660421
1763394255983007192,0.0046772659822989,0.0781449634058721,-0.0772722677128188,5.236668207
1763394255992097616,0.0218253696760082,0.3314506422680095,-0.3300434446419884,5.245758631
1763394256001963376,0.0234186079653336,0.3229186978053447,-0.323957020368501,5.255624391
1763394256011845111,0.021689320894364,0.272570897080099,-0.2752744153356444,5.265506126
1763394256022228479,0.025700838122528,0.299931566697843,-0.3052839752815074,5.275889494
1763394256032633543,0.0284914000163462,0.3197536824615579,-0.3289488271012146,5.286294558
1763394256042219877,0.0760456971779436,0.7440222644276844,-0.7648235343552372,5.295880892
1763394256052133083,0.0299149411725792,0.2846776406671278,-0.2954180541202905,5.305794098
1763394256062175273,0.0830469554625698,0.7226523011793298,-0.7511351873391614,5.315836288
1763394256072360515,0.0041633573127255,0.0369092379066687,-0.0388702526476334,5.32602153
1763394256082162141,0.0125573255342004,0.1091716070198313,-0.1156791431879381,5.335823156
1763394256092475652,0.1268055578981426,0.9942599285830662,-1.0464986757227035,5.346136667
1763394256102516412,0.0580604814755884,0.4430916146295638,-0.4660804388695648,5.356177427
1763394256111747980,0.048178181684213,0.372854415821473,-0.3932365037546194,5.365408995
1763394256121834516,0.0619720268285938,0.4716886288834027,-0.4967239019649204,5.375495531
1763394256132328748,-0.0467293870234885,-0.3773818275094475,0.4001621862316535,5.385989763
1763394256142319440,0.0252222796411474,0.2102377468504747,-0.2226421326741965,5.395980455
1763394256151998519,0.0130285574265709,0.1109894604664096,-0.1170465862388401,5.405659534
1763394256162602663,0.0650223693062166,0.560260357716512,-0.5859041146044135,5.416263678
1763394256171844244,0.0632336120269861,0.5522059919866548,-0.5731495350715973,5.425505259
1763394256182117938,-0.0155004245468585,-0.1476864721525249,0.1536838458020817,5.435778953
1763394256191811800,0.0382999678314391,0.3777908281082832,-0.3922733505429192,5.445472815
1763394256202642917,0.0263111184755135,0.2627003693270169,-0.271451285594097,5.456303932
1763394256212960720,0.0117320666524116,0.1250167143716989,-0.1289876540803656,5.466621735
1763394256222440958,0.0327849330580915,0.3554485258872892,-0.3635125017707525,5.476101973
1763394256232299566,0.0196836719499531,0.2247541814106934,-0.2287720244568933,5.485960581
1763394256242874622,0.0094091383333545,0.113687842462837,-0.1150622054408789,5.496535637
1763394256252953290,0.0266578870779997,0.3420144053304076,-0.3443594422512422,5.506614305
1763394256261781215,0.0080394753960792,0.1109478167668201,-0.1111516563442292,5.51544223
1763394256271771192,0.0178048812882341,0.2656706039455655,-0.2648080423537299,5.525432207
1763394256282164335,0.0168622564705446,0.269738037384372,-0.2672907588220755,5.53582535
1763394256292078256,0.0085174107155844,0.1483902446339746,-0.146255454329709,5.545739271
1763394256302265405,0.0186686795990297,0.3571477582976268,-0.3499782025392526,5.55592642
1763394256312025785,-0.001211326798855,-0.0260123502791873,0.025367735870674,5.5656868
1763394256322372674,0.005996541801412,0.1448546544993634,-0.1402346092950055,5.576033689
1763394256332044124,-0.0012487474459771,-0.0358738285695522,0.0344966653368675,5.585705139
1763394256342788934,0.0023075455183357,0.0832689006774698,-0.0794633520921578,5.596449949
1763394256352530956,-0.0016070644298749,-0.0818042767890542,0.0774254919536308,5.606191971
1763394256362151145,-0.0020467497018483,-0.174858391008997,0.1638783542957723,5.61581216
1763394256371909856,-0.0007551569140977,-0.2056902016703479,0.19084204783104,5.625570871
1763394256382048368,0.0015566231887582,-0.296461651045188,0.2721985122597339,5.635709383
1763394256392088174,0.0100403604005851,-0.4275001929102902,0.3842006060517441,5.645749189
1763394256401930809,0.0105356597810166,-0.4485891351628498,0.4031535434510587,5.655591824
1763394256412060022,0.0174457595800274,-0.5288221431775236,0.4702684694840409,5.665721037
1763394256422235488,0.0213697270875141,-0.5085726609169278,0.4474377190042763,5.675896503
1763394256432214736,0.0301216901265141,-0.5993020112166543,0.5217745780817632,5.685875751
1763394256442434072,0.0300769890466109,-0.5209743926886359,0.4490321280507475,5.696095087
1763394256452315330,0.0520874145484619,-0.8017974934462268,0.6852040289565869,5.705976345
1763394256462500572,0.0241269127338161,-0.3671500174182289,0.3098536121535857,5.716161587
1763394256471742153,0.0844396914284466,-1.0571221968589712,0.8935911692698215,5.725403168
1763394256482321977,0.0255680297382175,-0.3287440959204999,0.2747651771203638,5.735982992
1763394256492058038,0.0322269345161034,-0.4235571289462275,0.3509391698138761,5.745719053
1763394256502323389,0.0783929074346448,-0.9122814825072364,0.7581555497615361,5.755984404
1763394256512345790,-0.006213610190249,0.0836692159575883,-0.0687094099111593,5.766006805
1763394256521987438,0.1368947156127923,-1.5275083631978674,1.2729369808845064,5.775648453
1763394256531953811,0.0575043593818904,-0.6264052378564487,0.5231983172600468,5.785614826
1763394256542219161,0.0171384344705291,-0.2015660687823673,0.1678725510490831,5.795880176
1763394256552299261,0.102610129409925,-1.077600753445518,0.91023489146599,5.805960276
1763394256562339782,-0.0372343270799936,0.4701619508065434,-0.3935942845149739,5.816000797
1763394256572413206,0.0240752284981039,-0.3236104481493355,0.2732716021750864,5.826074221
1763394256581807374,0.0068725384334775,-0.1018390231516086,0.0867515632522545,5.835468389
1763394256592570304,-0.0007601515039333,0.0127090457305451,-0.0109241829335143,5.846231319
1763394256602170944,0.0093402729514113,-0.1808295074301997,0.1571502318993602,5.855831959
1763394256611952781,0.0069350805026374,-0.1582530473150926,0.1389416486055677,5.865613796
1763394256622243165,0.0054751554560281,-0.1556021224674146,0.137822368706649,5.87590418
1763394256631856441,0.002762505145688,-0.0986668068998051,0.088227241853043,5.885517456
1763394256642500877,0.0023548445642931,-0.1141068993673934,0.1029189614035533,5.896161892
1763394256652432441,0.0013389057450234,-0.0967872281225149,0.0880596210655857,5.906093456
1763394256661672353,8.860018890955418e-05,-0.0129864629740728,0.0119122546560776,5.915333368
1763394256671463489,-2.534717043357788e-07,0.0029292975747009,-0.0027086673073617,5.925124504
1763394256681307315,-0.0001565569885354,-0.0229743419014282,0.0214035608058902,5.93496833
1763394256692145824,-0.0028376353545272,-0.2134325063039746,0.2003339534080199,5.945806839
1763394256702037334,0.0011132443144416,0.0568497379850331,-0.0537903856695437,5.955698349
1763394256711899280,0.0039062044275403,0.1494050522354191,-0.1422770290081207,5.965560295
1763394256722324132,-0.0039707273712798,-0.122004640814567,0.1170283003145971,5.975985147
1763394256732158422,0.0028149262328652,0.0724802365063733,-0.0700628002650672,5.985819437
1763394256741812467,0.0048424550198333,0.1052687113319681,-0.1026027142017949,5.995473482
1763394256751942396,0.0242459590712581,0.4522951646272887,-0.443983756567895,6.005603411
1763394256761617898,0.0126011880595347,0.2067681493953423,-0.2048786779956452,6.015278913
1763394256771187543,0.0228878141626093,0.3310321998346121,-0.3308210178088255,6.024848558
1763394256782154798,0.0348859483632104,0.4462337920195786,-0.4498093146138313,6.035815813
1763394256791525840,0.0215883846324702,0.2520639702579843,-0.256644501942366,6.045186855
1763394256802358865,0.0113461870441902,0.1286305121324677,-0.1327869275245962,6.05601988
1763394256812180280,0.1014927202537316,0.98606781726014,-1.0181785115935078,6.065841295
1763394256822472810,0.0507060792687298,0.4524425980333693,-0.4700805179339235,6.076133825
1763394256832349777,0.0137632097628307,0.1246320363615718,-0.1313851632873008,6.086010792
1763394256842718601,0.0751229129250058,0.6285236139387879,-0.6638444052353005,6.096379616
1763394256852749824,0.142729189677997,1.0786433775379778,-1.1362748281453685,6.106410839
1763394256862123012,-0.0046974841981868,-0.0358154702639677,0.038021220684821,6.115784027
1763394256872022628,0.041667384029679,0.3162512152700262,-0.3370337894413638,6.125683643
1763394256881663799,0.0432139853235623,0.3247237724028784,-0.3466761121535511,6.135324814
1763394256892292976,0.0318072897123395,0.2398114528764909,-0.2559813083283169,6.145953991
1763394256902369737,0.086850898169548,0.6484609757960353,-0.6882556750940626,6.156030752
1763394256912156105,0.0591875890982491,0.4486490424973892,-0.4754024556137971,6.16581712
1763394256922399282,0.0442468154475123,0.343887191330919,-0.3641024667790359,6.176060297
1763394256932220458,0.0550284170496617,0.4236398566221868,-0.4458278674363041,6.185881473
1763394256941992759,0.0523046933966003,0.4537523614549591,-0.4774035133130223,6.195653774
1763394256951508760,0.0004387396050037,0.0038061427934345,-0.0040045321988633,6.205169775
1763394256961914062,0.0717416588368865,0.6177147161435161,-0.6420377015211856,6.215575077
1763394256971821546,-0.0518476297401193,-0.5113675782712365,0.5328060916718426,6.225482561
1763394256982466220,0.0289160587943542,0.2943448118953019,-0.3031776391418992,6.236127235
1763394256991678476,-0.0017275701048718,-0.0190552438033861,0.0194685803544409,6.245339491
1763394257002056360,-0.00156936431027,-0.0189848563965075,0.0192178328933474,6.255717375
1763394257011981964,-0.0071959610306186,-0.0963893369048302,0.0967581524718137,6.265642979
1763394257022329807,0.0085651470311265,0.1277444764444121,-0.1272586504255244,6.275990822
1763394257032337427,0.0047495973528368,0.0782407516693673,-0.0773160943117411,6.285998442
1763394257041675329,0.0016056992012478,0.0296407284423857,-0.029117898723015,6.295336344
1763394257052444934,0.011554008174225,0.2353827360619454,-0.2299094764663915,6.306105949
1763394257062317609,0.0079458746874794,0.1770290141575395,-0.1721415493872168,6.315978624
1763394257072360515,0.0050781901600345,0.1232587813684353,-0.1193174955597807,6.32602153
1763394257082011938,0.0130112723922201,0.3444760897311461,-0.3322554852395702,6.335672953
1763394257091664791,0.0044781262363887,0.1291590912351749,-0.1241223083271968,6.345325806
1763394257101971387,0.0006169527045463,0.0198863061479365,-0.0190480821371081,6.355632402
1763394257112381458,0.0019436714079744,0.0720187532898497,-0.0686739081364359,6.366042473
1763394257122436523,-0.0029640696911095,-0.1350110194913727,0.1281553303033206,6.376097538
1763394257132258653,0.0014177414968081,0.0818047129203935,-0.0770758440893917,6.385919668
1763394257142021894,-0.0022519275154051,-0.2142084024349455,0.200581783194491,6.395682909
1763394257151983261,-0.0008120457688298,-0.1675118919950079,0.1555540404820848,6.405644276
1763394257163039684,0.0005740680590178,-0.2405543826110632,0.2216622750270192,6.416700699
1763394257172017812,0.0022047852410403,-0.2425550681190167,0.2217305533118856,6.425678827
1763394257182544231,0.0075951548369874,-0.4553324292513425,0.4127698628103495,6.436205246
1763394257191514015,0.0088240638583018,-0.3746872211763979,0.3368661887016356,6.44517503
1763394257201309204,0.0163299405486624,-0.536342986056801,0.4781082118147775,6.454970219
1763394257211770057,0.0152392021484512,-0.4171224104169847,0.368631039366507,6.465431072
1763394257221277475,0.020259584874954,-0.465197665217337,0.408427888225388,6.47493849
1763394257231663703,0.0265729717876429,-0.4958355166995332,0.429588078534964,6.485324718
1763394257241427659,0.0231802807077461,-0.4325299614140375,0.3747406322755528,6.495088674
1763394257251999139,0.0351460146072048,-0.6102737754798717,0.526379084553397,6.505660154
1763394257261812686,0.0223506752967828,-0.3717658154404361,0.3190777413095052,6.515473701
1763394257271810054,0.0243079050117912,-0.3881953262010353,0.3321640381799925,6.525471069
1763394257282133579,0.0340138248073417,-0.5244383299612803,0.4482338670375405,6.535794594
1763394257291424989,0.0260448945483958,-0.3952001509055814,0.3375809242261144,6.545086004
1763394257302474021,0.0279899959672499,-0.4256420626099019,0.3636767825267993,6.556135036
1763394257312531232,0.028791774839505,-0.4457409364923864,0.3809970378326083,6.566192247
1763394257321523904,0.0241263194668933,-0.3847396191141696,0.3291374986895983,6.575184919
1763394257332070350,0.0216259709496439,-0.3562492764823903,0.3055868496215471,6.585731365
1763394257342084169,0.0204196126175141,-0.3483520876543043,0.3000923575112174,6.595745184
1763394257352065563,0.0162477147475454,-0.2925254411321471,0.2530266349157769,6.605726578
1763394257362174987,0.0038544752690638,-0.0751671595249271,0.065325129950912,6.615836002
1763394257372148275,0.0180438912170798,-0.3897867566839299,0.34044765656437,6.62580929
1763394257382279396,0.0012830374392975,-0.0305117547173587,0.0268537112573881,6.635940411
1763394257391772508,0.006040602221367,-0.1701546832399101,0.150641975304975,6.645433523
1763394257402664184,0.0026317694682598,-0.0874478459482797,0.0780326220819607,6.656325199
1763394257412418365,0.0020943511158015,-0.0896555257722549,0.0806297007408088,6.66607938
1763394257421804428,-0.000264590454927,0.0154777801417803,-0.0140312825032255,6.675465443
1763394257431742906,-0.000657292504956,0.0670501625531502,-0.06123810519814,6.685403921
1763394257442462444,7.059650012577343e-06,-0.0019301097909784,0.0017776270003131,6.696123459
1763394257452112436,1.835964915537341e-05,0.0046707239480287,-0.0043335031228816,6.705773451
1763394257462545871,0.0014536414298637,0.1451522765025073,-0.1357710203151429,6.716206886
1763394257471899986,-0.0013664613978099,-0.0808844664101277,0.0761400129533981,6.725561001
1763394257482136011,-0.0033912775517684,-0.1571391083211803,0.1491268289211421,6.735797026
1763394257492225646,0.0069634009709815,0.2519101213412442,-0.2403499524433923,6.745886661
1763394257501655101,-0.0086881133053516,-0.2647820833285839,0.2540618737412218,6.755316116
1763394257511744976,0.0058020357185622,0.1560351465387338,-0.150578117307377,6.765405991
1763394257521896600,0.0053572081892869,0.1250036309328338,-0.1211983264677284,6.775557615
1763394257532213687,0.0186532222687381,0.3513632924430141,-0.3400217335104232,6.785874702
1763394257542001962,-0.00188967253957,-0.0354424861791279,0.0347729165225036,6.795662977
1763394257552447319,0.0020534181175133,0.0349453031806278,-0.0345540159412821,6.806108334
1763394257562586784,0.0222020636479972,0.3425667072358025,-0.3408662976902095,6.816247799
1763394257572189092,0.0557023476514593,0.7050657007806692,-0.6999997793322966,6.825850107
1763394257582022190,-0.023708477741942,-0.3106285212059876,0.3127944934787021,6.835683205
1763394257591855049,0.0455258134764656,0.5537991532881392,-0.5612632421140191,6.845516064
1763394257602850914,-0.0028299378075157,-0.0325379448649085,0.0332186141153007,6.856511929
1763394257611938476,0.044373909693911,0.4779058112143343,-0.48987846917837,6.865599491
1763394257621325492,0.0297819714868598,0.3058088257872937,-0.3148287744585208,6.874986507
1763394257631508111,0.0218770066184483,0.2230148479723807,-0.2315014878109567,6.885169126
1763394257642118930,0.0565195940664102,0.5396189888920749,-0.5614759549871642,6.895779945
1763394257651935577,0.0878183200360401,0.7689332121623915,-0.7986869276652082,6.905596592
1763394257662060260,0.0661355319414649,0.5614987430834956,-0.5845779325043825,6.915721275
1763394257672469854,-0.0054291491838032,-0.0471705846315867,0.0495404689185375,6.926130869
1763394257682122707,0.0350625187426941,0.2980888313769361,-0.3136170721566454,6.935783722
1763394257691503286,0.0295069940358715,0.247737052390306,-0.2605644657051949,6.945164301
1763394257702198028,0.0227496352478422,0.1967317843322611,-0.2071772410786757,6.955859043
1763394257711694478,0.07861072322105,0.6715290645570885,-0.7031118295369476,6.965355493
1763394257722272396,0.0389110059722199,0.3337922319181737,-0.3482796761059324,6.975933411
1763394257732450962,0.0402307546617635,0.346871801479071,-0.3605660519823552,6.986111977
1763394257742267847,0.0143610164254709,0.1407618659384102,-0.1469190511589927,6.995928862
1763394257752583742,-0.0069723777693812,-0.0683409081758925,0.0713302663161569,7.006244757
1763394257761794567,0.0673896131128778,0.638048508536354,-0.657399788129665,7.015455582
1763394257772484302,0.0395273963816024,0.3790409622750736,-0.3872327074637643,7.026145317
1763394257781967878,-0.0416639531079364,-0.45848567212044,0.4691824383790354,7.035628893
1763394257792548656,0.0214440582891749,0.2463198789078496,-0.2504715595682776,7.046209671
1763394257801948070,-0.0122422755563474,-0.1506841643456888,0.1523812343282164,7.055609085
1763394257812397003,-0.0012489879885409,-0.0166843846475533,0.0167544710950417,7.066058018
1763394257821973085,0.0109477490272919,0.1604957164710939,-0.1600017246147403,7.0756341
1763394257831304550,-0.0017186358445666,-0.0275763058553056,0.0273379142556895,7.084965565
1763394257841524362,0.0134771766841967,0.2347629434721273,-0.2312993606675193,7.095185377
1763394257852208614,0.0321246206379329,0.5457000325476031,-0.5304597098053829,7.105869629
1763394257862334251,-0.008763492301135,-0.1765301692254327,0.1724380821309315,7.115995266
1763394257871603250,0.0117568814106455,0.253743919824964,-0.2473171383189303,7.125264265
1763394257882711410,0.0066075348902239,0.1507324047866016,-0.1465201112891374,7.136372425
1763394257892596721,0.0089084374721353,0.2147774398667915,-0.207973144197691,7.146257736
1763394257902242898,0.0122141149255112,0.3452874114183164,-0.3321475484148647,7.155903913
1763394257912503480,0.0046084790264757,0.1302795825429665,-0.125321811682657,7.166164495
1763394257922013044,0.0052389707367026,0.1633006463435104,-0.1565476868936116,7.175674059
1763394257931595802,0.0026187135837611,0.0932076647405112,-0.0889852625982987,7.185256817
1763394257941513299,-0.0062205891351988,-0.2714646211509038,0.2578782056367186,7.195174314
1763394257952470302,0.0015574353442282,0.0872135763191244,-0.0822586133476263,7.206131317
1763394257962700128,-0.0024169382676769,-0.2264032183257476,0.212039393359311,7.216361143
1763394257972008228,-0.000562752973085,-0.1361094093395819,0.126343625542997,7.225669243
1763394257982330799,0.001311204886532,-0.3700064599099306,0.3404928238749067,7.235991814
1763394257992404222,0.0025892343714749,-0.2399423978006049,0.2188277642700205,7.246065237
1763394258001663684,0.0073020222203896,-0.3903717125821035,0.3529754969473597,7.255324699
1763394258012077569,0.0114085368277918,-0.4381506117896848,0.3926417515846224,7.265738584
1763394258022195816,0.0160892249776087,-0.3990239702164765,0.3517092861570857,7.275856831
1763394258031719684,0.020671670861612,-0.5126718154347427,0.4518812194204495,7.285380699
1763394258041331291,0.0219038384267481,-0.4771813235475935,0.4168805572029738,7.294992306
1763394258051746606,0.0269187541219718,-0.5167578519205758,0.4486646304543003,7.305407621
1763394258061934232,0.0294458253749079,-0.514069179411624,0.443708958962455,7.315595247
1763394258071817159,0.0742778449122217,-1.044546071507367,0.9044071336890124,7.325478174
1763394258081765651,0.0019854826646865,-0.030668335720384,0.026214587055062,7.335426666
1763394258092232704,0.0389714433811783,-0.5751148496554555,0.4906598128297764,7.345893719
1763394258102670192,0.0261550897513694,-0.3772614022927883,0.3205635576239364,7.356331207
1763394258112187623,0.0208787646240065,-0.3000484502215177,0.2547731190504718,7.365848638
1763394258122782707,0.0284547354939081,-0.411059116298571,0.3495855211012968,7.376443722
1763394258132384300,0.0224296371477127,-0.329063360338673,0.2803265128120935,7.386045315
1763394258142427444,0.032464609019211,-0.4899409132132481,0.4184118267767585,7.396088459
1763394258152481079,0.0360444466964922,-0.5177197117469899,0.4458075571653631,7.406142094
1763394258162271738,0.0046636415276685,-0.0771202808771577,0.0661820783925779,7.415932753
1763394258172243356,0.0233957263066378,-0.4024314763155618,0.3470391395341006,7.425904371
1763394258181688547,0.0114544992735645,-0.2102852150409159,0.1820625089349736,7.435349562
1763394258192018508,0.0132927247545174,-0.2657429588089821,0.2313643587604645,7.445679523
1763394258202006101,0.0148137834543539,-0.3261532830519471,0.2854595417806986,7.455667116
1763394258211733818,0.0093524887084444,-0.2279037436113834,0.2007423272908861,7.465394833
1763394258222407817,0.0084631128864165,-0.2370663456718294,0.2099014325759599,7.476068832
1763394258232381582,0.0109429408049847,-0.3518607248642535,0.3135399908232607,7.486042597
1763394258241501808,0.0040503255922458,-0.1566251183467987,0.1404049050249359,7.495162823
1763394258252287149,0.0045366907739692,-0.2242681863065798,0.2022882136469574,7.505948164
1763394258261532306,0.003094357265512,-0.2044803103947599,0.1858290063350864,7.515193321
1763394258272047758,-0.0002111350360533,0.0255914328432611,-0.0234158545837321,7.525708773
1763394258281863451,0.0001582235955903,-0.0920880336337198,0.0849616571512807,7.535524466
1763394258291608095,0.0004183864752519,0.067293923187955,-0.0626191603923856,7.54526911
1763394258302289485,0.0010715971453751,0.0771777578989316,-0.0725332192574974,7.5559505
1763394258313784837,0.0045544758058365,0.142012219550924,-0.1361551412347632,7.567445852
1763394258322013139,0.0120991179945409,0.3772602324094847,-0.3617007070828418,7.575674154
1763394258331938982,0.0149191616185133,0.3614982379510298,-0.3502682687034101,7.585599997
1763394258341823816,0.0480789815943795,0.8438498756585666,-0.8185976910272299,7.595484831
1763394258351666212,-0.0076900303195713,-0.1264532427083112,0.1251891080117834,7.605327227
1763394258361804008,0.0242125516856771,0.3454738926516312,-0.3457157404113974,7.615465023
1763394258371685981,0.0104318811546228,0.1338560159373296,-0.1353673273532765,7.625346996
1763394258382211923,0.0287022878872419,0.3279128949559022,-0.3337479148744183,7.635872938
1763394258392928361,0.0347396972824145,0.3795804280184416,-0.3897320317805242,7.646589376
1763394258402157068,0.0866111469316047,0.8308180509877153,-0.8527200854242618,7.655818083
1763394258412421464,0.0102500436194004,0.0977641529525076,-0.1015607427902248,7.666082479
1763394258422733783,0.1053749593918959,0.9128982975879496,-0.949691571527491,7.676394798
1763394258432189464,-0.0007404118286515,-0.0064412858415512,0.0067808705315239,7.685850479
1763394258442146062,0.0308654303804357,0.2612849845156411,-0.2765038634901132,7.695807077
1763394258452038049,0.1173486929906352,0.9106066503033424,-0.9593401744906148,7.705699064
1763394258461666822,0.0389194314039131,0.3016978189864374,-0.3189909134909128,7.715327837
1763394258472101211,0.0811688993495173,0.6194368030723325,-0.6542203385910337,7.725762226
1763394258482343196,-0.0011803238338605,-0.0094251838309152,0.0100321655617879,7.736004211
1763394258492393493,0.0583821665897353,0.4480438850653042,-0.4735681953155402,7.746054508
1763394258502622365,0.0085120679925406,0.0678014479671468,-0.0717339392877586,7.75628338
1763394258512068510,0.0437674979034178,0.3601239137371356,-0.380045290234872,7.765729525
1763394258522098064,-0.009018748354383,-0.0789380504941099,0.0831299249110206,7.775759079
1763394258532779932,0.0353125442284158,0.321063626025628,-0.3366839278371218,7.786440947
1763394258542230367,0.0661495757049898,0.601156609674812,-0.6240365657682903,7.795891382
1763394258552710294,0.0068861356907091,0.0665229335514831,-0.0688676993986308,7.806371309
1763394258561865806,0.0798957433002632,0.7771665668667453,-0.7982829931716449,7.815526821
1763394258572304964,0.0062058716867482,0.0647201437026155,-0.0664772766323022,7.825965979
1763394258582173585,0.0129324189476491,0.1434645335800149,-0.14697347308956,7.8358346
1763394258592502355,0.0403440746603169,0.4596049462758802,-0.467923079106598,7.84616337
1763394258602204561,0.0246262719252098,0.2975476585632651,-0.3013230750009852,7.855865576
1763394258612305879,0.0153663338446819,0.1983532121759313,-0.1996390202850742,7.865966894
1763394258622412681,0.0255303339822516,0.3571969949465308,-0.3574196360846565,7.876073696
1763394258632657289,0.010804835811066,0.1649852595566142,-0.1641269366329777,7.886318304
1763394258642379283,0.013762354666898,0.23211944651493,-0.2290861636942529,7.896040298
1763394258652054548,-0.0006121501754573,-0.0118163002752913,0.0115758183683744,7.905715563
1763394258662281751,-0.0005689712194106,-0.013037243606544,0.0126639261246605,7.915942766
1763394258672453165,-0.003265094018072,-0.0936060635538072,0.0899965583005512,7.92611418
1763394258682682514,-0.0045115028405577,-0.1795194849543961,0.1707094667688389,7.936343529
1763394258692552089,-0.0027878891662586,-0.1810274095776916,0.1701127690202857,7.946213104
1763394258702020645,-0.0015654168257431,-0.3305445869214131,0.3070856377785592,7.95568166
1763394258712411165,0.0030257949080104,-0.4775548371830039,0.4384107817502528,7.96607218
1763394258722308158,0.0072881172715823,-0.4335543641774659,0.3929938451817231,7.975969173
1763394258733217954,0.0152139345581304,-0.5665436089742574,0.5070838226798281,7.986878969
1763394258741932392,0.0191099629599167,-0.5223735522021815,0.4618424906095861,7.995593407
1763394258752287149,0.0232555820068654,-0.5064923413798827,0.4427930963477439,8.005948164
1763394258762681245,0.0319911839231838,-0.5865507170191293,0.5077498663208991,8.01634226
1763394258772121191,0.0331436796138686,-0.5427731612763721,0.4651149064118374,8.025782206
1763394258782046794,0.0548505195744746,-0.7993288425171627,0.680346948446438,8.035707809
1763394258792817592,0.0922892693009576,-1.1441977362890807,0.9743875285847804,8.046478607
1763394258802124977,0.004845824861236,-0.0615945285873567,0.0516894174839605,8.055785992
1763394258813128948,0.1234257198147938,-1.3179716589009975,1.1137455860293508,8.066789963
1763394258822049856,0.0067212586833975,-0.0757956664301489,0.0633958152282695,8.075710871
1763394258831846237,0.016738298997337,-0.1963205234982279,0.1632085465508803,8.085507252
1763394258841271400,0.0109337691670888,-0.1355807675029424,0.1123835831792066,8.094932415
1763394258852125167,0.058994558224548,-0.7064384314095449,0.5891641118277922,8.105786182
1763394258861826896,0.0294988069778988,-0.3803591926546384,0.3179410566593578,8.115487911
1763394258871871232,0.0433831358673949,-0.5504476598062488,0.4627804739916444,8.125532247
1763394258882261991,0.0502532811960658,-0.6632765937397951,0.5594470642741362,8.135923006
1763394258891597270,0.0339621990373288,-0.4656749128262537,0.3937824518087286,8.145258285
1763394258903332710,0.0329123198070603,-0.4687710443525248,0.3976866130463979,8.156993725
1763394258912182807,0.0353756372444075,-0.5228293271838885,0.4458184913112584,8.165843822
1763394258922094106,0.0231174668142386,-0.3686013374649359,0.3154212148411685,8.175755121
1763394258932050228,0.0226306204178153,-0.3875347355464385,0.3338928267326123,8.185711243
1763394258942331314,0.0188120769871025,-0.3562110101945451,0.3088783788269118,8.195992329
1763394258952245712,0.0098364275443986,-0.2134686045706668,0.1865202400443078,8.205906727
1763394258962485551,0.0102723963014312,-0.2629525435394587,0.2320007521461249,8.216146566
1763394258971896648,0.0031467701632902,-0.1015907371067092,0.090533379544522,8.225557663
1763394258982257604,-0.0016735483872075,0.0782597405296633,-0.0705075258061987,8.235918619
1763394258991115808,-0.0010495919075431,0.0914107400202307,-0.0833441484924594,8.244776823
1763394259002025365,-0.0001030543418314,0.1046444994383703,-0.0966794452755812,8.25568638
1763394259012023210,0.00250124347095,0.2359014489589472,-0.2208913395710356,8.265684225
1763394259021832704,0.0082062600800868,0.3678519379656323,-0.3493566683965996,8.275493719
1763394259032324075,0.010964676596177,0.3106931228386827,-0.2988532204832339,8.28598509
1763394259041546583,0.0238550915069593,0.5072754567405698,-0.4952343313263175,8.295207598
1763394259052008390,0.0314583602475295,0.5268527579997779,-0.5210097760774918,8.305669405
1763394259062158346,0.0302319208699438,0.4237910556221703,-0.4247540310583464,8.315819361
1763394259072145462,0.0395351070379613,0.4765443707070257,-0.4833593353082773,8.325806477
1763394259082097768,0.0195911603689783,0.2220880348909797,-0.2290600244973105,8.335758783
1763394259091690301,0.095266672726973,0.9083560402494056,-0.9388630650535036,8.345351316
1763394259102918386,0.0291607390667105,0.2625113415136024,-0.2742484240294116,8.356579401
1763394259112307548,0.0364196254334473,0.317233887782099,-0.335157952026871,8.365968563
1763394259121843814,0.1511417736949379,1.1545095002521333,-1.2143292611217726,8.375504829
1763394259132020235,-0.0076418884679953,-0.0594469921304247,0.0633576764561608,8.38568125
1763394259141526937,0.0316450199381964,0.2470922157847961,-0.2654498875402225,8.395187952
1763394259151773214,0.0823489874436348,0.6076858954201333,-0.6504420210284655,8.405434229
1763394259161740541,-0.0150809035763233,-0.1151104433761325,0.1238335454794752,8.415401556
1763394259172513961,0.1440429035089335,1.04573047600245,-1.1145676474350172,8.426174976
1763394259181543588,0.0485242212140394,0.3583894618139771,-0.3820629523396376,8.435204603
1763394259192156076,0.0325684080955436,0.2488830027659305,-0.2654518409371345,8.445817091
1763394259201627492,0.0665221919252232,0.514290878903805,-0.5471150801317559,8.455288507
1763394259212642669,0.0086356298880068,0.0678802616112713,-0.0720225847067103,8.466303684
1763394259222141504,0.0889980186968006,0.7038917678360491,-0.7415804934828745,8.475802519
1763394259232288837,-0.0136069403326151,-0.1155243368100805,0.1214069154919458,8.485949852
1763394259242370605,0.0698912081772117,0.5973875748579645,-0.6211696978624527,8.49603162
1763394259251932621,-0.0121395243985081,-0.1148373961484619,0.1192416276093192,8.505593636
1763394259262117624,0.0175224006808831,0.175784614641054,-0.18113949328731,8.515778639
1763394259271698713,-0.0023985496767183,-0.0265949288694397,0.0272275590878009,8.525359728
1763394259281399250,0.0064548713698854,0.0773264203793809,-0.0784132741525573,8.535060265
1763394259292007207,0.0007140668377616,0.0094698080893212,-0.0095169922755322,8.545668222
1763394259302087783,0.0053576692607407,0.0799678797177745,-0.0796696274868224,8.555748798
1763394259311864376,0.004013985655475,0.0674993662418348,-0.0666284637354871,8.565525391
1763394259322354078,-0.0063700148492283,-0.1233660372090452,0.1208203851430833,8.576015093
1763394259332427263,-0.004508548435956,-0.1027361950444133,0.0998567548492227,8.586088278
1763394259341553688,-0.0058806864353384,-0.16005710254782,0.1542780020798871,8.595214703
1763394259352157354,-0.0018612343536685,-0.0626662159608068,0.059942287978347,8.605818369
1763394259362125158,-0.0041469274068641,-0.1846375361888624,0.1752321288359918,8.615786173
1763394259371868610,-0.0006193118409726,-0.0361869297787458,0.0340441248240369,8.625529625
1763394259381927490,-0.0003879564420738,-0.0373089843997001,0.0349150102841895,8.635588505
1763394259391849040,-0.0009658204375089,-0.1781998686943307,0.165708674530696,8.645510055
1763394259402209997,-4.981895454185853e-05,-0.0841140882639165,0.0777941038145378,8.655871012
1763394259412159204,0.0004369567288142,-0.1154534308493313,0.1062201885637905,8.665820219
1763394259422092199,0.0010868800054921,-0.1434815072878007,0.1314364291867654,8.675753214
1763394259432186126,0.0002162837501535,-0.0191559413553704,0.0174701575954222,8.685847141
1763394259442376375,0.0041255111366145,-0.2727982341327308,0.2478826314768972,8.69603739
1763394259452179193,0.0009051126643075,-0.0496176176094899,0.0449092780491213,8.705840208
1763394259462354898,0.0015936185777483,-0.0766909314476767,0.0691253588927348,8.716015913
1763394259472112894,0.0077150701667687,-0.3203089177352937,0.2877783969269151,8.725773909
1763394259482631921,0.0059054492294506,-0.2171429029923113,0.1943293130046388,8.736292936
1763394259492308378,0.0068643206297809,-0.2269925977924944,0.2024348566073997,8.745969393
1763394259502160072,0.0132882837218438,-0.3979623847734627,0.3536572240922483,8.755821087
1763394259511868000,0.0063580545863687,-0.1764192765915585,0.1560791052815474,8.765529015
1763394259522298097,0.0136296828184146,-0.3459257611719367,0.3051441004163502,8.775959112
1763394259532156944,0.0183565238426643,-0.431492933229702,0.3794955924637569,8.785817959
1763394259541918516,0.0108533683439503,-0.2427675726326262,0.2127082876331746,8.795579531
1763394259551743984,0.0162298177935455,-0.3485388471050947,0.3044599013144178,8.805404999
1763394259562209129,0.0170034969307167,-0.3508026664190643,0.305753543299806,8.815870144
1763394259572647333,0.0169779396722766,-0.3388251948565305,0.294875969905354,8.826308348
1763394259582103252,0.0183422041961138,-0.358500186818268,0.3116295862579853,8.835764267
1763394259592247724,0.0167691955723512,-0.3233606076285557,0.2809292127086233,8.845908739
1763394259601561784,0.0152846660789981,-0.2942422364031108,0.2556567037918113,8.855222799
1763394259612017631,0.0101966361052623,-0.1989237379928926,0.1729380756578098,8.865678646
1763394259622056484,0.0112991416850947,-0.2255779750322014,0.1963428298508829,8.875717499
1763394259632548332,0.0123218169029777,-0.2544382054573585,0.2217983657233969,8.886209347
1763394259642550468,0.0097984608769336,-0.2096509405207379,0.1831675037765817,8.896211483
1763394259651821136,0.0212705786641211,-0.4732856734488257,0.4146487474999167,8.905482151
1763394259662163257,0.0094836692947331,-0.2194954489600886,0.1929301507386089,8.915824272
1763394259671534061,0.0115653107812175,-0.2834348247808995,0.2497294277438623,8.925195076
1763394259682004213,0.0060326533033037,-0.1580545086495505,0.1395491774486683,8.935665228
1763394259691641092,0.0065562314042975,-0.1831368481039589,0.1622284882660916,8.945302107
1763394259702236413,0.0062266883953672,-0.1882424472067894,0.1674265207623267,8.955897428
1763394259711465120,0.0030126821110288,-0.1011546002115782,0.0902844884616083,8.965126135
1763394259722439765,0.0085518965434977,-0.3239353577269769,0.2904501717275433,8.97610078
1763394259732026338,0.0010667816767786,-0.0474028049342457,0.0426688177121602,8.985687353
1763394259741948127,0.0035366083215592,-0.1856935248748634,0.167864274464141,8.995609142
1763394259752380371,0.0018378555548181,-0.1175075604815387,0.1067106876028343,9.006041386
1763394259761623620,0.0019198855470869,-0.1683669362901275,0.1535124937541833,9.015284635
1763394259772078275,0.0011672395181931,-0.1572588475207081,0.1440402192725507,9.02573929
1763394259782218933,0.0004046504385337,-0.1047658071199747,0.0964277250461823,9.035879948
1763394259792271614,-3.420862049345021e-05,-0.1529197659025717,0.1414303873721057,9.045932629
1763394259802700996,-0.0002215699673241,-0.0452458703260738,0.0420368204291518,9.056362011
1763394259812278509,-0.0004729285388008,-0.0530457144501222,0.0495533534347598,9.065939524
1763394259821892023,-0.0002799815746244,-0.0201150180008393,0.0188901164746609,9.075553038
1763394259832194328,0.0006871005669037,0.0364270444982021,-0.0344243753945886,9.085855343
1763394259842061042,8.700090194121663e-05,0.0036286416099188,-0.0034494372148109,9.095722057
1763394259851932525,0.0033687438901981,0.1121272026278885,-0.1072892419391817,9.10559354
1763394259861901998,0.0109448894661849,0.3065280600814439,-0.2951796463830287,9.115563013
1763394259872142314,0.0052431783760119,0.1250806944493635,-0.1212468101619499,9.125803329
1763394259881659746,0.0028816375406708,0.0602629347930144,-0.0588574895300503,9.135320761
1763394259891103029,0.0213448595608966,0.392422686569971,-0.3856080442414302,9.144764044
1763394259901913404,0.0094032318255545,0.1561164005657706,-0.154492055758813,9.155574419
1763394259911710262,0.0159931659300371,0.2430576268781988,-0.2419626994542816,9.165371277
1763394259921474218,0.0232257413454094,0.3268612919986642,-0.3273609021949121,9.175135233
1763394259932624578,0.0199234843933315,0.260486227121959,-0.2622422895072308,9.186285593
1763394259942591905,0.0212116778018455,0.261024142884343,-0.263942406895911,9.19625292
1763394259952371120,0.0249080409965045,0.2926329173937845,-0.2972895249449834,9.206032135
1763394259962260723,0.0321609256288456,0.3548519748687631,-0.3612696725826059,9.215921738
1763394259971721172,0.0075379050322455,0.0821174095519949,-0.0840175729343679,9.225382187
1763394259982270479,0.0173503373783221,0.1845583204767241,-0.189268324882842,9.235931494
1763394259992343902,0.0134070195801207,0.1407320395840913,-0.1446002062468336,9.246004917
1763394260001879215,0.0157296867043468,0.1640814690031976,-0.1687130322192905,9.25554023
1763394260011871814,0.0175025121619771,0.182363673054624,-0.1875129720072877,9.265532829
1763394260022409200,0.0183337843896997,0.191514374438061,-0.196925141150717,9.276070215
1763394260032045841,0.026942539914326,0.2817235768587959,-0.2896011745942193,9.285706856
1763394260042137861,0.0253211015070986,0.2649156081241416,-0.2722634613772967,9.295798876
1763394260052823781,0.024759102099602,0.2594181951485473,-0.2665862153092622,9.306484796
1763394260062522888,0.0291353440214285,0.3054556888457479,-0.3138407800764222,9.316183903
1763394260072492122,0.0214260422242309,0.225309040757217,-0.2314448518216859,9.326153137
1763394260082150697,0.0241061446156643,0.2544620378674768,-0.2612432766459585,9.335811712
1763394260092542648,0.0253957894970905,0.2687866567825941,-0.2754516472750646,9.346203663
1763394260102720499,0.0101409141700087,0.1116283924258965,-0.1144735383859673,9.356381514
1763394260111942291,0.0086832529739544,0.0978580926381216,-0.100165199985135,9.365603306
1763394260122015476,0.0252633083264123,0.2862949673032616,-0.2918974173225692,9.375676491
1763394260132575511,0.0168358875281007,0.1962383434983844,-0.199363412049788,9.386236526
1763394260142461776,0.0160050521760682,0.1933691358343686,-0.1958275986493245,9.396122791
1763394260152158737,0.0113142575127117,0.1414450510465139,-0.1427758382389967,9.405819752
1763394260162390232,0.0172315041107563,0.2232432820792211,-0.2246697713615125,9.416051247
1763394260171680927,0.0084985749061584,0.1154099663354504,-0.115825204836611,9.425341942
1763394260182012081,0.0047181914576062,0.0671902916746967,-0.0671827568566309,9.435673096
1763394260192301988,0.0174533448644546,0.2601515843584985,-0.2591486968679508,9.445963003
1763394260202188014,0.0015849449599468,0.0249307288107756,-0.0247552518303014,9.455849029
1763394260212189912,0.0149522637775316,0.2472062757243344,-0.244198141370658,9.465850927
1763394260222876071,0.0066695582864651,0.1184929120673172,-0.1167037431935739,9.476537086
1763394260232304334,0.0347633288272802,0.5885696950656827,-0.5716242180364545,9.485965349
1763394260242488145,-0.0110366295500567,-0.223813809898757,0.2186189615807514,9.49614916
1763394260252443313,0.0033488577207841,0.0737698404059179,-0.0718415983287376,9.506104328
1763394260262211084,0.0032170795505488,0.0765637683784258,-0.0741946491765065,9.515872099
1763394260272809982,-0.0013904756742723,-0.0374040553777787,0.0360850412668733,9.526470997
1763394260282156229,0.0042453959843568,0.1297965312099078,-0.1244430952862419,9.535817244
1763394260291439533,0.0022849336064792,0.0820814261668468,-0.0783079675276495,9.545100548
1763394260301905393,-0.0010034867110919,-0.0445983566714732,0.0423481570754692,9.555566408
1763394260312103748,0.000560046906865,0.0305218568023498,-0.0288178616490847,9.565764763
1763394260322161912,-0.0001369779788767,-0.0100265650984347,0.0094115959891608,9.575822927
1763394260332335710,-0.0003995780327941,-0.0486352843735099,0.0454041836159992,9.585996725
1763394260342464923,-0.0004968075615997,-0.159820267765622,0.1482742832205216,9.596125938
1763394260352229833,0.0008214926845542,-0.3040616317119731,0.2802131038509068,9.605890848
1763394260361817598,0.0010883762412714,-0.132391904812934,0.1211486381119557,9.615478613
1763394260372186183,0.0058043497799515,-0.3885503883049843,0.3531292474299218,9.625847198
1763394260381765604,0.0042030757312733,-0.2045830272616085,0.1844155502900112,9.635426619
1763394260392557382,0.0105360975195888,-0.3891381959051682,0.3484451009830439,9.646218397
1763394260402434587,0.0120206599494526,-0.3666369882255239,0.3261042163449597,9.656095602
1763394260411850214,0.0151771945237182,-0.4026189908043952,0.3555717581555854,9.665511229
1763394260421493053,0.0152877452683063,-0.3534494623043263,0.3105931472178674,9.675154068
1763394260431127071,0.0185139197110103,-0.3956742237775045,0.3454047624873232,9.684788086
1763394260441876173,0.0199639615752465,-0.3913556156910775,0.3401971137759254,9.695537188
1763394260451719284,0.022333016622047,-0.410213439422677,0.3550450085512525,9.705380299
1763394260461549520,0.025665509942629,-0.4472310021709137,0.3859675663246971,9.715210535
1763394260472003936,0.0123911136135083,-0.2146762482551975,0.1844654760186422,9.725664951
1763394260481413602,0.0565009466350091,-0.8342295237526877,0.7201938519613735,9.735074617
1763394260492422819,0.0031500873154504,-0.0512361410065128,0.0438930958881531,9.746083834
1763394260501863241,0.0248188264555158,-0.399479564081951,0.3420663380520983,9.755524256
1763394260512345314,0.0187456607624524,-0.3018370475694647,0.2584759906978411,9.766006329
1763394260522224426,0.012509011103064,-0.2043021942700194,0.1751124473522815,9.775885441
1763394260531779527,0.0236978760251611,-0.395144736240055,0.3396406025668593,9.785440542
1763394260541789293,0.0221736945016776,-0.3900356556024428,0.3359987245670606,9.795450308
1763394260551763296,0.0197517822171585,-0.3496296059023226,0.3020701440984389,9.805424311
1763394260561392545,0.0197273742346134,-0.364355320743667,0.3155884989489078,9.81505356
1763394260571593046,0.0138625762410547,-0.2692137098583523,0.2339213714336534,9.825254061
1763394260581757783,0.009324324780608,-0.1921949119500624,0.1675995208708495,9.835418798
1763394260591417551,0.0145838266911189,-0.321922419010089,0.2817431304261102,9.845078566
1763394260602304935,0.0085920866616279,-0.2028694429615149,0.1785580772713536,9.85596595
1763394260612692117,0.0065537962342901,-0.1744817649171378,0.1541426319321976,9.866353132
1763394260622553110,0.0102489350346434,-0.3052749378532709,0.2711663538179835,9.876214125
1763394260632211446,0.0014403128459538,-0.0490522007208645,0.0437824458334489,9.885872461
1763394260643220186,0.0048686721812658,-0.2511303747628575,0.2266587727232094,9.896881201
1763394260651814460,0.0008655349953374,-0.0446450530364002,0.0402945798131693,9.905475475
1763394260662017107,0.0018420012251735,-0.1227109995910897,0.1115757376698022,9.915678122
1763394260672324657,0.0005040440112815,-0.0582089281982782,0.05323332268576,9.925985672
1763394260682176589,0.0001361254302258,-0.0399246663706742,0.0367736228203394,9.935837604
1763394260692166805,7.511437323299094e-05,0.0245771936199686,-0.0228016474281024,9.94582782
1763394260702004432,0.0002056736198471,0.0224045268595907,-0.0209383324385143,9.955665447
1763394260712162733,0.0035641826431051,0.2180334022563949,-0.2052664688149085,9.965823748
1763394260721955299,0.0006931114521976,0.0308565251751029,-0.0292922407460601,9.975616314
1763394260732343912,0.007205768311738,0.2394533705292678,-0.2291485305113426,9.986004927
1763394260742309093,0.0109103148926159,0.2957516480497494,-0.2853191824542167,9.995970108
1763394260751797199,0.0130582132072543,0.2938816964379498,-0.2855912213355304,10.005458214
1763394260761978626,0.0089008612291674,0.1741530306102816,-0.17054329697523,10.015639641
1763394260771914482,0.016161919281773,0.2794646274157478,-0.275692346398794,10.025575497
1763394260782128095,0.0099991155931609,0.1573095837361702,-0.1563221893835076,10.03578911
1763394260792072534,0.0231227115674298,0.3349035761976424,-0.3345494967396072,10.045733549
1763394260802487611,0.0172139785549243,0.2328224782063099,-0.2338894662553837,10.056148626
1763394260811958789,0.0280939312452582,0.3570551855073215,-0.360031317980096,10.065619804
1763394260822073459,0.0170655609181425,0.207311772173959,-0.2099930803530535,10.075734474
1763394260832015514,0.0209283638541262,0.2444350809758237,-0.248491294653785,10.085676529
1763394260842074394,0.0225663549232989,0.2568053747062566,-0.2620640221017341,10.095735409
1763394260852208375,0.0177527299556463,0.1988948590468046,-0.2035342692599309,10.10586939
1763394260861757516,0.0280633284218339,0.3038818665254784,-0.3109091618396852,10.115418531
1763394260872304439,0.0150193421690671,0.1611387901372663,-0.165013197696291,10.125965454
1763394260881926298,0.0148206788040883,0.158540514269167,-0.1624209660570665,10.135587313
1763394260892413854,0.0194105248365115,0.2079693911267677,-0.2130418795221776,10.146074869
1763394260901867866,0.0168956437752662,0.1817989688770759,-0.1861159622651151,10.155528881
1763394260912150859,0.0217629303378385,0.236430207857868,-0.2418644175213583,10.165811874
1763394260921967267,-0.0004663067683088,-0.0053056925610096,0.0054412099671459,10.175628282
1763394260932019472,0.0212924679957832,0.2425568052091554,-0.2482824702795891,10.185680487
1763394260942274332,0.0253516299572085,0.2901740377523595,-0.2965410584716568,10.195935347
1763394260951865911,0.0328245508906975,0.3733373579597092,-0.3803350171051855,10.205526926
1763394260961251497,0.0213391960217665,0.2451773570872614,-0.2494706237578523,10.214912512
1763394260971655368,0.0202721263992906,0.2359559048242578,-0.2398264413485446,10.225316383
1763394260982403278,0.0690731682682871,0.7485461603043373,-0.754096203089669,10.236064293
1763394260992050409,-0.0369927317444773,-0.4456807714369433,0.4517812353365961,10.245711424
1763394261001681327,0.0102247335424743,0.125997035977366,-0.1273465767227363,10.255342342
1763394261012410879,0.0120253963257355,0.1532352745229316,-0.154482671842163,10.266071894
1763394261022454500,0.0005273966779077,0.0070721488945012,-0.0071025268389761,10.276115515
1763394261032338619,0.0119137155210971,0.1694071576918727,-0.1693001230269313,10.285999634
1763394261042042255,0.0121815746382116,0.1816427693119462,-0.1809040453393647,10.29570327
1763394261052309274,0.0113185270645136,0.1770295556885673,-0.1758274390648581,10.305970289
1763394261062084436,0.0107288530820027,0.1745981234943918,-0.1728326521626514,10.315745451
1763394261071869134,0.0114836018403764,0.1942272380786339,-0.191645294276705,10.325530149
1763394261081865549,0.011712577947029,0.2080684636317228,-0.2048935976674557,10.335526564
1763394261092242717,0.0097454298768904,0.1807415598561925,-0.1774250928953326,10.345903732
1763394261102703571,0.0054206205038462,0.1062231527850814,-0.1039775218781825,10.356364586
1763394261112643003,0.0113737674333923,0.2368285966008555,-0.2311786973603764,10.366304018
1763394261122087478,-0.0004286150102784,-0.0095587026339148,0.0093007995134834,10.375748493
1763394261131908893,0.0114535943314631,0.2749229799725383,-0.2663607828402938,10.385569908
1763394261141883134,0.0021993954865685,0.057841646923012,-0.0558279252088032,10.395544149
1763394261152473449,0.004195195275416,0.1215450571836626,-0.1167906958525068,10.406134464
1763394261162069559,0.0009974430686231,0.032888377534852,-0.0314824196739307,10.415730574
1763394261172291755,0.0036456328899082,0.1403460028378156,-0.1336219374053407,10.42595277
1763394261182572364,-0.0023224346060854,-0.1118978301431016,0.1060737450541284,10.436233379
1763394261192156314,0.0010714041863492,0.0641749216824257,-0.0603772765428114,10.445817329
1763394261202203989,-0.0018242396092242,-0.1768727627110948,0.1655642247623186,10.455865004
1763394261211718082,-0.0006086685054563,-0.1240112770760954,0.1152327524074294,10.465379097
1763394261221702814,0.0004858712901949,-0.2935543991957864,0.2708386264095544,10.475363829
1763394261232345819,0.0013533639516962,-0.1696943814625897,0.1554079336266438,10.486006834
1763394261241722345,0.0037795678063438,-0.2563312146894798,0.2329719431305481,10.49538336
1763394261252074480,0.0065810242666763,-0.318056929874377,0.286765088169477,10.505735495
1763394261261457920,0.0058194115766034,-0.2171715485722125,0.1944156551792545,10.515118935
1763394261272593498,0.0122161988945455,-0.3737805692424422,0.3325495522739029,10.526254513
1763394261281536340,0.0144922428201118,-0.3868380204960848,0.3416813818574875,10.535197355
1763394261291504383,0.0177587941803383,-0.4115976261398021,0.3617605000594902,10.545165398
1763394261302305459,0.0158383156156721,-0.3378616700034509,0.294957675496732,10.555966474
1763394261312389612,0.0218667897247551,-0.4255114269908285,0.3696289996793562,10.566050627
1763394261321775436,0.022354240047432,-0.4028545648162311,0.3482067127227447,10.575436451
1763394261331853628,0.0246291348828474,-0.4174614997490866,0.3595758492384978,10.585514643
1763394261342503786,0.0329310464154313,-0.5390708829725164,0.4621370803733681,10.596164801
1763394261352065086,0.0278845332216572,-0.4384739683013572,0.3749460591098855,10.605726101
1763394261362049341,0.0252366124018365,-0.3824636818866718,0.3266649906931517,10.615710356
1763394261371550559,0.0427772526989898,-0.6124091415076257,0.5244538125103099,10.625211574
1763394261381183385,0.0101958220810783,-0.1506080080592018,0.128408005214597,10.6348444
1763394261391508817,0.0250331404241911,-0.3716752830389459,0.3171473219248844,10.645169832
1763394261402112007,0.0222714125926633,-0.3374228254626986,0.2881961242425547,10.655773022
1763394261412256002,0.0103719646395676,-0.1627269255750754,0.1391641536413474,10.665917017
1763394261422064781,0.0174871113527713,-0.2856853483526713,0.2449542399862121,10.675725796
1763394261431869745,0.0136771037885482,-0.2404306110494792,0.2065134213268745,10.68553076
1763394261442764520,0.0234376881974372,-0.4118691505514747,0.3557210882659871,10.696425535
1763394261452227354,0.0215457751247141,-0.39794635253373,0.3447627450990349,10.705888369
1763394261462080717,0.023438456142271,-0.4541306556991872,0.3948682668125756,10.715741732
1763394261471857309,0.0117626802193975,-0.2404838595360242,0.209673007930072,10.725518324
1763394261481900691,0.018249699575364,-0.3953322662191166,0.3455040579569082,10.735561706
1763394261491390943,0.0150140276302198,-0.3426372533806527,0.3008087814071491,10.745051958
1763394261502055644,0.0080642531575663,-0.2023664245661661,0.1783685025950004,10.755716659
1763394261512077331,0.0081968290375734,-0.2296710106882961,0.2033507277252492,10.765738346
1763394261522280216,0.009680777521825,-0.3034409206569049,0.2703449777099845,10.775941231
1763394261532519340,0.0023343715200456,-0.0893732795159911,0.0800602803549903,10.786180355
1763394261542456865,0.0026706435117059,-0.1310004409589377,0.1181409171858447,10.79611788
1763394261552023887,0.0006347726573238,-0.0426493595556795,0.0387766218229868,10.805684902
1763394261561493396,-0.0007067325596849,0.0939243069740347,-0.0860152303768212,10.815154411
1763394261572574615,5.117671656383977e-05,-0.071368224870253,0.0659384565513956,10.82623563
1763394261581918954,0.0008184903574859,0.1182416410734228,-0.1101918429737234,10.835579969
1763394261591582775,0.0019917755830591,0.1330568419645147,-0.125108680489501,10.84524379
1763394261602105379,0.0004355254968705,0.0195269403724791,-0.0185394216001222,10.855766394
1763394261611922502,0.007481078621375,0.2399418873153647,-0.229826610463407,10.865583517
1763394261622251510,0.0098296965800909,0.2536447942379561,-0.2453022003264078,10.875912525
1763394261632118940,0.0152895204864625,0.3257500850782505,-0.3179143548966036,10.885779955
1763394261641942024,0.0273089280344325,0.4922047838472267,-0.4842450386282147,10.895603039
1763394261652203798,0.0215205377604177,0.3412561988719174,-0.3390678542724417,10.905864813
1763394261662285566,0.0189661088529532,0.2674281462290419,-0.2678605837079432,10.915946581
1763394261672562837,0.0310449848156688,0.3941140319852199,-0.3975188064530369,10.926223852
1763394261682377815,0.0287734012318514,0.3395769480814679,-0.3449970570577987,10.93603883
1763394261692547559,0.0341930204951939,0.3795844234840831,-0.3877612826299293,10.946208574
1763394261701922416,0.0072292094836078,0.0778290898579969,-0.0799798853755578,10.955583431
1763394261711484909,0.0772125967660193,0.7491608150395903,-0.767152577827524,10.965145924
1763394261722295999,-0.0362021925929809,-0.3792169793253946,0.3934613270232907,10.975957014
1763394261732194900,0.0651073389667954,0.6390816142805228,-0.6600077735339107,10.985855915
1763394261742424011,0.0086884715722633,0.0855938569133062,-0.0885249099313032,10.996085026
1763394261752539396,-0.014478993090908,-0.15167284007831,0.1577942353101821,11.006200411
1763394261762166500,0.0819294499320897,0.7953086528263424,-0.8190079276348988,11.015827515
1763394261771877050,-0.0044341456474628,-0.0444032478103751,0.0458109416405415,11.025538065
1763394261781926631,0.0655708284564333,0.6286348486831898,-0.6437879588112793,11.035587646
1763394261792253017,-0.0050479716987652,-0.0513659115018916,0.0528510229900231,11.045914032
1763394261801868200,0.0621337028080969,0.6009043524931041,-0.6135847720737785,11.055529215
1763394261811896324,-0.0254280525728987,-0.2676756110787448,0.2743897946135778,11.065557339
1763394261822325944,0.0100192571462034,0.108950676519207,-0.1114925035036394,11.075986959
1763394261832020998,0.0126825972706352,0.1428981586221196,-0.1457801819001189,11.085682013
1763394261842188835,0.0054538821548271,0.0638932520104124,-0.0649136609524454,11.09584985
1763394261852569818,0.0142843603521457,0.1744572656143189,-0.1764862069603701,11.106230833
1763394261862302064,0.0199960205304221,0.252881631585562,-0.2549686547546793,11.115963079
1763394261872073888,0.0207410829208677,0.2722130702518996,-0.2737211689131346,11.125734903
1763394261881552457,0.0115142928583661,0.1567581546470075,-0.1573232405546818,11.135213472
1763394261892567634,0.0088708807567381,0.1248248029265539,-0.1249932711743921,11.146228649
1763394261902420043,0.0209650644758177,0.3037239672006998,-0.3032863847108938,11.156081058
1763394261911917686,0.0099890579113874,0.1500691257603487,-0.1494522114864024,11.165578701
1763394261922021389,0.0068156332078715,0.1068657135919531,-0.1061189081470679,11.175682404
1763394261931473255,0.0153805666135095,0.2516265575559679,-0.2488583059257659,11.18513427
1763394261942023992,0.0098684966792009,0.17089915128175,-0.1684646068371141,11.195685007
1763394261952646493,0.0033546040145474,0.0619570169605639,-0.0608570069498189,11.206307508
1763394261962179899,0.014354949192484,0.2828547283380815,-0.2766744777792801,11.215840914
1763394261973248481,0.0011212875178998,0.0240211508639573,-0.0234191840151505,11.226909496
1763394261981590032,0.0073335603384199,0.1701237802477408,-0.1650425137454564,11.235251047
1763394261991436481,0.0066338239309714,0.1708858986807002,-0.1651479760833281,11.245097496
1763394262002391338,0.0014044258993895,0.0402344447064548,-0.0386923184799406,11.256052353
1763394262012176275,0.0001039716817163,0.0034171552904192,-0.0032712276814062,11.26583729
1763394262021792411,0.00243931975051,0.0964493091325893,-0.0918161281740065,11.275453426
1763394262031859874,-0.0019897355958615,-0.0998903513909677,0.0946151166970118,11.285520889
1763394262042197942,-0.0002398836262356,-0.0157840451208168,0.014831503328459,11.295858957
1763394262052410364,-0.0009198411026767,-0.1071902464663959,0.1001287299205627,11.306071379
1763394262062273025,-0.0004865204049272,-0.1874649468265779,0.1738687139824454,11.31593404
1763394262071976661,0.0006239337430625,-0.1600605984505357,0.1472249631159429,11.325637676
1763394262081562995,0.0054776037172182,-0.5198911485394393,0.4745024643449539,11.33522401
1763394262092274904,0.0039417299555943,-0.2189810621730181,0.198309703807257,11.345935919
1763394262101407766,0.0102337345630112,-0.4151075003207201,0.3727995131209058,11.355068781
1763394262111881732,0.0106795918333934,-0.3373431764175645,0.300560646944041,11.365542747
1763394262121822834,0.0159208399334929,-0.4294888022755104,0.3793860206657417,11.375483849
1763394262131503343,0.0189454923554944,-0.4352945335332774,0.3823894138559532,11.385164358
1763394262142543554,0.0257659104478644,-0.4919275506674077,0.4269597802874653,11.396204569
1763394262152171850,0.0250281369298871,-0.4778418415526357,0.4147343392429927,11.405832865
1763394262161972045,0.0205986412445898,-0.3653545090435597,0.3156848109320404,11.41563306
1763394262172327756,0.0065572541129271,-0.1183985556647435,0.1014878098806092,11.425988771
1763394262181845426,0.0400443418009821,-0.6559516162557605,0.5621320444268915,11.435506441
1763394262191518068,0.0276495243388902,-0.4372501851382844,0.3741607573173045,11.445179083
1763394262202163457,0.0298607079510517,-0.4629200737655825,0.3957797646105691,11.455824472
1763394262211932420,0.029263457910165,-0.4463257228471722,0.3814844277528764,11.465593435
1763394262221566438,0.0234227809434166,-0.3557998758083206,0.3039671425621554,11.475227453
1763394262232164859,0.0235850589749417,-0.3616082458386049,0.3090636034614591,11.485825874
1763394262242001056,0.0106884453982699,-0.1683531923746021,0.1440055418080806,11.495662071
1763394262252017736,0.0137047871455039,-0.2231711090993931,0.1912957623662685,11.505678751
1763394262262305021,0.0191965221174653,-0.3232867419541599,0.2781537048372173,11.515966036
1763394262272369384,0.0196665095343059,-0.3470736354795731,0.2996828494331293,11.526030399
1763394262281938314,0.024602236534655,-0.4565186682051707,0.3957351508964056,11.535599329
1763394262291330337,0.0125657913497549,-0.2467334561806408,0.2146844361649708,11.544991352
1763394262302331447,0.0130665616305077,-0.2738548043812207,0.2389213190136683,11.555992462
1763394262312067747,0.018920822026877,-0.4198674208081113,0.3676307018078774,11.565728762
1763394262321603536,0.0118810354314938,-0.2807085122823069,0.2469993743378471,11.575264551
1763394262331341028,0.0095929993133132,-0.2515889309277614,0.2221956152105065,11.585002043
1763394262341280460,0.0105904830173575,-0.3117047007301382,0.2765631565813161,11.594941475
1763394262352350950,0.0033380495318409,-0.1113131495480105,0.0992979410741938,11.606011965
1763394262361900806,0.0079664307536292,-0.316895166064965,0.2845205522895238,11.615561821
1763394262372326850,-0.0001749470955039,0.0090724114499482,-0.0081900563007834,11.625987865
1763394262381859540,0.0014604976685385,-0.1061362419591478,0.0965791512616256,11.635520555
1763394262391679286,-0.0001538075027882,0.0217762630844873,-0.0199620126419482,11.645340301
1763394262402154922,9.301565897103094e-06,-0.022359426949409,0.0206704549467219,11.655815937
1763394262411302328,0.0002382512069647,0.033061415263812,-0.0308227065538162,11.664963343
1763394262421734809,0.0026754133872488,0.1758714856415892,-0.1653787895712723,11.675395824
1763394262431866884,0.0014777266209192,0.0663538992790264,-0.0630068120025652,11.685527899
1763394262441404581,0.0084086408140163,0.2699319456068135,-0.2586022453288281,11.695065596
1763394262452103137,0.0085598470277312,0.2196310227559408,-0.2124420282067314,11.705764152
1763394262461943864,0.0170902121392141,0.3608057260326328,-0.3521579731087154,11.715604879
1763394262471648454,0.0261180640576584,0.4680484614812398,-0.4607137017959905,11.725309469
1763394262481797695,0.0230023822946514,0.3626363992888866,-0.3603958828504277,11.73545871
1763394262491347551,0.02354723765892,0.3313112070809459,-0.3318861088149692,11.745008566
1763394262501590490,0.0262897213871459,0.3342289991882068,-0.3371768584439098,11.755251505
1763394262511535644,0.0299521833891094,0.3537674024565276,-0.3594255452694953,11.765196659
1763394262521443605,0.0260106256553126,0.2950603292902221,-0.3020307746773615,11.77510462
1763394262531467914,0.032273563647742,0.3413782024543659,-0.3504272562008521,11.785128929
1763394262542294740,0.0744927524209761,0.7176367109174082,-0.7352181122446199,11.795955755
1763394262552030801,0.0217614322454431,0.2090633752951223,-0.215317104238478,11.805691816
1763394262562211036,-0.0363416417197443,-0.3743326039486896,0.3900938994437408,11.815872051
1763394262571796894,0.0533688743392374,0.512152225293606,-0.5306129553169701,11.825457909
1763394262581865072,0.0026815840055846,0.0265261879201573,-0.027556530286193,11.835526087
1763394262592056989,0.0146717383270172,0.152736052822369,-0.1589182941559508,11.845718004
1763394262601756811,0.0892229057692111,0.8726312581061156,-0.8992128829460132,11.855417826
1763394262612141609,0.0212473905630007,0.2123665505663598,-0.219004030648786,11.865802624
1763394262621845006,0.0171020399320247,0.1768517527917863,-0.1827368932455226,11.875506021
1763394262631786823,0.0445259371653327,0.4534709630098987,-0.4671247972083701,11.885447838
1763394262642142057,0.0189340796729901,0.1960406586720523,-0.2017550633880798,11.895803072
1763394262651993274,0.0067253683912608,0.0743006625145063,-0.076488667183538,11.905654289
1763394262662006378,0.0364229374428992,0.4007146346382442,-0.4095100351099766,11.915667393
1763394262672117471,0.011731298454796,0.1348083020379729,-0.1371807808979399,11.925778486
1763394262681716680,0.0177513203497581,0.2150361812276416,-0.2177082559221084,11.935377695
1763394262691693544,0.0093851400195213,0.1206251016552231,-0.1215378720011709,11.945354559
1763394262701463699,5.755743326213456e-05,0.0007977925324097,-0.0007999411471623,11.955124714
1763394262713013172,0.0075010983537192,0.1122722492819442,-0.1118242421093718,11.966674187
1763394262722625970,0.0045669979451236,0.0747671610913521,-0.0739691104510099,11.976286985
1763394262731856822,-0.0100237431265273,-0.1836954791654448,0.18052113501129,11.985517837
1763394262741890192,0.0012535316792788,0.0260846645855203,-0.0254630796204069,11.995551207
1763394262751973390,0.0010875562736643,0.0258481896105289,-0.0250368661176304,12.005634405
1763394262762151718,-0.0069344739064737,-0.1950715826371163,0.1876910673966403,12.015812733
1763394262771838188,0.0007040390933726,0.0238191689098386,-0.0227741941463306,12.025499203
1763394262782243490,-0.0040823516734671,-0.1720606745933849,0.1634772330999036,12.035904505
1763394262791881561,0.0014197062639206,0.076074808095969,-0.0718816837064499,12.045542576
1763394262802039861,-0.0004118668331754,-0.0286214312036977,0.0268751403731055,12.055700876
1763394262812571763,-0.0007618621602601,-0.0796908198432286,0.0745175077555812,12.066232778
1763394262822089672,0.0002792727771959,0.0466775711055905,-0.0434316301780613,12.075750687
1763394262831559181,-0.0002266620123418,-0.0932824395710052,0.0864677214954592,12.085220196
1763394262841728925,8.008958703052831e-05,-0.0604767540443682,0.0558218106324692,12.09538994
1763394262852349281,0.0003198715386255,-0.0677769687667051,0.0622935359859606,12.106010296
1763394262861983299,0.0011409480597579,-0.1408731063389713,0.1289781939193278,12.115644314
1763394262872061729,0.0022690492460821,-0.1943387939173565,0.1771473946030988,12.125722744
1763394262881978034,0.004733182792942,-0.2981869589151488,0.2707327470735065,12.135639049
1763394262891872882,0.0007590728706788,-0.0391763977762397,0.0353986686048391,12.145533897
1763394262902086734,0.0068253325753337,-0.2958711739685232,0.2661609072623558,12.155747749
1763394262912192344,0.0059867530214954,-0.2216031181797443,0.198426297077583,12.165853359
1763394262921766757,0.0079869875609094,-0.2597352159536207,0.2316280194995841,12.175427772
1763394262931866884,0.0107491646412017,-0.3187545871166173,0.2830717876310202,12.185527899
1763394262941857337,0.0088105527105787,-0.2402044559979836,0.2123555434439595,12.195518352
1763394262952084302,0.0157930962370815,-0.3941201994102563,0.3474512781428205,12.205745317
1763394262962085962,0.0126683393614499,-0.294325954546846,0.2587161575960235,12.215746977
1763394262971920013,0.0117928488819939,-0.2621279639910123,0.2296540264323263,12.225581028
1763394262982340574,0.0135238484908766,-0.2909761178662292,0.2542134565732384,12.236001589
1763394262992202043,0.0132181288591286,-0.2755033645711387,0.2403040542939483,12.245863058
1763394263002028465,0.0149978276205413,-0.3055092015784356,0.2662582524149183,12.25568948
1763394263012286663,0.0492854036792729,-0.8387353268667415,0.7368733104306213,12.265947678
1763394263021970987,0.0257768693337138,-0.4220752502383983,0.3716721021304667,12.275632002
1763394263032064199,-0.0192163660463949,0.3869801407056744,-0.3371209514777588,12.285725214
1763394263041636943,0.0024631243515587,-0.0501557780358493,0.0437099045698185,12.295297958
1763394263052298784,-0.0237700092378142,0.5667070836506195,-0.4896705288335056,12.305959799
1763394263062228441,0.0358143636830619,-0.7953729067140873,0.6964129956205538,12.315889456
1763394263072501420,0.015561082484719,-0.3628993031734561,0.319315321480011,12.326162435
1763394263081578254,0.0154771561650453,-0.3807903062118001,0.3357112131832273,12.335239269
1763394263092274904,0.0208790050599132,-0.5197663074520407,0.4584962243143217,12.345935919
1763394263101960420,0.0113133002491947,-0.2829100531379795,0.249363594623367,12.355621435
1763394263112462043,0.0100519122358239,-0.255641772972608,0.2254221113579465,12.366123058
1763394263121963024,0.0035789765470075,-0.0942665155315219,0.083243775493147,12.375624039
1763394263132201671,0.0019257304063492,-0.0537129806690021,0.0475640594655404,12.385862686
1763394263141706705,0.0099645420607308,-0.2997565946645935,0.2665369491217737,12.39536772
1763394263152467727,0.0022525527692152,-0.075573763532112,0.0674423388651933,12.406128742
1763394263162159681,0.0060690314819557,-0.2691712575837894,0.24222528695332,12.415820696
1763394263172055482,0.0037361839969212,-0.1657057387172514,0.1491174075229916,12.425716497
1763394263181865692,0.0056487955108814,-0.2887716629381448,0.2608532239867767,12.435526707
1763394263192100048,0.0030856848492401,-0.1849114691969544,0.167805309349367,12.445761063
1763394263201830625,0.0020233589635174,-0.1568878515135147,0.1428668433612568,12.45549164
1763394263211857080,0.0011690719383187,-0.1315645346007921,0.1202899057764812,12.465518095
1763394263222155570,0.0003726258136266,-0.0704571938889451,0.0647294446068599,12.475816585
1763394263232257366,0.0001449786115066,-0.1197648575278531,0.1106556212313458,12.485918381
1763394263242125511,-3.753717959665598e-05,-0.0083267814340383,0.0077320775911259,12.495786526
1763394263252835273,-0.0003463171449078,-0.0377793601608638,0.0353086324507796,12.506496288
1763394263261738777,0.0023289660221865,0.1530530268828951,-0.1439149578428277,12.515399792
1763394263272385597,0.0009251275738854,0.0450691240557469,-0.0427042106151809,12.526046612
1763394263282574653,0.0073248152169875,0.2696712960103959,-0.2572419649076235,12.536235668
1763394263292486906,0.0262978008734697,0.6540442264636517,-0.6219350925138958,12.546147921
1763394263301660060,-0.0177165325034311,-0.4381941301541185,0.4243915832641242,12.555321075
1763394263312202453,0.0139505410807584,0.2974021093367464,-0.2903005586364748,12.565863468
1763394263322307109,0.0108038633513665,0.2014322486203774,-0.1979008938252794,12.575968124
1763394263332565069,0.0072376431373343,0.1225342070604149,-0.1211188174424472,12.586226084
1763394263342246294,0.0273963942614846,0.4253291768980863,-0.4226296673095113,12.595907309
1763394263352288007,0.0167441872853958,0.2414256866537024,-0.2411959361701244,12.605949022
1763394263361099720,0.0293151681769085,0.3926555456882333,-0.3945349272618114,12.614760735
1763394263372182846,0.0145314323605063,0.1819224726078424,-0.1836487756042686,12.625843861
1763394263381756305,0.0326650468435153,0.3895453063146235,-0.395396132870352,12.63541732
1763394263393455266,0.0279418681732635,0.318819471747166,-0.3250071295736426,12.647116281
1763394263402404546,0.0035999762645899,0.041191208196687,-0.042269041903294,12.656065561
1763394263412483215,0.0169888605119505,0.1904199998473342,-0.1959942994129709,12.66614423
1763394263422103643,0.0448613018224217,0.4723113935195215,-0.4851278975330226,12.675764658
1763394263431537389,0.0235457299225409,0.2457528020968405,-0.2526611266553152,12.685198404
1763394263442096710,0.0268230275733926,0.2784278554529774,-0.2863517943016972,12.695757725
1763394263452273130,0.0206514951204715,0.2141163879442494,-0.2202965845270078,12.705934145
1763394263461834669,0.0208632353952783,0.2166039239569,-0.2227894266702289,12.715495684
1763394263471011161,0.0239954350490129,0.2510504411738149,-0.2579812817443892,12.724672176
1763394263482162952,0.0274333343652252,0.288951875733539,-0.2961962692466084,12.735823967
1763394263492165088,0.0221390865413252,0.2387985174819242,-0.244484971158664,12.745826103
1763394263501809835,-0.0086302641800876,-0.0986019268397704,0.1010765019933434,12.75547085
1763394263512432575,0.0387332196895065,0.4383912335174775,-0.4470798265540279,12.76609359
1763394263522766828,0.0211703860487132,0.2460102739334366,-0.2500516156982753,12.776427843
1763394263531923294,0.0365760067181756,0.4191237991962051,-0.4229268522501845,12.785584309
1763394263542349338,-0.0043711786860133,-0.0544127245159072,0.0549480178451367,12.796010353
1763394263552236318,0.0110630061717134,0.1431970613365125,-0.1442048084630884,12.805897333
1763394263562016963,-0.0035739608558016,-0.0487423401582158,0.0489309963665597,12.815677978
1763394263571631193,0.0064243561946135,0.0930490770722588,-0.0929401130517089,12.825292208
1763394263582021236,0.0062371034712551,0.0964534862148813,-0.0958916524662877,12.835682251
1763394263592264652,0.00055735023616,0.0091947209464143,-0.009089078624278,12.845925667
1763394263601886510,0.0082960398348315,0.148190890386272,-0.145903083444994,12.855547525
1763394263611854076,-0.0024692280214362,-0.0471773178838885,0.0462314103589291,12.865515091
1763394263621975183,0.0117484644355043,0.2428328754997837,-0.2370665012021788,12.875636198
1763394263631802797,0.0050095690334628,0.1121434634510132,-0.1090785341907074,12.885463812
1763394263641756057,0.0040111590647625,0.0965140620272241,-0.0934752866602881,12.895417072
1763394263651770353,0.0096870706191104,0.2523616262208181,-0.2436131631315125,12.905431368
1763394263662158012,-0.0009669834998651,-0.0272020214617944,0.0261798969941479,12.915819027
1763394263671599388,0.0047055840757912,0.1434992167000419,-0.1376237586309798,12.925260403
1763394263681623220,0.0028029060722714,0.0941075624558641,-0.0900223041817403,12.935284235
1763394263691788196,0.0040811027053827,0.153192341747391,-0.1459858341692571,12.945449211
1763394263701421499,0.002364629709208,0.1014221513926696,-0.0963340244747169,12.955082514
1763394263711987257,-0.0015596854776956,-0.078655588606178,0.0744922672595058,12.965648272
1763394263721838474,0.0046497561520507,0.2707108757124039,-0.2549613473476638,12.975499489
1763394263731984138,-0.0025167160355818,-0.1995349562705873,0.1872026005996036,12.985645153
1763394263742450952,0.0006860749575158,0.08615381340636,-0.0804165808179513,12.996111967
1763394263751747131,-0.0005822754475926,-0.1620249067193156,0.1503697507512978,13.005408146
1763394263761620521,0.0006182127882764,-0.3060019055542553,0.2822616039677868,13.015281536
1763394263772208690,0.0008304785245369,-0.1079681686706827,0.0989513621286289,13.025869705
1763394263781428575,-0.0018224760584476,0.2174255354823344,-0.196104035063387,13.03508959
1763394263791767358,0.0160504508191878,-0.8147839589130726,0.7358076934655879,13.045428373
1763394263801799774,0.0088258110859873,-0.3437998312623292,0.3083244626232175,13.055460789
1763394263812628984,0.0155908723406261,-0.4918836483050126,0.4381620263815717,13.066289999
1763394263822015523,0.0192768764517265,-0.5163162013726412,0.4563376048748089,13.075676538
1763394263832185506,0.0130083483043322,-0.2986414149272272,0.2622165888525665,13.085846521
1763394263841827630,-0.0130364935785018,0.3086755482979598,-0.266758598400508,13.095488645
1763394263852542877,0.0513730255287588,-0.998757416032144,0.8672926520261339,13.106203892
1763394263862533330,0.0202876738146301,-0.3724736036461799,0.3223598203014249,13.116194345
1763394263876181602,0.0094268908629456,-0.1731268437840451,0.1487528808103045,13.129842617
1763394263882640361,0.0126830056303693,-0.2329260799137976,0.2001331777655944,13.136301376
1763394263892953634,0.0273337493036533,-0.4562900541172152,0.3917485156045756,13.146614649
1763394263902242898,0.0200153959522981,-0.3294265581535107,0.2825438954427473,13.155903913
1763394263912855625,0.0217304779296846,-0.3589001936499794,0.3079229972710432,13.16651664
1763394263922260999,0.0209915732087299,-0.3466964561943349,0.2974526451181665,13.175922014
1763394263932051897,0.0210329078747883,-0.3501901015529418,0.3007498752455745,13.185712912
1763394263942548036,0.0211074186328899,-0.355716063067614,0.3060524596117877,13.196209051
1763394263952242374,0.0218815879046943,-0.3806544542481244,0.3279745315122883,13.205903389
1763394263962093591,0.0187407675121497,-0.3305818771984036,0.2854561466729949,13.215754606
1763394263973104953,0.0260074020625672,-0.4736410171291499,0.4098600978964922,13.226765968
1763394263982311248,0.0242717113242747,-0.4592085554953536,0.3984698368134822,13.235972263
1763394263991811037,0.0139081926282518,-0.2771801576452687,0.2412506811408053,13.245472052
1763394264001889944,0.0160262762513974,-0.3406501691468459,0.2972815475599505,13.255550959
1763394264011871337,0.0146251926610196,-0.327903518718855,0.2874918048488979,13.265532352
1763394264022367238,0.0122473295208699,-0.2984997735342556,0.2631110888551692,13.276028253
1763394264032106399,0.0060034426885686,-0.168638841596816,0.149291694244171,13.285767414
1763394264042052268,0.0028985816659584,-0.0939047863128702,0.0836672261728338,13.295713283
1763394264053066015,0.0068460643764731,-0.2720604370847104,0.2441430080595305,13.30672703
1763394264061953783,-0.0003082881850073,0.0163528339036585,-0.0147805342579668,13.315614798
1763394264071954250,0.0009785392495441,-0.0819907505436351,0.0747450995310277,13.325615265
1763394264081936359,-0.0003509288660049,0.0743474648359929,-0.06836927026019,13.335597374
1763394264091150760,0.0006090533449587,0.18737834193848,-0.1738878970454967,13.344811775
1763394264101844072,0.0021252518654086,0.1905542009522954,-0.1785530767396609,13.355505087
1763394264111971139,0.0036426504216007,0.1846035962271754,-0.1747292261569561,13.365632154
1763394264122702360,0.0071348985591637,0.2479613105544263,-0.2369399119669895,13.376363375
1763394264132162809,0.0080243933247507,0.2167895421316891,-0.2092646237411133,13.385823824
1763394264141481876,0.0154752688444247,0.3395975527842188,-0.3307660055987907,13.395142891
1763394264151833772,0.0152585821648064,0.2829410978953073,-0.2778785764162926,13.405494787
1763394264162415027,0.0203008911223771,0.3306424821420698,-0.3275198358935913,13.416076042
1763394264172100067,0.0239256479212403,0.3490469139144283,-0.3483332545569546,13.425761082
1763394264181737422,0.0294723671473421,0.3938715148164393,-0.3961580034700541,13.435398437
1763394264192188262,0.0145750273589945,0.1801851240306832,-0.1822625614472691,13.445849277
1763394264201696395,0.0299089293135272,0.3480432453731575,-0.3540653546485414,13.45535741
1763394264211647987,0.0362076871147569,0.3999582942066988,-0.4087149635562452,13.465309002
1763394264222464084,0.0263188084767062,0.2759477876374032,-0.2826333964705307,13.476125099
1763394264232000827,0.0214942652685074,0.2216080085192143,-0.2280685015650502,13.485661842
1763394264241603374,0.0509722552297369,0.5045589575132807,-0.5196503267012776,13.495264389
1763394264251967906,0.0375078419390511,0.3595274113451893,-0.3700330732684618,13.505628921
1763394264261713266,0.023613366330021,0.226935013198053,-0.2338860382431943,13.515374281
1763394264271842479,0.1754434333342191,1.4750349637237008,-1.47672425305227,13.525503494
1763394264281395435,-0.105706090081821,-1.043655357275731,1.0774819396811794,13.53505645
1763394264292493581,0.0264333702810958,0.2591737903599061,-0.2664729877358512,13.546154596
1763394264301832914,-0.0148293025173457,-0.1532795070529234,0.1576974308583513,13.555493929
1763394264312003850,-0.0224680980458792,-0.2522280147110805,0.2591127721030638,13.565664865
1763394264322990179,0.0096105717742173,0.1154620010398352,-0.1169580414675738,13.576651194
1763394264332199096,0.0150837987445242,0.1812176868599227,-0.1835657232989427,13.585860111
1763394264342122554,0.0246826628472064,0.3071058854539429,-0.3100051664801196,13.595783569
1763394264352137327,0.0303842412308334,0.3867417688734045,-0.3897665534202809,13.605798342
1763394264361971378,0.030430357864501,0.3910387737772148,-0.3938530364567218,13.615632393
1763394264372333526,0.0280937477212144,0.3626857181832567,-0.3653279117414036,13.625994541
1763394264382057428,0.0266940163053106,0.3456445298371276,-0.3480420381101444,13.635718443
1763394264391778230,0.0167591417337875,0.2195115928111881,-0.2208351798965628,13.645439245
1763394264401703596,0.0074977029661202,0.1007927885294998,-0.1012624221931098,13.655364611
1763394264411939144,0.0161103370786678,0.2249749512240477,-0.2253761027883436,13.665600159
1763394264421661853,0.0411802111071145,0.5580396180204645,-0.5519338555259412,13.675322868
1763394264431806325,-0.018403282085822,-0.2864923866464431,0.2845932505973381,13.68546734
1763394264441721439,0.0133146215519262,0.2215234698574671,-0.2187996816410408,13.695382454
1763394264451958417,-4.453855863047567e-05,-0.000810105141604,0.0007968266711891,13.705619432
1763394264461957454,0.004063495865534,0.0815788814621906,-0.0797636426341474,13.715618469
1763394264472452402,0.0048145746778499,0.10864962223544,-0.1055953126245369,13.726113417
1763394264482300043,0.0025739372206855,0.065966027458855,-0.0637267752455764,13.735961058
1763394264492023944,0.0077318603640162,0.2256998381928513,-0.2167615245854399,13.745684959
1763394264501990318,0.0019922950566074,0.0680953527187767,-0.0650790006885628,13.755651333
1763394264512454986,-0.002744916944331,-0.1419686616208742,0.134327818126974,13.766116001
1763394264521847486,0.0031348957833385,0.162138588419094,-0.1534121866605102,13.775508501
1763394264531936168,-0.0005105512221523,-0.0335165070192382,0.0314948275290922,13.785597183
1763394264541928052,0.0001736378580648,0.0188491953197488,-0.0176197673801544,13.795589067
1763394264551550626,-0.0003001204045082,-0.0695665704175706,0.0645817174618955,13.805211641
1763394264562057733,0.0005091778177145,-0.2560572305800171,0.236204543201868,13.815718748
1763394264571690559,0.0017103575523444,-0.2164864911836032,0.1982889355104755,13.825351574
1763394264581753253,-0.0025712136366252,0.2676208412606607,-0.2412664759256861,13.835414268
1763394264591392993,0.0172252841543506,-0.8261192168226448,0.7448700901693522,13.845054008
1763394264602277278,0.0055911494035817,-0.204597750968109,0.1829945249223213,13.855938293
1763394264612158536,0.0179065102329103,-0.528349538128466,0.4692464177440926,13.865819551
1763394264621838808,0.02093518989879,-0.5130937047915497,0.4522189658038749,13.875499823
1763394264632702350,0.0139660865890722,-0.300059421328025,0.2620670360700255,13.886363365
1763394264642274618,0.0288267579116452,-0.5474065192597825,0.4751170056198058,13.895935633
1763394264652460336,0.0190658971407706,-0.3314066020304588,0.2858814789751784,13.906121351
1763394264661756992,0.0254048625266812,-0.4186249885112187,0.3589246993468747,13.915418007
1763394264672221422,0.0313652464634797,-0.4855767747162393,0.4149904892622326,13.925882437
1763394264682006835,0.0373567574141904,-0.5508705797415017,0.4701977643083966,13.93566785
1763394264691984653,0.0187792453583738,-0.2707559906505238,0.2301233211886467,13.945645668
1763394264702081680,0.0345505787823088,-0.4862132909820379,0.41286735455024,13.955742695
1763394264712064504,0.0001757560339221,-0.0026173357111597,0.0022087715577565,13.965725519
1763394264722298860,0.0334591666584402,-0.5008757822598923,0.4234445184143793,13.975959875
1763394264732420682,0.1169359049334018,-1.3812895463233328,1.1879165247370271,13.986081697
1763394264741359949,-0.0324311725723091,0.4639966584832962,-0.3945065446424919,13.995020964
1763394264751627922,0.0315420794827308,-0.459504314574716,0.3913754242727751,14.005288937
1763394264761587619,0.0151462046791506,-0.2249706001385264,0.1918997224337044,14.015248634
1763394264772109508,0.0036992277859913,-0.0578776718299699,0.049471599939692,14.025770523
1763394264782364845,0.0209497516307994,-0.3472298465594793,0.2983212737557081,14.03602586
1763394264792121410,0.0263036626420968,-0.4557479938907595,0.3934292470919994,14.045782425
1763394264802842140,0.0202581301833916,-0.3723787180184875,0.3225196620359332,14.056503155
1763394264812252759,0.0234681700963266,-0.4565666104856997,0.3968377347514346,14.065913774
1763394264821683645,0.011944073340692,-0.2456179215406322,0.2140844114647479,14.07534466
1763394264831543445,0.0203792163265394,-0.4442466517487898,0.3882860834847288,14.08520446
1763394264842392921,0.0149442533601662,-0.3444162812403263,0.3024550625365763,14.096053936
1763394264851877927,0.0107612841068804,-0.2726881303790053,0.240559348513718,14.105538942
1763394264861761093,0.004934531704001,-0.1420982778358817,0.1259369660204971,14.115422108
1763394264871958017,0.0047904229371169,-0.1587424150553001,0.1415450722921338,14.125619032
1763394264882085084,0.0045954875481164,-0.1863318092151524,0.1673634594400869,14.135746099
1763394264892961025,0.0002819108518969,-0.0152464874320792,0.0137946703360524,14.14662204
1763394264902439832,0.0004592157729544,-0.0409479965264718,0.0373447141048443,14.156100847
1763394264912090539,-6.719131959883649e-05,0.0157554266776363,-0.014497369230192,14.165751554
1763394264922190189,0.0009245404713906,0.2229107738316822,-0.2069072369793554,14.175851204
1763394264931469917,0.0013897508023915,0.1191544332750707,-0.1117100702376108,14.185130932
1763394264941158294,0.0018956297420543,0.0945109263919966,-0.0894917545050325,14.194819309
1763394264952422857,0.0098672299765053,0.339498102899082,-0.3244649765606689,14.206083872
1763394264961936712,0.0079697667337032,0.2146197590443807,-0.2071781193782702,14.215597727
1763394264972290992,0.0163083465615943,0.3567802514353622,-0.347411145796843,14.225952007
1763394264982194185,0.0152941451910322,0.283801652029519,-0.2786424796668416,14.2358552
1763394264992333650,0.0105493488450733,0.1723778140951469,-0.1707725435156124,14.245994665
1763394265001721382,0.0250503695440851,0.3674835576404155,-0.3666236611969167,14.255382397
1763394265012303113,0.0191470620507389,0.257199307968071,-0.258490552004527,14.265964128
1763394265021778345,0.0280166916672013,0.3485772521709052,-0.3520523702413319,14.27543936
1763394265031708717,0.0215615727247205,0.2539830138766833,-0.2579768078107357,14.285369732
1763394265041869163,0.0392849757822368,0.4340248993284622,-0.4423924164701208,14.295530178
1763394265052066087,0.0152930807545485,0.1641788845311445,-0.1681637678405558,14.305727102
1763394265061929464,0.0141210146814384,0.1478050813622504,-0.1519557970298825,14.315590479
1763394265072090387,0.0502301360114737,0.4976947199091361,-0.5111430709525207,14.325751402
1763394265081825017,-0.0190962311191655,-0.1990747401564047,0.2061417210534702,14.335486032
1763394265091825246,0.0603475709926156,0.5945318565277846,-0.6125358002320634,14.345486261
1763394265101269960,0.0159075784504747,0.15849074844558,-0.1635433463106943,14.354930975
1763394265111192464,0.0188500356765518,0.1881442236060914,-0.1940736723994756,14.364853479
1763394265121805667,0.0259587143341927,0.2600707551434614,-0.2681558921457983,14.375466682
1763394265131504297,0.043853995810717,0.4237181132586243,-0.4349095027112482,14.385165312
1763394265141361951,0.0078611489897107,0.0778502270512123,-0.0799377607379649,14.395022966
1763394265151986598,0.0585270380845099,0.5594998564668261,-0.5708699139050154,14.405647613
1763394265162188768,-0.0328901933478339,-0.3454059672283643,0.3547058397783191,14.415849783
1763394265172754287,0.0154111511528401,0.1651477411654734,-0.1692243811420264,14.426415302
1763394265182388067,0.0096952979476198,0.1068741103624534,-0.1092212425477034,14.436049082
1763394265192275047,0.013644017016491,0.1556700616692213,-0.15867359706546,14.445936062
1763394265202054500,0.067959555265312,0.740289552420691,-0.7465595836395469,14.455715515
1763394265211649179,-0.0181640103734395,-0.2179321737298333,0.220744556747736,14.465310194
1763394265221502065,0.0173590096566004,0.2127797125144734,-0.2152017762929523,14.47516308
1763394265232163429,0.0170776461194202,0.2121445223968172,-0.2142214420896712,14.485824444
1763394265241792440,-0.0023103660276471,-0.0304580526302216,0.030779469811242,14.495453455
1763394265251696348,0.0383713770650895,0.5039735221952845,-0.5065253861314618,14.505357363
1763394265261670351,0.0089101214784602,0.1214654582440694,-0.1218846208413201,14.515331366
1763394265272389650,0.0118567858413825,0.167082798195481,-0.1672314211923042,14.526050665
1763394265281826972,0.0230506007954127,0.3349999389401685,-0.3343837366415799,14.535487987
1763394265292145252,0.0089562583676568,0.1347119221304285,-0.134179380004053,14.545806267
1763394265302224636,0.009074277291025,0.1427206837959153,-0.1417423198475883,14.555885651
1763394265312358379,0.0106178724744534,0.1747176597930888,-0.1727434399622557,14.566019394
1763394265322472810,0.0041461834162524,0.0729678379637084,-0.0718821736892728,14.576133825
1763394265332073926,0.0031817477186249,0.0601226010138748,-0.0589477868182251,14.585734941
1763394265342291355,0.008521957466611,0.1767476617877025,-0.1725697646453649,14.59595237
1763394265351994037,0.0001698150653428,0.0038764238968192,-0.0037651961338942,14.605655052
1763394265362049102,0.0083874555204008,0.2140902605823174,-0.2068178773365568,14.615710117
1763394265371927022,-0.0029684587501412,-0.085721141386587,0.0823772887819121,14.625588037
1763394265381512403,-0.0003202221812396,-0.0107817763649718,0.0103127834636121,14.635173418
1763394265392075300,0.0002947986659478,0.0120442495069205,-0.0114521251491166,14.645736315
1763394265402502775,-0.0003662866251006,-0.0192462170722783,0.0182079905242727,14.65616379
1763394265412103652,-0.0013677621788617,-0.0959080038852284,0.0900653468632532,14.665764667
1763394265422290086,-0.0004979821959869,-0.0590905141789692,0.0551805686370984,14.675951101
1763394265431963443,-0.0006696607419387,-0.1961370008713759,0.181994121649574,14.685624458
1763394265442105531,0.0004094105537819,-0.173249857696881,0.159686447298612,14.695766546
1763394265451364517,0.0010647070117972,-0.1353060240851754,0.1238894401525385,14.705025532
1763394265462611675,-0.0011222429172394,0.1271793124554048,-0.1146698562225913,14.71627269
1763394265472190618,0.0160678279333445,-0.815413976613793,0.7362584805897543,14.725851633
1763394265482146501,0.007642273572394,-0.302323594465235,0.2711499837519884,14.735807516
1763394265491891145,0.0165124445091613,-0.5321008137019331,0.4741480673201914,14.74555216
1763394265502052307,0.0130253882254569,-0.3565257419526954,0.3155082224741787,14.755713322
1763394265512424468,0.0158524550451435,-0.3769695063753393,0.3316438861041609,14.766085483
1763394265522189378,0.0126424266498631,-0.276647076897894,0.2419555787616766,14.775850393
1763394265531691551,0.016041445487023,-0.3303246228497193,0.2878564168828246,14.785352566
1763394265541603803,0.0137022271236712,-0.2683070127017299,0.233279268992531,14.795264818
1763394265551471471,0.017363673303472,-0.331622334155727,0.2878494909562004,14.805132486
1763394265561857700,0.0147772488384331,-0.2774640965124343,0.2406586270398374,14.815518715
1763394265572328329,0.0142860479029509,-0.266658596504349,0.2311662618614532,14.825989344
1763394265581891536,0.015692817872682,-0.2922486837442485,0.2533874256516379,14.835552551
1763394265591751098,0.0154689173038121,-0.2906326283875222,0.2520513871802269,14.845412113
1763394265601983308,0.018516996752581,-0.352050709407539,0.3055426287565538,14.855644323
1763394265611986637,0.0219541704422009,-0.4223974965893168,0.3669802155075953,14.865647652
1763394265622067928,0.016442684108874,-0.3220221635890387,0.2800473200131922,14.875728943
1763394265632189035,0.0151980109665215,-0.3034524641873203,0.2642215209913316,14.88585005
1763394265641272783,0.0122369899353211,-0.25083441004684,0.218693055701313,14.894933798
1763394265651865243,0.0148697252331964,-0.315568875746939,0.2754873409170937,14.905526258
1763394265661862373,0.0213512380743561,-0.4696730477816684,0.4110943698343045,14.915523388
1763394265671659231,0.016080692653789,-0.3684944835008346,0.3236591647557278,14.925320246
1763394265681225538,0.0115591807632164,-0.2806692531889124,0.2472974749993317,14.934886553
1763394265692032098,0.0105565672547716,-0.2809129206297815,0.2480451629985948,14.945693113
1763394265701976299,0.0087151567255075,-0.2515676017439271,0.2231351888027717,14.955637314
1763394265711917638,0.006747104667852,-0.2182928654320116,0.1945699102843606,14.965578653
1763394265722018718,0.0020337559345892,-0.0787587416512672,0.0705583153800492,14.975679733
1763394265732495069,0.0041550809942157,-0.1997155305146813,0.1800363247214685,14.986156084
1763394265742466449,-0.0044008970522036,0.4064122420992586,-0.3660429334210114,14.996127464
1763394265752443790,0.0040941650825908,-0.461599721840823,0.4221118004839994,15.006104805
1763394265761517763,8.042618442324838e-05,-0.0297198440085734,0.027392200557956,15.015178778
1763394265772278070,-0.0001749510508139,-0.0366275790064469,0.0340374676927083,15.025939085
1763394265781884193,-3.444707916933235e-05,-0.0031252461290887,0.0029283166568686,15.035545208
1763394265792108774,0.0047489166419971,0.2588188201615485,-0.2442543517944643,15.045769789
1763394265802083492,0.0061638760463767,0.2449659641722306,-0.2330566665744973,15.055744507
1763394265812185049,0.0067486003220049,0.2047242239592058,-0.1964856256872817,15.065846064
1763394265822960138,0.0064330138541181,0.1579244368991688,-0.152963624636862,15.076621153
1763394265832255601,0.0043361067008183,0.0897351466243416,-0.0877418935388862,15.085916616
1763394265841976881,0.0234741890873499,0.4176228271387499,-0.4113925285943174,15.095637896
1763394265853135347,0.0185571286846064,0.2946928237266168,-0.2926345045806104,15.106796362
1763394265862342357,0.0207691893723884,0.2981606226767175,-0.2980329028893649,15.116003372
1763394265871951818,0.0279043472875947,0.3654160035304217,-0.3677468481731588,15.125612833
1763394265881426572,0.014877708058778,0.1810256749757,-0.1833665604852818,15.135087587
1763394265891943931,0.0362511070295264,0.4156026187147837,-0.423349090131961,15.145604946
1763394265902555942,0.0191000725054192,0.2079786737095515,-0.2127846212377648,15.156216957
1763394265912190914,0.0192679349185252,0.2027994112652306,-0.2083537146965157,15.165851929
1763394265921537637,0.0614724836271139,0.6082822058674578,-0.6248168888663833,15.175198652
1763394265931550264,0.0125950879293449,0.1236659107158864,-0.1275247296939116,15.185211279
1763394265941193103,0.0148221371042284,0.1457002412934753,-0.1507341374808216,15.194854118
1763394265951628208,0.0105662869394674,0.1039138110471286,-0.1077874743492107,15.205289223
1763394265962264776,0.0463590140468336,0.4358837288353553,-0.4500262199941087,15.215925791
1763394265972833395,-0.0283872974889778,-0.2898101624129229,0.3014482702989575,15.22649441
1763394265982788562,0.0751960864512772,0.7181550116273612,-0.7400858781001244,15.236449577
1763394265991837978,0.0079059553338365,0.0777704019912376,-0.0802889461990409,15.245498993
1763394266002604007,0.069070459825976,0.6510770728496702,-0.6661856144110755,15.256265022
1763394266012218952,-0.009196055661031,-0.092109534653499,0.0949875254363975,15.265879967
1763394266021852016,0.0153200362905184,0.1549964154827467,-0.1597887772108076,15.275513031
1763394266031945705,0.0477238135993884,0.4603403598802894,-0.4708358258471416,15.28560672
1763394266041663885,0.0073213641134636,0.0730955024305529,-0.0747291584083245,15.2953249
1763394266052646636,-0.0417761034142939,-0.4765953208133566,0.4904977396286789,15.306307651
1763394266062365531,0.0461923434339687,0.5114941866966417,-0.5224265324372103,15.316026546
1763394266072034120,0.0114359161949018,0.1303560927735042,-0.132755003383243,15.325695135
1763394266082272052,0.0258483684956939,0.3049341085055916,-0.3094643529862503,15.335933067
1763394266092272281,0.0269027617167666,0.32417728471289,-0.3281154987560332,15.345933296
1763394266102435827,0.0207898039810755,0.2548058451541269,-0.2576335086437374,15.356096842
1763394266111998796,0.0122368122317733,0.1525215801601127,-0.1539615763921712,15.365659811
1763394266121941328,0.0186654603162503,0.2375954557439192,-0.23946257431263,15.375602343
1763394266131926536,0.023744946875616,0.3103388307869614,-0.3121178609643428,15.385587551
1763394266142733335,0.0159900023180531,0.2167068444735037,-0.2174437246297943,15.39639435
1763394266151926994,0.0143220839426099,0.2009613097826042,-0.2010676583511849,15.405588009
1763394266161871194,0.0305635492925948,0.4457068740895435,-0.4449144084578315,15.415532209
1763394266172293901,0.0182212203061339,0.2750612081974012,-0.2737959546363071,15.425954916
1763394266181624889,0.0157598258646941,0.2484340901171325,-0.2466151463078308,15.435285904
1763394266191494941,0.0200620113880138,0.3296100574368278,-0.3258540830191945,15.445155956
1763394266201740264,0.012763507087954,0.2241639347193191,-0.2209155579062671,15.455401279
1763394266212113142,0.0137641246353938,0.2612384762849218,-0.2561751516690377,15.465774157
1763394266222333431,-0.0045326077840373,-0.0962281012497679,0.0938860235913444,15.475994446
1763394266231539011,0.0028829231195949,0.0694560487484201,-0.0672487728741608,15.485200026
1763394266241700649,-0.0057786115708647,-0.1686310265296311,0.1620622248160075,15.495361664
1763394266251858472,-0.0039975061448247,-0.1511712547868097,0.1439834947881852,15.505519487
1763394266261898517,-0.000989277639654,-0.0544445136891201,0.051377417089426,15.515559532
1763394266272295713,-0.0017950949330604,-0.1949369376360005,0.1822254116580459,15.525956728
1763394266281548500,-0.0002458854819552,-0.2630000581456699,0.2433938105660994,15.535209515
1763394266291757822,0.0021267890591137,-0.2837036671925156,0.2600445557500789,15.545418837
1763394266302208423,0.0046289022747894,-0.2889455269135463,0.2623455862175207,15.555869438
1763394266311549901,0.0161428588266239,-0.5105769087948789,0.4546986462815298,15.565210916
1763394266321959495,0.0148338384753348,-0.4691743560197463,0.4178272477220319,15.57562051
1763394266331747293,0.0218895360789637,-0.5606031547098512,0.4947400833521568,15.585408308
1763394266341240644,0.0194571568720495,-0.4242154290811097,0.3710096397443814,15.594901659
1763394266351771354,0.0304975757020064,-0.5811857473301423,0.5044002564099284,15.605432369
1763394266362244844,0.0205074802630201,-0.3602310822722038,0.3100105662310903,15.615905859
1763394266372191667,0.0379798545959986,-0.6065136641217163,0.5191892811679841,15.625852682
1763394266382082462,0.0338151237521069,-0.5006332608923664,0.4269259843927832,15.635743477
1763394266391857147,0.0277968940169888,-0.4132778245790878,0.3501279777330491,15.645518162
1763394266402093172,0.0441215438466568,-0.6090283817063962,0.5153067167838479,15.655754187
1763394266412400484,0.0322922847282145,-0.4360354877189782,0.3682658514778512,15.666061499
1763394266421787500,0.0749131659721214,-0.8997651618076026,0.765097305912862,15.675448515
1763394266432282686,-0.0342168060157103,0.5207040364329827,-0.4361444226042075,15.685943701
1763394266441997528,0.0623426856538731,-0.8435786782499762,0.712983485955835,15.695658543
1763394266452341556,0.0144565651868129,-0.2014239629838538,0.1704600291764231,15.706002571
1763394266462198257,0.019869885257151,-0.2882589063711884,0.2447160536139274,15.715859272
1763394266471467971,0.0428992579289071,-0.6392924664120245,0.5459131197024786,15.725128986
1763394266482200622,0.004645451598014,-0.0733367941760094,0.0627287059654662,15.735861637
1763394266492898702,0.0209603981240222,-0.3474648295765969,0.2984716684056618,15.746559717
1763394266501700639,0.0262638631479572,-0.4559087096033082,0.3934491785489387,15.755361654
1763394266511929273,0.012676325746685,-0.2353298811223081,0.2038914858920306,15.765590288
1763394266522013425,0.0190967302423166,-0.3838326816730485,0.3343491801727046,15.77567444
1763394266532143354,0.0149818882034582,-0.32774284952361,0.2867315498792722,15.785804369
1763394266541887998,0.0091208768765061,-0.2174465724169621,0.1915064211836397,15.795549013
1763394266551246404,0.0063952972508594,-0.1777859923491168,0.1572724113341345,15.804907419
1763394266562112331,0.0038433415494852,-0.1236566470085845,0.1101729688482953,15.815773346
1763394266572191476,0.0040151819638829,-0.1593279792345469,0.1430000520565125,15.825852491
1763394266581900358,0.000101976416781,-0.0054710783480961,0.0049474071445538,15.835561373
1763394266592187881,0.000639455136395,-0.1425245510381333,0.1310958601139338,15.845848896
1763394266601866245,-0.0001524856514647,0.0339866673638677,-0.0312613606429134,15.85552726
1763394266611872673,0.0006930302072329,0.1983546911461752,-0.1840658698944466,15.865533688
1763394266621929883,0.0010876705927878,0.0994314941835236,-0.0931461078138583,15.875590898
1763394266632470846,0.0040818412841981,0.2100365157000573,-0.1986368073174726,15.886131861
1763394266642258167,0.0069257815591854,0.2470087136308223,-0.2358472132276984,15.895919182
1763394266652469158,0.0100593984066217,0.2761530179540037,-0.2662289620221923,15.906130173
1763394266661953687,0.0147450941150874,0.3276005944139956,-0.3187304216204816,15.915614702
1763394266673044204,0.0112790605964786,0.2120933534641953,-0.2081705154449901,15.926705219
1763394266681392192,0.0148407527587743,0.2443116558275606,-0.2419304210289324,15.935053207
1763394266691867351,0.026624361844307,0.3908160082199443,-0.3897750633978076,15.945528366
1763394266701541900,0.0289243878842686,0.3875954032078373,-0.3896724756470798,15.955202915
1763394266712121248,0.0224461217852331,0.2768043207445446,-0.2798430175668552,15.965782263
1763394266721825122,0.031975042167108,0.3712424509030794,-0.3777928343547199,15.975486137
1763394266732077836,-0.0065247305353946,-0.0768819444984904,0.0791582345218017,15.985738851
1763394266742080688,0.0633041151346134,0.665043604149805,-0.6831986158298566,15.995741703
1763394266752492904,0.020044155417332,0.2087498747373379,-0.2157143158416056,16.006153919
1763394266761685609,0.0206332877731821,0.2155183864105833,-0.2238983296721841,16.015346624
1763394266772364377,0.0481435804901383,0.4757649671772036,-0.4933311188714929,16.026025392
1763394266782364130,0.0377572483279431,0.3593049735878778,-0.372404737376255,16.036025145
1763394266792031049,-0.0050112061413029,-0.0498580672527667,0.0519713175904575,16.045692064
1763394266801886558,0.0518349284645451,0.4989201476703532,-0.5178388846917492,16.055547573
1763394266812295198,0.0384613830516571,0.3668319264964514,-0.3797243073844933,16.065956213
1763394266821867465,0.0342605055655106,0.3278044519587956,-0.338183051203085,16.07552848
1763394266832108736,0.0123686269018348,0.122727069021858,-0.1266553115790048,16.085769751
1763394266841940164,0.032782359920105,0.3208482037364841,-0.3293237579969927,16.095601179
1763394266852024555,0.0410237006221383,0.397799510374697,-0.4057173231218556,16.10568557
1763394266861714839,-0.0597911262474448,-0.6836070882963925,0.7032308895677541,16.115375854
1763394266872155189,0.0416642871084692,0.470349679656294,-0.4794678676428037,16.125816204
1763394266882321357,-0.0007110820267109,-0.0084150792902957,0.0085381234061906,16.135982372
1763394266892133235,-0.0087295489542163,-0.1159139847413584,0.1175806863086518,16.14579425
1763394266901697397,0.0199968058225622,0.2793270625286767,-0.2821205730793658,16.155358412
1763394266912033557,0.0264665387828234,0.3649348906214339,-0.3659266631376726,16.165694572
1763394266921789407,0.0102817516706767,0.1477661927297427,-0.1476574031295642,16.175450422
1763394266931756496,0.0531991540381827,0.7268626764039392,-0.7176428879914756,16.185417511
1763394266942730903,-0.012826567129546,-0.1966173610088183,0.1955930782542188,16.196391918
1763394266952915191,0.0073975756588233,0.117538887113503,-0.1166374021021484,16.206576206
1763394266962182283,0.0010031164632515,0.0165454538058364,-0.0163544811688623,16.215843298
1763394266972476959,0.0006441770764348,0.0114246132122813,-0.0112538429674589,16.226137974
1763394266982310056,-0.0034014535823016,-0.0652281581528192,0.0639006088804,16.235971071
1763394266992148399,0.0085556154409477,0.1814562635672641,-0.1770353360927141,16.245809414
1763394267002660274,-0.0018607632366946,-0.0431712410777457,0.041889612105146,16.256321289
1763394267012216091,0.00899259210052,0.2305950151912455,-0.2227759955504921,16.265877106
1763394267021249055,0.0008697288872111,0.0245205178652949,-0.0235954475339077,16.27491007
1763394267032054901,0.0026758663410781,0.0830329289885199,-0.0796119926320189,16.285715916
1763394267041485548,0.0025519954078501,0.0883148785472514,-0.0844117064584488,16.295146563
1763394267051778793,0.0035231501705623,0.1368646320805849,-0.1303018666805623,16.305439808
1763394267061923027,-0.0008656285390473,-0.0395012949072405,0.0374988207450734,16.315584042
1763394267072489976,0.0001477312330255,0.0078890203823386,-0.0074571947177685,16.326150991
1763394267082286834,0.001734414351016,0.1104629490572162,-0.1038362615480195,16.335947849
1763394267092067003,-0.0030854702115239,-0.2852260461389848,0.26712007784791,16.345728018
1763394267102409839,0.0001613897249424,0.0885007018828822,-0.0820270106302594,16.356070854
1763394267112497329,-0.0003774960059778,-0.2070061244539115,0.1918639424304281,16.366158344
1763394267122343540,0.0007039504613782,-0.2395599638132416,0.2206022434660397,16.376004555
1763394267131886959,0.0002636121535082,-0.0336543547346408,0.0308217398380945,16.385547974
1763394267141503334,0.0057084522468121,-0.4424930281457429,0.4029167028724278,16.395164349
1763394267151827096,0.0019756576074161,-0.1092068052391352,0.0988754966539507,16.405488111
1763394267161568164,0.007196859213102,-0.3232260853396964,0.2908986079761109,16.415229179
1763394267171634197,0.0065674874677626,-0.2436474741493577,0.2180797870114193,16.425295212
1763394267181871652,0.010110367851476,-0.3196684546357165,0.2847648028064647,16.435532667
1763394267191811561,0.0084761960583196,-0.2423354957081339,0.2147870545305272,16.445472576
1763394267202231645,0.0185362008544143,-0.4769084857569277,0.4209500529273113,16.45589266
1763394267212106943,0.0147769762739667,-0.349761354297674,0.3075850506720376,16.465767958
1763394267222801685,0.0106294054128542,-0.2360314414317011,0.206732941147144,16.4764627
1763394267232106447,-0.0113988499137122,0.2721823597683165,-0.2353550025748975,16.485767462
1763394267241266965,0.0515949940239134,-1.0432958058884567,0.9088773761748936,16.49492798
1763394267251973867,0.0144789407742708,-0.284751060632011,0.2477701636289568,16.505634882
1763394267262018918,0.0183789523722729,-0.3567433932529523,0.3101873331888481,16.515679933
1763394267271620750,0.0141489390731612,-0.2703388484855853,0.2348232471564102,16.525281765
1763394267281932353,0.0172532467232929,-0.3345179241273637,0.290867730435314,16.535593368
1763394267291597127,0.0085393842279192,-0.165567509180341,0.143963124710705,16.545258142
1763394267302067995,0.0012345228026807,-0.0250147168202007,0.0217903879205051,16.55572901
1763394267312523841,0.0041284539667967,-0.0878839339087316,0.0767414762885874,16.566184856
1763394267322066068,0.0135104420718672,-0.3024740790073607,0.2651512445581382,16.575727083
1763394267331979751,0.0042787651698226,-0.1020958313131587,0.0898907190291373,16.585640766
1763394267341328382,0.0044751948914947,-0.116624780312902,0.102949677924023,16.594989397
1763394267351506471,0.006462121243792,-0.1798215752524647,0.1592788978695815,16.605167486
1763394267362129449,0.005908828910919,-0.176816222202291,0.157101005541179,16.615790464
1763394267371775150,0.0061861457546206,-0.1986432274128529,0.1770512190061211,16.625436165
1763394267382196664,0.00500431494428,-0.1747810854881752,0.1561820296554711,16.635857679
1763394267392155885,0.0048411453209848,-0.1838395390663038,0.1647965849127339,16.6458169
1763394267401945829,0.005848660020935,-0.243510481349066,0.2188567889333114,16.655606844
1763394267411946773,0.0033348746684212,-0.1540886918542419,0.1388074238596869,16.665607788
1763394267422109127,0.0030140098000487,-0.1538671660348806,0.1389941316686489,16.675770142
1763394267431394815,0.0043731869421553,-0.2499765449548188,0.2264748730474468,16.68505583
1763394267441409587,0.0029166442969192,-0.1945919938606945,0.1767851279656625,16.695070602
1763394267451894283,0.0015348895932878,-0.1238112835818285,0.1128211162041488,16.705555298
1763394267461850404,0.0012251552693176,-0.1342216478961129,0.1226496034367313,16.715511419
1763394267472043037,0.0010116042475255,-0.1553977271728213,0.1425525882095825,16.725704052
1763394267482481002,0.0003003932815824,-0.0908785281701694,0.0837250453328072,16.736142017
1763394267492920398,-7.813449253292385e-05,-0.1058142296875315,0.0979101370768318,16.746581413
1763394267502219676,-0.0003115557564224,-0.0612888899243881,0.0569795867508936,16.755880691
1763394267511724710,0.0003263328885106,0.0356797141406824,-0.0333498922459848,16.765385725
1763394267522066831,-0.0003765134184439,-0.0262206243268512,0.024637083037341,16.775727846
1763394267531548976,0.0030960798231789,0.1604125254537266,-0.1517109790971783,16.785209991
1763394267542423248,0.0005168342818008,0.0209761706277998,-0.0199552042670582,16.796084263
1763394267551886320,0.0033350864986405,0.1084365685602305,-0.1038468610885454,16.805547335
1763394267562536478,0.0104611737220821,0.2888999732272058,-0.2785163984576645,16.816197493
1763394267572352409,0.0077551452802712,0.1819457413484443,-0.1764860260734043,16.826013424
1763394267582096576,0.0030719834052347,0.0638955490964882,-0.0624393079004221,16.835757591
1763394267591914415,0.0272454174754323,0.4999034793861314,-0.4913443893141364,16.84557543
1763394267601962327,0.0073303061089883,0.1218575985423648,-0.120586118488124,16.855623342
1763394267612656354,0.0568771636979847,0.7955769392529114,-0.7848060247990023,16.866317369
1763394267622112035,-0.0135182288115655,-0.1905435507698192,0.1907245129798824,16.87577305
1763394267631567478,0.02497976961064,0.3290422262295737,-0.3310933118175102,16.885228493
1763394267641576290,-0.0235475467936154,-0.3247434337085512,0.3306660454354432,16.895237305
1763394267651775598,0.0500090446450073,0.6037592776483319,-0.6121259729105186,16.905436613
1763394267661878585,0.0215696488682579,0.2541200614432919,-0.2580670728925822,16.9155396
1763394267671575784,0.0224436242281991,0.259567834797682,-0.2640759897360166,16.925236799
1763394267682798862,0.0314402202090722,0.355289851548512,-0.3621646925191676,16.936459877
1763394267691952228,-0.004092769717639,-0.0469262358369777,0.0480822293002226,16.945613243
1763394267701696395,0.0146651677429135,0.1671931285461277,-0.1715058053199972,16.95535741
1763394267712019920,0.028025607527567,0.3106129706703139,-0.3177595737393791,16.965680935
1763394267721777915,0.0046992334394012,0.0530488174880787,-0.0542886251609848,16.97543893
1763394267732954740,0.0381278047497177,0.4220434102973119,-0.4302096653369463,16.986615755
1763394267742420434,0.0148969323443892,0.1676765760611059,-0.1709990707658761,16.996081449
1763394267752072095,0.0114901252457689,0.1319206198893597,-0.1345462207064449,17.00573311
1763394267761801481,0.0280842499185606,0.3192246653933946,-0.3246645605337196,17.015462496
1763394267772283792,0.0091395420115975,0.1062502351139166,-0.1080057950925354,17.025944807
1763394267781849861,0.016899357233048,0.1998524504303678,-0.2027605689461905,17.035510876
1763394267791711807,0.0103158362070338,0.1248119419980971,-0.1264405999299156,17.045372822
1763394267802099227,0.0100832622177225,0.1245634057347863,-0.1258898496591398,17.055760242
1763394267811755418,0.0132250765392039,0.1677903505312055,-0.1692124606246014,17.065416433
1763394267821611404,-0.0052346650195917,-0.0730766117065591,0.0738836095531602,17.075272419
1763394267831794738,0.0330642425380672,0.4467166279709313,-0.4483260752250251,17.085455753
1763394267841315746,0.0032483586092867,0.0455089477756428,-0.0455659464799767,17.094976761
1763394267852307796,0.0166167951002085,0.2402301160353711,-0.2398368447079362,17.105968811
1763394267862031698,0.0175675218068543,0.2612704721706624,-0.2602976564474036,17.115692713
1763394267871798992,0.007672474891068,0.117778833255346,-0.1171265866415353,17.125460007
1763394267881925344,0.0101624658901661,0.1615513528472977,-0.1602210526211767,17.135586359
1763394267892307758,0.0078955776331708,0.1300789400847616,-0.1285549432771141,17.145968773
1763394267901655197,0.0076196273370033,0.1326687558265789,-0.1307482864358561,17.155316212
1763394267911853790,0.006230483121511,0.1148796923704026,-0.1128230872656986,17.165514805
1763394267921592235,0.005023113715627,0.0989551753419042,-0.0968132754143093,17.17525325
1763394267931706428,0.0066762226984527,0.1429081451483551,-0.1393827878479509,17.185367443
1763394267941581964,0.0008711231124775,0.020017947555539,-0.019432477965385,17.195242979
1763394267951919317,0.0112040367916183,0.28281973596393,-0.2734160891552424,17.205580332
1763394267961976766,-0.0049176385655169,-0.1376984448069656,0.1325571425442445,17.215637781
1763394267972452402,0.0051031184229119,0.1592148933163651,-0.1525697584491858,17.226113417
1763394267981537818,0.0015101244056327,0.0541606793712083,-0.0516760149878364,17.235198833
1763394267991934537,-0.000408508979859,-0.0175318796700928,0.016651905876955,17.245595552
1763394268002093315,0.0001145451257318,0.0060617821141054,-0.0057310655159082,17.25575433
1763394268012283563,0.0001961283896387,0.0129942302413782,-0.0122066325579668,17.265944578
1763394268022269725,-0.0010831497559815,-0.1141090694202818,0.1067097391295262,17.27593074
1763394268032979965,-0.0006218011404733,-0.1206089678253986,0.1120561225499073,17.28664098
1763394268042594671,5.71216502794574e-05,-0.1229161154284286,0.1135481072926368,17.296255686
1763394268051837682,0.0010614938926695,-0.1731559679726584,0.159012641875105,17.305498697
1763394268062093496,0.0045250546629471,-0.4040602591621771,0.3684243442189641,17.315754511
1763394268071279525,0.0022949398603363,-0.1340889215098007,0.1215143050680465,17.32494054
1763394268082225561,0.0069396103075788,-0.3129972735479256,0.2817198519335947,17.335886576
1763394268091441154,0.0067855791674251,-0.2464340604579085,0.2203379441615989,17.345102169
1763394268101442813,0.0129492538500462,-0.3956280043495731,0.3518974614725773,17.355103828
1763394268111608028,0.0103371559415286,-0.2818664403057131,0.249212987258636,17.365269043
1763394268121698856,0.0171816768693861,-0.4135121093505182,0.3642067555243486,17.375359871
1763394268132128238,0.011830760918122,-0.2646644621194653,0.2317656648633711,17.385789253
1763394268141871213,0.0166837072588568,-0.3480844730787913,0.3036125221063246,17.395532228
1763394268152165651,0.021454449211517,-0.4208130726936601,0.365844783552847,17.405826666
1763394268162325143,0.0198943368839368,-0.371132144297606,0.3216550666121663,17.415986158
1763394268171641349,0.0212979130391892,-0.3830883094435042,0.3311966400093492,17.425302364
1763394268181982517,0.0218034011891484,-0.3808174155366325,0.3287289981937566,17.435643532
1763394268191847562,0.0157478802867687,-0.2706540846314136,0.2333603117220534,17.445508577
1763394268201774358,0.0193181957895346,-0.3283061618180367,0.2830000402909597,17.455435373
1763394268212278127,0.0195212892115846,-0.3332459210680267,0.2872917455160667,17.465939142
1763394268221972227,0.0167388649825972,-0.2948776091370526,0.2546918358153761,17.475633242
1763394268232238769,0.0171850782592134,-0.3027382558601489,0.2614812375283797,17.485899784
1763394268241691589,-0.01690173194057,0.3380463381677303,-0.289541146125767,17.495352604
1763394268252180814,0.0514395554201628,-0.9540965232366556,0.8267641862299464,17.505841829
1763394268262703418,0.0181288728855068,-0.3485041632751433,0.3027577689708874,17.516364433
1763394268272136926,0.0128371578478111,-0.2574514742118677,0.2242446897427648,17.525797941
1763394268281728982,0.0175197833477151,-0.3636639050034327,0.3173229535255087,17.535389997
1763394268291313886,0.010775561107991,-0.2326656411741085,0.203295118228097,17.544974901
1763394268302010297,0.0126102883801876,-0.2846971559432851,0.2498189073523658,17.555671312
1763394268312139987,0.005026231483205,-0.1232629714023627,0.1086319774838935,17.565801002
1763394268321913957,0.0025834486313228,-0.0715701896121941,0.0633195511416813,17.575574972
1763394268332032203,0.0083471742139767,-0.2581670846875789,0.2298392889254678,17.585693218
1763394268341170787,0.0003732100735125,-0.0136738076926111,0.012239506126749,17.594831802
1763394268352386474,0.0023633293076248,-0.1070466005878312,0.0964234612596415,17.606047489
1763394268362149715,0.0023463764036587,-0.1346311447444226,0.1220447665406178,17.61581073
1763394268372071981,-0.0001876423478894,0.0160932630278421,-0.014666016525673,17.625732996
1763394268382166385,0.0010496239172014,-0.1554367722399092,0.142581127790739,17.6358274
1763394268391924381,6.022781633388959e-05,-0.0274192732723424,0.0253087525391106,17.645585396
1763394268401820421,-0.0002450557141102,-0.069390844532945,0.0643917863458282,17.655481436
1763394268412102222,0.0001954871075029,0.0237537400058858,-0.0221774980409232,17.665763237
1763394268422048330,0.0008217115549747,0.0606774696074838,-0.0569768574176094,17.675709345
1763394268431744813,0.0011131393603904,0.0590919602599327,-0.0558454836364396,17.685405828
1763394268442329883,-0.0018573281138739,-0.0768577899339335,0.0730844461581726,17.695990898
1763394268452204704,0.0087070672502934,0.287301472935126,-0.275055397407728,17.705865719
1763394268462293148,0.0073897889764099,0.2058878008904488,-0.1984362694472739,17.715954163
1763394268472598314,0.0072635139558532,0.1506998398985651,-0.1473321501329107,17.726259329
1763394268482297658,0.0100636925671609,0.2087965780581152,-0.204130600313857,17.735958673
1763394268491744518,0.0230623396395769,0.4192242350691085,-0.4124570241206471,17.745405533
1763394268502100944,0.0135331893160766,0.2213912649153792,-0.2192978062521829,17.755761959
1763394268511934995,0.0262133228130134,0.3910290059456892,-0.3896990097790032,17.76559601
1763394268521591186,0.0175824774584728,0.242524297299027,-0.2433038931197527,17.775252201
1763394268531848192,0.0308497395592237,0.3960609242552493,-0.3992114256889941,17.785509207
1763394268541877508,0.0143912902573802,0.1753520741269318,-0.1776515232911319,17.795538523
1763394268551795959,0.0304929650610089,0.3569583500125688,-0.3630648459041392,17.805456974
1763394268561587095,0.0251420285844515,0.2845510409025955,-0.2904018253194223,17.81524811
1763394268571471691,0.0329369129338888,0.3578367958466147,-0.3652559147660008,17.825132706
1763394268581777095,-0.0067001380319645,-0.0759395116800675,0.0780472677873379,17.83543811
1763394268592028856,0.0342008569594243,0.3721596041598971,-0.3815270215382126,17.845689871
1763394268601533174,0.017459128611612,0.1902660259805346,-0.1951268952071721,17.855194189
1763394268611556053,-0.002059319947432,-0.0235474169316434,0.0242224230318647,17.865217068
1763394268621976852,0.0140357377331788,0.1663256946382618,-0.1713393032204671,17.875637867
1763394268632359027,0.0645415674631939,0.7097202282115366,-0.7250838375353371,17.886020042
1763394268641710042,0.029673293359705,0.3302295932830107,-0.3371641782563642,17.895371057
1763394268652247667,0.0265236665119295,0.3037885188592613,-0.3106080328670275,17.905908682
1763394268662214517,0.0316428450240749,0.3586012000958681,-0.366224492137758,17.915875532
1763394268672379732,0.0266212882508947,0.3014154271310938,-0.3074336218016486,17.926040747
1763394268681797981,0.0178118079422805,0.2039442807462053,-0.2073072531531253,17.935458996
1763394268692027091,0.0101707588445313,0.1219804734716322,-0.1237251230169082,17.945688106
1763394268701927185,0.0170594944712094,0.2124806704128953,-0.214523398776996,17.9555882
1763394268712445497,-0.0026272029478555,-0.0347629408310885,0.0349383769506636,17.966106512
1763394268721572160,0.0079064796884993,0.1131638345817915,-0.1130933856901975,17.975233175
1763394268732112169,-0.0129125814870305,-0.2013529847630351,0.2001276333919031,17.985773184
1763394268742640733,0.0114793622104698,0.1961342702397354,-0.1934596327929577,17.996301748
1763394268752430677,-0.002869745099147,-0.0546351661493078,0.053542454668146,18.006091692
1763394268761734247,-0.007524631680287,-0.1632041984819371,0.1590046971968015,18.015395262
1763394268772127151,0.0014211014913332,0.0405918109064907,-0.0390337439283312,18.025788166
1763394268782285928,-0.0039791349142344,-0.1136585198137305,0.1092958766462156,18.035946943
1763394268792159795,-0.0029983880462475,-0.1015748066352252,0.0971242500714692,18.04582081
1763394268801997900,-0.0004310531301223,-0.0176477748316752,0.0167693778798603,18.055658915
1763394268812144994,-0.0027549175904481,-0.1415724803215367,0.1339709774173157,18.065806009
1763394268822042942,0.0015315877008259,0.0938398718278347,-0.088212370281273,18.075703957
1763394268832502603,-0.0014255599514866,-0.1225847778463338,0.1149122991604542,18.086163618
1763394268841306447,-0.0002454533110907,-0.0293267910307981,0.0273809519259675,18.094967462
1763394268852384328,-0.0002776582605729,-0.0496188752754094,0.0461517662502172,18.106045343
1763394268861680746,0.0001326957555603,0.0451253887431493,-0.0418517477535992,18.115341761
1763394268871374607,-2.489478495360968e-05,-0.1977098635705776,0.1828571709613999,18.125035622
1763394268881932020,-0.0001102181292695,0.0540152375096596,-0.049804155278361,18.135593035
1763394268892012119,1.2575196850987472e-05,-0.0030196915028446,0.0027772246150921,18.145673134
1763394268902087211,0.0010507145964561,-0.1602412802819236,0.147069665309739,18.155748226
1763394268911915302,-0.0002292830721333,0.0276493342251964,-0.0253013131595925,18.165576317
1763394268921684265,0.0001574246881875,-0.0151800407663511,0.0138546153148369,18.17534528
1763394268931728124,0.0036517118899567,-0.2782928498245264,0.2533520431773078,18.185389139
1763394268941494464,0.002806965448035,-0.176685010194223,0.1604620502481198,18.195155479
1763394268952104806,0.0029082745952838,-0.1607435050613087,0.1454686843582124,18.205765821
1763394268962616920,0.0047977342980385,-0.232404002935751,0.2095300077490532,18.216277935
1763394268971795082,0.0038522123993691,-0.162329395930907,0.1459126824650719,18.225456097
1763394268981792688,0.0041138861376443,-0.1558711357532906,0.1396466043853148,18.235453703
1763394268992303609,0.0057332522979361,-0.1997237417668027,0.1783676879579985,18.245964624
1763394269002193927,0.0065905275473577,-0.2120413944617518,0.1889764376955981,18.255854942
1763394269012498378,0.0076278049395019,-0.2319863595733302,0.2063655475372867,18.266159393
1763394269022204399,0.0055002707803787,-0.160720718211125,0.1426491630027833,18.275865414
1763394269031560420,0.0040654210975774,-0.1148036765478481,0.1016907071390556,18.285221435
1763394269041233777,0.0077406585368398,-0.2112352694349069,0.1868444888821968,18.294894792
1763394269052123785,0.0061388548877311,-0.1643292156249752,0.1451776764006705,18.3057848
1763394269062031269,0.007561067169287,-0.1987965006798887,0.1755754271644889,18.315692284
1763394269071602344,0.0072374887490369,-0.1878450144310975,0.1658873371304119,18.325263359
1763394269082213401,0.0043118707304795,-0.1117728139351629,0.0986688769636019,18.335874416
1763394269091921329,0.0062109351795523,-0.161121505442786,0.1422342630574733,18.345582344
1763394269101853847,0.0063369732710656,-0.1652254661526243,0.1458752580137976,18.355514862
1763394269111761331,0.0064520358279282,-0.1693795000565419,0.1495918486069939,18.365422346
1763394269121954202,0.0079030973435142,-0.2090506126305748,0.1846776470114305,18.375615217
1763394269131849288,0.00789603397148,-0.2106462546159252,0.1860986889985722,18.385510303
1763394269142000436,0.0094988820539022,-0.253981152461703,0.2244314632347127,18.395661451
1763394269152002334,0.0089583995214572,-0.240830425273542,0.2128002910531923,18.405663349
1763394269161757230,0.0097664047248789,-0.263545692109101,0.2328978494942649,18.415418245
1763394269171988487,0.0097275249327245,-0.2631443907595877,0.232630824212493,18.425649502
1763394269182488679,0.0086784567989183,-0.2374734377379899,0.2100169663774229,18.436149694
1763394269191928148,0.008846056484504,-0.2452459304978461,0.2170671008777266,18.445589163
1763394269201714515,0.0078393627914531,-0.2218997096896743,0.1966010919626172,18.45537553
1763394269211358547,0.0079418641367915,-0.2303917609299408,0.2043970665704046,18.465019562
1763394269222106218,0.0088320535130843,-0.262985644222392,0.2337116877345649,18.475767233
1763394269232580184,0.0071982407011302,-0.2235806455463539,0.1989803945594075,18.486241199
1763394269242315769,0.0075760261383149,-0.2469486348949101,0.2201591289323017,18.495976784
1763394269251807689,0.0055654001471206,-0.1929179214717636,0.1723171010187598,18.505468704
1763394269261881351,0.0045765793733991,-0.1713017089905462,0.1533789582601568,18.515542366
1763394269272088289,0.0052345471515815,-0.2130512193419026,0.1913100958247114,18.525749304
1763394269281703233,0.0024869592612696,-0.1138786717978223,0.1025325272529991,18.535364248
1763394269291526079,0.0036551609112041,-0.1888006378463529,0.1705468420315429,18.545187094
1763394269302364349,0.0047135295421716,-0.2784346332113608,0.2525019847361811,18.556025364
1763394269312581777,-0.0042332406231923,0.4795081330864386,-0.4326725563932919,18.566242792
1763394269322095394,0.0085956520739388,-0.8130887170837521,0.7423214871994345,18.575756409
1763394269331874132,0.0007922007375129,-0.1043002021098124,0.0955411478404354,18.585535147
1763394269341392755,0.0009774876767168,-0.2089807919870439,0.1921199014653777,18.59505377
1763394269351961135,0.0008650921361422,-0.405108115259006,0.3736186770930685,18.60562215
1763394269361500740,2.1452130649527723e-05,0.0322797157559187,-0.0298598251652657,18.615161755
1763394269372096538,-0.0007156134223815,-0.1554004557961487,0.1442605458831189,18.625757553
1763394269381183147,0.0005319178325225,0.0660048149916699,-0.0616081633812459,18.634844162
1763394269391512393,-0.0018303750767183,-0.137868481481182,0.1293916651255644,18.645173408
1763394269402039766,0.002591101705867,0.1363624608457617,-0.1288658479703555,18.655700781
1763394269412228345,0.0053451957030371,0.2157086128672611,-0.2051771925705822,18.66588936
1763394269421705484,-0.002615993662357,-0.0829859181024288,0.0795281587185314,18.675366499
1763394269431826591,0.0038795117723423,0.1030142317431626,-0.0994953323871822,18.685487606
1763394269442246913,0.0144659237794113,0.3213233227395627,-0.3125973556770522,18.695907928
1763394269451996088,0.0170149105611767,0.3273324709372873,-0.320719841058648,18.705657103
1763394269462146997,0.0111774590135834,0.1908901201152849,-0.1885582604318151,18.715808012
1763394269472905635,0.0224638121573156,0.3421478392770129,-0.3405599617053572,18.72656665
1763394269481941461,0.0282666418409933,0.389549864805331,-0.3907460603455179,18.735602476
1763394269492115736,0.021641772772672,0.272266805986597,-0.2748087220640354,18.745776751
1763394269502427101,0.0382449087749658,0.448316923829807,-0.4555725372142641,18.756088116
1763394269512187242,0.0003152284537091,0.0035791246443516,-0.0036709705713593,18.765848257
1763394269522900819,0.0637907368238897,0.6665346807663713,-0.6852985872445994,18.776561834
1763394269531571626,0.0718174219538818,0.681593334251102,-0.6998284199251457,18.785232641
1763394269541369676,-0.0134445675577008,-0.1326375572280192,0.1377896581247733,18.795030691
1763394269551956892,0.0162863259607462,0.1593584743607926,-0.166552889255221,18.805617907
1763394269561731338,0.1035740168698965,0.9044950926349148,-0.9380199515034215,18.815392353
1763394269571405649,0.022061721982898,0.1922311074498879,-0.1995091016663982,18.825066664
1763394269581582307,0.0417663264196961,0.3629798649773871,-0.3762270685189023,18.835243322
1763394269591755867,0.033749740753641,0.2945884827866272,-0.3053520093820316,18.845416882
1763394269602402925,0.0025898125594981,0.0233555425625933,-0.0242486097388964,18.85606394
1763394269611888170,-0.0680627601869949,-0.7145001993521178,0.7500949900568065,18.865549185
1763394269621711730,0.0938841955421748,0.9129141074000268,-0.9433748107178298,18.875372745
1763394269632127285,0.002591141646841,0.0263559020637521,-0.0271489116181301,18.8857883
1763394269641536235,0.0558119476733878,0.5775289994219234,-0.5908042737585855,18.89519725
1763394269653433799,0.0260930440350685,0.2836781421608626,-0.2900749720522209,18.907094814
1763394269662134408,0.0100594144541831,0.1124622625662954,-0.1148872601221632,18.915795423
1763394269671970844,0.0235164233853557,0.2688091270804496,-0.2737637884257293,18.925631859
1763394269681891679,0.0116954476623058,0.1388525454653763,-0.1409099435956847,18.935552694
1763394269692473649,0.0143294509464473,0.178306778505581,-0.1800157574738289,18.946134664
1763394269701632738,0.0010854960330435,0.014411314841062,-0.0144788888192058,18.955293753
1763394269711754322,0.0022674713376859,0.0325168533270676,-0.0324885405368947,18.965415337
1763394269721728086,-0.0030195494051801,-0.0470834630644143,0.0467912091274988,18.975389101
1763394269731793880,0.0070695238287952,0.1205791597991325,-0.1189430269485166,18.985454895
1763394269742066383,-0.0049625602442604,-0.0938295164377422,0.0919493496918496,18.995727398
1763394269751806974,0.0021566023741031,0.0465153286664225,-0.0453489106970953,19.005467989
1763394269761937379,-0.0025564025653684,-0.0618455670909642,0.0598649555463353,19.015598394
1763394269771248102,-0.0048055571430822,-0.1344921489103144,0.1294648191173441,19.024909117
1763394269781540632,-0.0008239466764015,-0.0268614508290926,0.025713036045364,19.035201647
1763394269791827917,0.0026967652150302,0.1040268900269689,-0.0989902501400183,19.045488932
1763394269802242994,-0.003550100956818,-0.1707056898510486,0.1618633685446929,19.055904009
1763394269812245130,0.0051269057145952,0.2870368165233797,-0.2705824123444744,19.065906145
1763394269821806430,-0.0010696419324998,-0.0740333449341817,0.0695241113174961,19.075467445
1763394269831817150,0.0008219397323151,0.0749758670951528,-0.0702032601870901,19.085478165
1763394269841609239,-0.0010418752057303,-0.1270199096862172,0.1185358814164689,19.095270254
1763394269852029085,0.0009171428614143,0.1657501772709157,-0.1541495316856911,19.1056901
1763394269862013101,-0.0004709770253272,-0.2117133837947551,0.1962021322515869,19.115674116
1763394269871918678,1.4144884840458932e-05,-0.0095005704468302,0.0087670329852331,19.125579693
1763394269882161855,0.0011032073306652,-0.2104723286082852,0.1933667967627383,19.13582287
1763394269892136335,0.0006558145952877,-0.0740043366932371,0.0676564744386788,19.14579735
1763394269902247190,-0.0008016544952467,0.0935813171433714,-0.0844039830114697,19.155908205
1763394269912756919,0.0116233353439083,-0.6404937885645682,0.5795578157612794,19.166417934
1763394269922580718,0.0062882150350122,-0.2807140296789159,0.2526510035514424,19.176241733
1763394269931596755,0.0110676576132904,-0.4089133557456588,0.3659670067069476,19.18525777
1763394269942198276,0.0159546777472786,-0.4965888012273077,0.442085702725032,19.195859291
1763394269952294349,0.0069240390245312,-0.1917395152665228,0.1696018082877048,19.205955364
1763394269961867094,0.0167081569806389,-0.413818931226807,0.3645989319090389,19.215528109
1763394269971965789,0.0119543828432308,-0.2739944552740022,0.2405583822629144,19.225626804
1763394269982618093,-0.0116915364105676,0.2845263339239481,-0.2461583867187166,19.236279108
1763394269991407394,-0.014985480806033,0.36468807572411,-0.3155104384812242,19.245068409
1763394270002040147,0.0085756710278114,-0.2044243732754991,0.1767308169081553,19.255701162
1763394270012274265,0.0456367285309165,-0.9579383215458448,0.8356552365097389,19.26593528
1763394270021913528,0.0301787363065389,-0.6239014270174829,0.544191291325233,19.275574543
1763394270031824827,0.0353139445972298,-0.7019927669837558,0.6112975141331728,19.285485842
1763394270041352510,0.0219849712435539,-0.4148731812055691,0.3598682093709213,19.295013525
1763394270052142620,0.0132938260343673,-0.2414324474106258,0.2088138668077577,19.305803635
1763394270061776399,0.0145293110310535,-0.2620154238740763,0.2265245281919544,19.315437414
1763394270071688413,0.0066917997445675,-0.1240480925024524,0.1074048602878293,19.325349428
1763394270081699848,0.0011403898422848,-0.022254331136608,0.0193499889124935,19.335360863
1763394270091322660,0.0112312729557002,-0.2370705161793166,0.2069218885885397,19.344983675
1763394270102582454,0.0096854615013324,-0.2204753787386771,0.1934990188576287,19.356243469
1763394270111988306,0.0022976021999584,-0.0580247308303031,0.0511709173048804,19.365649321
1763394270122073411,0.0080925727785154,-0.2274640342908975,0.201509567458251,19.375734426
1763394270131418943,0.0063808969450639,-0.1971329340485029,0.1754550433251035,19.385079958
1763394270141373157,0.0021667199393059,-0.0758181287451815,0.0677264547847723,19.395034172
1763394270151918649,0.0088286232571692,-0.3483183589351214,0.3126402045060557,19.405579664
1763394270161478042,0.0013043012594852,-0.0603194413660038,0.0543185549994977,19.415139057
1763394270171844244,0.0050729873808129,-0.270718008115946,0.2447922996490521,19.425505259
1763394270181961059,0.0021283555084949,-0.1356808777200796,0.1231753264436484,19.435622074
1763394270192536830,0.0015999939157124,-0.131953692153464,0.1202383133148339,19.446197845
1763394270202026605,0.0013255996218024,-0.1605471632391615,0.146889302355466,19.45568762
1763394270211559772,0.0002360550967017,-0.0476925147454281,0.0438365649044465,19.465220787
1763394270222083568,0.0001640489812611,-0.1735103727941788,0.1602677183656124,19.475744583
1763394270231928110,-9.794181648098236e-05,-0.0262188475179171,0.0243321346065151,19.485589125
1763394270241744756,-6.36511363763001e-05,-0.0079740262536581,0.0074413159969159,19.495405771
1763394270251722812,-0.0002058577665379,-0.0157776143793165,0.0148030615498996,19.505383827
1763394270262231826,0.0015792763367842,0.0854744036140209,-0.0806782922417967,19.515892841
1763394270272643566,0.000691134333784,0.0292807018747255,-0.027819149719018,19.526304581
1763394270282010078,0.0041972349157323,0.1406063458874831,-0.1345171906753932,19.535671093
1763394270291972398,0.0116556938712996,0.3257840895891083,-0.3137549163364969,19.545633413
1763394270301866769,0.0079309830806519,0.187032328546768,-0.1813198855403319,19.555527784
1763394270312405347,0.0025762509103381,0.0534685547864006,-0.0522606648508516,19.566066362
1763394270321962594,0.0253484590212792,0.4599883915396908,-0.4523303103766043,19.575623609
1763394270331515312,0.0085879669361481,0.1408964048228701,-0.1395409965908145,19.585176327
1763394270341549158,0.0235766364024266,0.3541380495119409,-0.3527648934328181,19.595210173
1763394270352514505,0.0214543872707715,0.2987373677221812,-0.2993881812579983,19.60617552
1763394270362478733,0.0274314355304278,0.3548885843815595,-0.357332771433603,19.616139748
1763394270372384548,0.0237886921615682,0.2789400976072109,-0.2834327941943355,19.626045563
1763394270381862401,0.0231615638410786,0.2715865519082074,-0.2759608099848827,19.635523416
1763394270391648054,0.0198786871601535,0.2253430611344837,-0.2298306053906906,19.645309069
1763394270401653528,-0.0107935228292194,-0.1274546366295963,0.131085483944531,19.655314543
1763394270411973953,0.0068746776986948,0.0810208699904621,-0.0835433751963384,19.665634968
1763394270421375751,0.0323088734126667,0.3672279559473146,-0.3777285915008603,19.675036766
1763394270431855440,0.0439867197814873,0.4779876434034868,-0.4893290239646733,19.685516455
1763394270441531419,0.0072860889300631,0.0828229890835849,-0.0851455673480545,19.695192434
1763394270451835632,0.0430588216787277,0.473769913362496,-0.4861623691020698,19.705496647
1763394270461622238,0.0338661866730596,0.3621737649046345,-0.3710128925671427,19.715283253
1763394270471768617,0.0066329692540952,0.0725301095443719,-0.0743876921747474,19.725429632
1763394270482155084,0.0267106297614394,0.2911534850389801,-0.2978909620087448,19.735816099
1763394270491597890,0.0154236786600178,0.1689922959110389,-0.1724603792343673,19.745258905
1763394270501587867,0.000411241776362,0.0047109493847761,-0.0048037992562832,19.755248882
1763394270511890649,0.0157683631612356,0.1853364521310679,-0.1881828156867466,19.765551664
1763394270521427631,-0.0026652713671226,-0.0326425488730739,0.033033085734834,19.775088646
1763394270531873703,0.0152133844641124,0.1941796699742957,-0.1956887675218956,19.785534718
1763394270541818380,0.0221083460215366,0.2874228164728998,-0.2878772940176815,19.795479395
1763394270552524089,-0.0190752236042435,-0.2701003377477701,0.2702398800320867,19.806185104
1763394270561521768,0.0121998785768729,0.1805056608553739,-0.179917919734701,19.815182783
1763394270571709632,0.0106924868152961,0.1660855921255649,-0.1651075024411098,19.825370647
1763394270581484794,0.003831247528834,0.0621084853860801,-0.0614784241265647,19.835145809
1763394270591670274,-0.0003083944776683,-0.0052509113637038,0.0051789769695534,19.845331289
1763394270601692914,0.0081760161437281,0.1466698444446829,-0.1443946413526549,19.855353929
1763394270611395597,0.0109078586638831,0.2040023787358963,-0.2001735602177374,19.865056612
1763394270621737003,-0.0041130560525193,-0.0809382156388635,0.0791834771094607,19.875398018
1763394270632227420,0.0071489406552983,0.1483475439346139,-0.1448146849422706,19.885888435
1763394270642337560,0.0072053717942942,0.1573921237793426,-0.1533338313233808,19.895998575
1763394270652117490,0.0066566404015718,0.1519756061486507,-0.147583640847385,19.905778505
1763394270661991357,0.0015229230967509,0.0364330536485739,-0.0352844150294956,19.915652372
1763394270672039747,0.0095529417959124,0.2398227745653573,-0.2318023088182864,19.925700762
1763394270681772947,0.033563917488893,0.7633114645915623,-0.7294154871294244,19.935433962
1763394270691563367,-0.0105429208709075,-0.2909032275186748,0.2801511685155087,19.945224382
1763394270702016830,0.021342069995992,0.5267678837343378,-0.5016105172801204,19.955677845
1763394270711258649,-0.0100535320247735,-0.3054426215455843,0.2929421766044104,19.964919664
1763394270721755027,-0.0047329888671944,-0.1594732131208903,0.1525733255577656,19.975416042
1763394270731936454,0.0043358241205875,0.1675726379177693,-0.1594387169366144,19.985597469
1763394270742113590,-0.0061263758445413,-0.2994175670722107,0.2838039189291265,19.995774605
1763394270751590251,0.004562400121952,0.2736344498001989,-0.2572730607537584,20.005251266
1763394270761119604,-0.0025340226698682,-0.2317162756963191,0.2169488214683899,20.014780619
1763394270772195339,-0.0001245675854993,-0.0191139406960812,0.0177911489383509,20.025856354
1763394270782084703,-0.0001719300206943,-0.0988330274592307,0.0915242662794115,20.035745718
1763394270792239427,0.0007297554009028,-0.2335980334277874,0.2150472602328384,20.045900442
1763394270801940917,0.0004190258138839,-0.0530905978509116,0.0485971789526245,20.055601932
1763394270811882972,-0.0009154018418475,0.1136123764080613,-0.1024869362921029,20.065543987
1763394270821639060,0.0125951193074327,-0.6774011372071321,0.6127430928241212,20.075300075
1763394270831431150,0.010116558143437,-0.4363757037708655,0.3924048631337079,20.085092165
1763394270842008590,0.0069650948963372,-0.2491453943694171,0.2226357846195541,20.095669605
1763394270852048873,0.0149785324801786,-0.4482503413619331,0.398296494752776,20.105709888
1763394270861762046,0.0129388225973835,-0.3382115662753919,0.2985793969304511,20.115423061
1763394270871912717,0.0152342759984124,-0.3572842781528055,0.3140640622638327,20.125573732
1763394270881953477,0.008563005210685,-0.1885321262818592,0.1649549164387923,20.135614492
1763394270892180204,0.0124984460547415,-0.2627713481722388,0.229204042425731,20.145841219
1763394270902469396,0.0207817095571697,-0.4183965397550543,0.3645000848922011,20.156130411
1763394270912432432,0.0153335076635115,-0.3024391932970423,0.2631516467025331,20.166093447
1763394270922147750,0.0143655762188339,-0.2798225296656688,0.2433548771758634,20.175808765
1763394270931462049,0.010422502040915,-0.2021914406785528,0.1757877286924626,20.185123064
1763394270942257404,0.0168236311794447,-0.3280944535551456,0.2853226649540874,20.195918419
1763394270952674627,0.0099290492366206,-0.1969310882756604,0.171398761101471,20.206335642
1763394270961852788,0.0051126932575211,-0.1039915002798533,0.0905969821872339,20.215513803
1763394270972073078,0.0090912243673424,-0.1903508891170723,0.1660461940173768,20.225734093
1763394270981688499,0.010805181552176,-0.2314786830901023,0.2023506255894701,20.235349514
1763394270991361856,0.0137205343902975,-0.3036847837213285,0.2660406567960738,20.245022871
1763394271001409769,0.0184333814610971,-0.4202560849581612,0.369007990245852,20.255070784
1763394271011894226,0.0110998546840205,-0.2704077882752957,0.2380902137719171,20.265555241
1763394271022072553,0.0109613817389709,-0.2670343961118187,0.2351199899242184,20.275733568
1763394271031887292,0.0125995593118325,-0.3159146319037874,0.2785158878129699,20.285548307
1763394271041106224,0.0056600970065812,-0.1489822600993011,0.1315059475393072,20.294767239
1763394271052723407,0.0145764816044771,-0.4003479328358417,0.3542729051795851,20.306384422
1763394271061904668,0.0103005264162293,-0.2992702214458004,0.265570868033946,20.315565683
1763394271072321891,0.0090814074752168,-0.2806631525015169,0.2498219940922924,20.325982906
1763394271082207679,0.0067041713036245,-0.2264961622544281,0.2021324312620337,20.335868694
1763394271091821193,0.0074870164146935,-0.2796187127217467,0.2504745843909372,20.345482208
1763394271102657794,0.0043651361253236,-0.1883835732847398,0.1694609549118412,20.356318809
1763394271112736940,0.0047066512935365,-0.24433937532273,0.2207697588015945,20.366397955
1763394271122228145,0.000778280155016,-0.0508906336882254,0.0462456980109016,20.37588916
1763394271132002115,0.0009391568090472,-0.0970887288694633,0.0886736681022181,20.38566313
1763394271141530275,0.0003458102721265,-0.0725200003078125,0.066661543513829,20.39519129
1763394271151757001,-5.029565887037544e-05,-0.0392568825333494,0.0363290102259445,20.405418016
1763394271161621093,0.0007705701243005,0.1064353224752878,-0.0992121664431089,20.415282108
1763394271171399354,-0.0008204301302197,-0.0604089905866537,0.0567173538648683,20.425060369
1763394271182487010,0.0001034569959286,0.0052200826501495,-0.0049410301555763,20.436148025
1763394271191673517,0.0087893395202778,0.3264004406970416,-0.3111741871447158,20.445334532
1763394271202371597,0.0068532909350311,0.1677744826288176,-0.162473472670058,20.456032612
1763394271212016344,0.0025138270780612,0.0615406585592613,-0.0595962171949985,20.465677359
1763394271221455097,0.0311326773297614,0.5780857662410533,-0.5593230406671825,20.475116112
1763394271232040405,-0.0068753131730944,-0.1242051739831104,0.1221775305833303,20.48570142
1763394271242135763,0.0122336681844479,0.1982176101116734,-0.1965223186326781,20.495796778
1763394271252053260,0.0205272197183004,0.3003020009499856,-0.2995885957835207,20.505714275
1763394271261736869,0.0167371396460562,0.2255872765554961,-0.2266395726548347,20.515397884
1763394271271925687,0.0299461897971823,0.3739329733049134,-0.3774335886926462,20.525586702
1763394271281852483,0.0311121365920663,0.365462839470817,-0.3712760409562546,20.535513498
1763394271291699647,-0.0241643518982755,-0.2926253966650904,0.3015314113000304,20.545360662
1763394271301480531,0.0942162063816058,0.987559412693444,-1.0145119264235112,20.555141546
1763394271311552524,0.023901821834546,0.2430407665820575,-0.2512836843201805,20.565213539
1763394271322014808,0.0542362208014578,0.521984441042775,-0.5405829984664411,20.575675823
1763394271332188844,0.0340864047352269,0.3166268725031468,-0.3293972096692023,20.585849859
1763394271342207670,0.0626733719108733,0.5469399819931134,-0.5691497601101995,20.595868685
1763394271351449966,0.0153725797989352,0.1340746904744322,-0.1399828762776652,20.605110981
1763394271361948251,0.0071062859406896,0.0629572701996845,-0.0659250588067343,20.615609266
1763394271372091293,0.0511786707277407,0.439800031453594,-0.4579974207830011,20.625752308
1763394271382149219,-0.0120153741667128,-0.1093238593889362,0.1141744673425914,20.635810234
1763394271392322063,0.0481277360516181,0.4371744857677519,-0.4543072974579917,20.645983078
1763394271402371406,0.024749404287852,0.2446141515438271,-0.2535084906648592,20.656032421
1763394271412162065,0.0288071170734044,0.2847191156351701,-0.2950716988880887,20.66582308
1763394271422031164,0.0360528960669696,0.3580406494749771,-0.3693571640900516,20.675692179
1763394271431852817,0.0113667590761174,0.1161653342574568,-0.119601189087546,20.685513832
1763394271442288398,0.0177451300673591,0.1869946007002874,-0.1919470363813856,20.695949413
1763394271451508522,-0.010633279887924,-0.1212660130686262,0.1245067989005069,20.705169537
1763394271461448669,0.0319656025039713,0.363919244835571,-0.370658750912071,20.715109684
1763394271471815109,0.0118186623379491,0.1409245553797761,-0.1427913623759578,20.725476124
1763394271482368707,-0.004733591109027,-0.0610833751512284,0.0617457802608469,20.736029722
1763394271491378545,0.0280788612162325,0.3718997499921335,-0.3736156615927172,20.74503956
1763394271501972675,-0.0015339672887253,-0.0215783647491571,0.0216049831408333,20.75563369
1763394271511395692,0.0437442572205775,0.5977839054509846,-0.5901012698710398,20.765056707
1763394271521891117,-0.0165920568639107,-0.2622854982199711,0.2602356271425642,20.775552132
1763394271531794548,-0.0088585488100402,-0.1495532722352378,0.1476713621970245,20.785455563
1763394271541849374,0.0070379454276283,0.1286097124288916,-0.1264070617400364,20.795510389
1763394271552376747,-0.0078430180265235,-0.1587171370908587,0.1551355656698605,20.806037762
1763394271562088966,-0.001397272797271,-0.0315852856941269,0.0306704535828957,20.815749981
1763394271571897745,-0.0014754709755811,-0.0376834287839097,0.0363934048083696,20.82555876
1763394271582175493,0.0013831745360145,0.0400328463920385,-0.038466394971644,20.835836508
1763394271591447591,-0.0024046602670818,-0.0793705080135012,0.0759413102541692,20.845108606
1763394271602195262,0.0036966574632136,0.1391686673030325,-0.1325425644680999,20.855856277
1763394271612156391,0.0008143060471696,0.0352128960020851,-0.0334303604182107,20.865817406
1763394271622027635,-0.0040789802484623,-0.2060877986276411,0.1953039125109091,20.87568865
1763394271631471633,0.004599757988359,0.2526618768686743,-0.2384779801627097,20.885132648
1763394271641544342,0.0012627775823593,0.0770247294779239,-0.0724403252507121,20.895205357
1763394271651588201,-0.0008850638107834,-0.0658088514646402,0.0617601782144154,20.905249216
1763394271661963701,0.0005560183085774,0.0513838443236991,-0.0481073755874512,20.915624716
1763394271671942472,-0.0018846685354768,-0.225766383782045,0.2108202548140485,20.925603487
1763394271682068586,0.0005430590379382,0.0942900729662149,-0.0877199946549609,20.935729601
1763394271691887617,-0.0004579784278752,-0.1922714008211814,0.1782563792894262,20.945548632
1763394271702799797,8.671023916783638e-05,-0.068997877163593,0.063699090644624,20.956460812
1763394271712406635,0.000966092412859,-0.2026762027898263,0.1862819813442016,20.96606765
1763394271721074581,0.0009989061073392,-0.1241314760029703,0.1136098463543946,20.974735596
1763394271731555223,0.0025993090012893,-0.2169581012462715,0.1977165785652684,20.985216238
1763394271741423845,0.0062163305122963,-0.3876892601272803,0.3519012555963099,20.99508486
1763394271751460790,0.0028401313266891,-0.1465525379436483,0.1324196259935575,21.005121805
1763394271761969327,0.0067530293626643,-0.3015817250861135,0.271426326126731,21.015630342
1763394271772142410,0.0060767768099124,-0.2368034589447948,0.2123577694161845,21.025803425
1763394271781755447,0.0042072068037749,-0.1495712965744239,0.1336174583459425,21.035416462
1763394271792399406,0.0064667771454428,-0.2105233004886493,0.1876710498431665,21.046060421
1763394271801838159,0.0083061093649354,-0.2579033714003667,0.2294509360897032,21.055499174
1763394271812183618,0.0065394024034348,-0.1945710760668757,0.1729237886118122,21.065844633
1763394271822427988,0.0051355009349945,-0.1501384915766543,0.1332819770109136,21.076089003
1763394271832334041,0.0051363125193476,-0.1482641197506658,0.1315413720306447,21.085995056
1763394271841524362,0.0040049121949735,-0.1157388562520657,0.1026677740969888,21.095185377
1763394271852002620,0.005344847798578,-0.1553150288052979,0.1378399458312316,21.105663635
1763394271861636400,0.0053210340775463,-0.1564121333985412,0.1388898272172469,21.115297415
1763394271871981382,0.0073447141019158,-0.2179238317626743,0.1936735189451573,21.125642397
1763394271881625413,0.0076305798582413,-0.2292656463244877,0.2038219848891115,21.135286428
1763394271892536878,0.0091119391784912,-0.2762180938399174,0.2456578132119954,21.146197893
1763394271902373790,0.0067574830421469,-0.2068704216973645,0.1839960531904333,21.156034805
1763394271912131071,0.0079910368966122,-0.2457383321133061,0.2186409294945509,21.165792086
1763394271921729087,0.0086220840912989,-0.2684965426810408,0.2389555348002368,21.175390102
1763394271932337999,0.0065610269378593,-0.2065570184960387,0.1839846873403578,21.185999014
1763394271941666603,0.0055537126639835,-0.1793533726217843,0.159887985719336,21.195327618
1763394271951946258,0.004225451418725,-0.1416851228336769,0.1264361408071277,21.205607273
1763394271962071180,0.0050999363636036,-0.1793174830900125,0.160223787960042,21.215732195
1763394271971831321,0.0049915131748499,-0.1855186447030745,0.1660546581932683,21.225492336
1763394271981984615,0.0077287196991577,-0.3043824107340857,0.2730133369082708,21.23564563
1763394271991737604,0.0053370602803163,-0.2240537278496467,0.201413980270608,21.245398619
1763394272002166032,0.0033941921128061,-0.1535618922358501,0.1382874761620563,21.255827047
1763394272011738300,0.0044126490884861,-0.2162034269874082,0.1950542312744271,21.265399315
1763394272021513223,0.0074407049174098,-0.3990228054374961,0.3609100958993412,21.275174238
1763394272031659603,0.0022848947713197,-0.1355861403231363,0.1230044310843232,21.285320618
1763394272041802167,0.0027577852262211,-0.1959854652358914,0.1782070400804591,21.295463182
1763394272051726579,0.0027846226021267,-0.2435099499496634,0.2220300371723847,21.305387594
1763394272062023639,0.0004016893091588,-0.0475902617942976,0.0435353210073058,21.315684654
1763394272071515560,0.0010701036093483,-0.1909003890477174,0.1753898497344156,21.325176575
1763394272081612110,0.0001090831371586,-0.0575361466960568,0.0530898837906054,21.335273125
1763394272091768741,-0.0005286111389408,-0.198859468267806,0.1843320066111116,21.345429756
1763394272101533174,0.0005489333026697,0.0815089288426993,-0.0759674965881239,21.355194189
1763394272112487077,-0.0025517545315532,-0.2242600764288005,0.2101214635027088,21.366148092
1763394272121782302,0.0035195376046021,0.2072892953218086,-0.1952155007750292,21.375443317
1763394272131601572,-0.0061188559240468,-0.2871155647500046,0.2723409941360454,21.385262587
1763394272141896486,0.0074771013355738,0.2758252664170183,-0.2630754677396976,21.395557501
1763394272152009248,0.0052193094630234,0.1578716114975763,-0.1515120951783176,21.405670263
1763394272162257671,-0.0032318245434485,-0.083664181234799,0.0808757471801465,21.415918686
1763394272171359777,0.0134713157562376,0.2986603569616627,-0.2905282441317211,21.425020792
1763394272182173728,0.0127271566664236,0.2476520103337264,-0.2426748053624824,21.435834743
1763394272192063093,0.0085989484726667,0.1488840598596807,-0.1468921295840679,21.445724108
1763394272202251434,0.018697573989094,0.2927730163975813,-0.290986729946982,21.455912449
1763394272212490320,0.0226090949571651,0.3226214636898087,-0.3227913019432312,21.466151335
1763394272222245931,0.0152107912147686,0.1987636001149579,-0.2000475301003893,21.475906946
1763394272232849359,0.0354169624665742,0.4311659113607388,-0.4366183043336614,21.486510374
1763394272241767168,0.0258525491858744,0.293067794172438,-0.2982687353265632,21.495428183
1763394272251955032,0.0252765989345738,0.2736317827518419,-0.2800797901911077,21.505616047
1763394272262648344,0.0400749116950871,0.4157408665770175,-0.4276168613989154,21.516309359
1763394272271897077,0.0564740371181095,0.5406804074806745,-0.5558369717143562,21.525558092
1763394272282092809,0.0045858024128639,0.0440849933102533,-0.0456255481863736,21.535753824
1763394272292584657,0.0149344541531012,0.1422919686570303,-0.1478620888207782,21.546245672
1763394272301875352,0.0230147662593532,0.2161036127056637,-0.2250237435403652,21.555536367
1763394272312124252,0.0454934855160117,0.4132155085740815,-0.4289934722169496,21.565785267
1763394272322171688,-0.0256964059777791,-0.2516045146400472,0.2629443144325173,21.575832703
1763394272332628965,0.0678559488942164,0.6378167880840374,-0.6626930771728344,21.58628998
1763394272342609405,0.0265416491845163,0.2504173916169661,-0.2600255057611127,21.59627042
1763394272351981401,-0.0225352199650842,-0.2304437417189337,0.2409804121863419,21.605642416
1763394272362310886,0.0446750721298572,0.4557461138269726,-0.4759525000233923,21.615971901
1763394272371432542,0.0468582773358931,0.4655846351661682,-0.4844235017304308,21.625093557
1763394272381307125,0.070484831764385,0.6795825862789902,-0.7032214019534856,21.63496814
1763394272391832828,0.0414308844249551,0.4043707421501864,-0.4179986707710629,21.645493843
1763394272402014493,0.0544984818174475,0.5224737674195463,-0.5383000493058732,21.655675508
1763394272411805391,0.0037544988332726,0.0373091285292486,-0.0385059391246792,21.665466406
1763394272421445131,0.0002651900079983,0.0027279565365519,-0.002811547680244,21.675106146
1763394272431762695,0.0150158466420338,0.1592166952293558,-0.1631254458488289,21.68542371
1763394272441395759,-0.0043502971295274,-0.0492692955026674,0.0502088757268241,21.695056774
1763394272452423334,0.0039100986377802,0.0476535484545746,-0.0482060274155707,21.706084349
1763394272462171554,0.0029762673502376,0.0392555343523682,-0.0394437000556828,21.715832569
1763394272470725059,0.0013819226925511,0.0199978943427958,-0.0199678453358866,21.724386074
1763394272481585502,0.0016142734110209,0.0255694783780869,-0.0253816919273876,21.735246517
1763394272491459608,0.0084650706724001,0.1463809470952577,-0.1442964133463056,21.745120623
1763394272501864194,-0.0004507402269268,-0.0085568822268319,0.008387891008249,21.755525209
1763394272512262821,0.0024252116099981,0.0511220833858242,-0.0498789094689212,21.765923836
1763394272521521568,0.0013153123821803,0.0303876174495871,-0.0294876494163053,21.775182583
1763394272531947374,0.0002949691554709,0.007631193847315,-0.00737364784996,21.785608389
1763394272541938543,0.0006003221092995,0.0173422189979223,-0.0166696939983147,21.795599558
1763394272551438808,-0.0010432391367961,-0.0343573853900219,0.0328884243225695,21.805099823
1763394272561115026,0.0029373653271942,0.1115811538785313,-0.1062527182410615,21.814776041
1763394272571762800,-0.0048236330611061,-0.2214445679200424,0.2101431895025625,21.825423815
1763394272581218004,0.0010089041428613,0.0546862603443665,-0.0516380571996343,21.834879019
1763394272591646432,2.3695792202473396e-05,0.0015777074593962,-0.0014818029230259,21.845307447
1763394272601692438,-0.0010298582571489,-0.098740553180505,0.0924227446960625,21.855353453
1763394272611746549,-0.0006533311793508,-0.0956675560697311,0.0890993000286016,21.865407564
1763394272622117519,0.0001018884692591,0.0318331168401229,-0.0295252397998636,21.875778534
1763394272632420539,0.0002730956358359,-0.3074442612492813,0.2839147979274114,21.886081554
1763394272641461849,0.0002333772389464,0.3567995889418872,-0.3250960839264809,21.895122864
1763394272651836395,0.0058597624456614,-0.7072656274284757,0.6473425480806887,21.90549741
1763394272661899328,0.0018735682325341,-0.1524784516272601,0.1389140285245146,21.915560343
1763394272671071052,0.0068037961644715,-0.413794411829727,0.3753883450127001,21.924732067
1763394272681499958,0.0031943612543276,-0.1591092664058472,0.143564839267004,21.935160973
1763394272692009687,0.0083330605248488,-0.3484748808870265,0.3129883613467666,21.945670702
1763394272702398300,0.0045854325383699,-0.1693302270694931,0.1514725979848277,21.956059315
1763394272712547302,0.0034715423094578,-0.1162403518910678,0.103689133951758,21.966208317
1763394272722059011,0.0075168933495556,-0.2365104979655192,0.210578703748302,21.975720026
1763394272732329130,0.0064224155515825,-0.1956814399440677,0.173950669785588,21.985990145
1763394272741516351,0.0062797229461901,-0.1870974420924004,0.1662199222442595,21.995177366
1763394272751637220,0.0072279980477466,-0.2128731967668229,0.1890691973435053,22.005298235
1763394272761886835,0.0046357619708909,-0.1357035540888769,0.1205183263733916,22.01554785
1763394272772047519,0.0049780950769073,-0.1469593455063705,0.1305159866277814,22.025708534
1763394272781753540,0.0050212916980298,-0.1495105600372928,0.1328532735570734,22.035414555
1763394272792115211,0.0054495426613615,-0.1649268344105548,0.1466325993933457,22.045776226
1763394272802232503,0.0069651922400966,-0.2144113704593244,0.1907576334350247,22.055893518
1763394272812158107,0.0060506666306894,-0.1887536943049128,0.168070683235565,22.065819122
1763394272821488857,0.0049104311887998,-0.15671966689672,0.1396005430728302,22.075149872
1763394272831522703,0.005240961957698,-0.1693779858176034,0.1509969822254207,22.085183718
1763394272841372251,0.0047224787224218,-0.1570144058969688,0.1400409256153747,22.095033266
1763394272852296113,0.0055793706301483,-0.1905282898355725,0.1700772696728212,22.105957128
1763394272862697124,0.0065818113331099,-0.2313795030868081,0.2067364449944675,22.116358139
1763394272872017383,0.0054270090931336,-0.1965361360829429,0.175773371922511,22.125678398
1763394272881844520,0.0068412524582166,-0.2548014290215459,0.2280948532930777,22.135505535
1763394272891725063,0.0088651747363793,-0.3390085195459024,0.3037354798944353,22.145386078
1763394272901786804,0.0085079322865963,-0.33499168874878,0.3004072158272455,22.155447819
1763394272911687612,0.0081594249306403,-0.331957203524833,0.2979551053993882,22.165348627
1763394272921704530,0.0061712534505887,-0.25948016967573,0.233181701050142,22.175365545
1763394272931961059,0.004690122712721,-0.225734085594621,0.2034535818705211,22.185622074
1763394272941401004,0.0041574889377869,-0.2000985946904147,0.1803483763197905,22.195062019
1763394272951981306,0.0062331520443901,-0.3301165086936763,0.2984782396625692,22.205642321
1763394272962318181,0.0011314152752734,-0.0689668674125397,0.062578447649765,22.215979196
1763394272971858024,0.0037597632878518,-0.294896178754751,0.2685156734430846,22.225519039
1763394272982336521,9.473969139401756e-05,-0.0106025543459899,0.009694263623413,22.235997536
1763394272991998434,0.0012124030509285,-0.2376013102878556,0.2182628253008317,22.245659449
1763394273001872062,6.219574101020666e-05,-0.067527407030861,0.062397388626427,22.255533077
1763394273011565208,5.928000750385616e-05,0.0129680933332691,-0.0120444688116175,22.265226223
1763394273021513462,-0.001043124874847,-0.1099076447779822,0.102736059903364,22.275174477
1763394273031504869,0.0028316554948552,0.1823136912880882,-0.1714131837906855,22.285165884
1763394273042025327,-0.0045970611539002,-0.2215909667260924,0.2100327021226985,22.295686342
1763394273051571369,0.0076806321615488,0.2815901578459306,-0.2685947249769642,22.305232384
1763394273061604499,0.0101877249641662,0.2985693714562942,-0.2866954053760412,22.315265514
1763394273071583986,0.0016235299020081,0.0403905160541828,-0.0391033045447406,22.325245001
1763394273081655979,0.0046513135252509,0.0992355530000357,-0.0968091896209566,22.335316994
1763394273091969966,0.013936278003761,0.2573252327632713,-0.2527480369920449,22.345630981
1763394273102347612,0.0167458870288568,0.2777078430836986,-0.2748715414867927,22.356008627
1763394273111483573,0.0134506192450552,0.2021727643409794,-0.2013564970494909,22.365144588
1763394273121448040,-0.1521457659149113,-2.0998240362631986,2.105586710430397,22.375109055
1763394273131545782,-0.0733699602738875,-1.3006121093026628,1.283096035592195,22.385206797
1763394273141420125,-0.0348734598322299,-0.9681409043294792,0.9321725263279712,22.39508114
1763394273152026653,-0.0150849731876376,-1.1189456247271208,1.0512051383145389,22.405687668
1763394273161900043,0.0017097952403419,-0.3203733608865864,0.2939673761214426,22.415561058
1763394273171925544,-0.0025200764650111,0.1316989170110013,-0.1187635306715344,22.425586559
1763394273182636737,-0.0272755837045864,0.987147985561824,-0.8828455470305758,22.436297752
1763394273192608118,-0.0227239316573199,0.6952166535230572,-0.6244171586126658,22.446269133
1763394273201879024,-0.0854796855934889,2.6236561080345795,-2.32681380067739,22.455540039
1763394273211429595,-0.2161206110683875,4.919305092629889,-4.298279114553377,22.46509061
1763394273221954584,-0.4163281233868784,7.097538201791951,-6.144376817424396,22.475615599
1763394273231927871,-0.5803537264856578,9.423515818528346,-8.03976935777393,22.485588886
1763394273242519617,-0.7731168055453401,10.79569102884051,-9.105638353600046,22.496180632
1763394273251983880,-1.0947996437325138,12.583968191074495,-10.42343884142554,22.505644895
1763394273263774156,-1.5216260149020833,13.0,-11.66929956935476,22.517435171
1763394273274831056,-1.9865131767395137,13.0,-12.57699349608697,22.528492071
1763394273285449504,-2.4753099185220844,13.0,-13.0,22.539110519
1763394273295156478,-3.125963708840506,13.0,-13.0,22.548817493
1763394273304635286,-3.678473843978858,13.0,-13.0,22.558296301
1763394273315712928,-4.245399928032208,13.0,-13.0,22.569373943
1763394273325190305,-4.929477473924316,13.0,-13.0,22.57885132
1763394273334790468,-5.6915212882075,13.0,-13.0,22.588451483
1763394273344800233,-6.501165444153482,13.0,-13.0,22.598461248
1763394273354693651,-7.3390843802580195,13.0,-13.0,22.608354666
1763394273365622997,-8.281489616833554,13.0,-13.0,22.619284012
1763394273375448226,-9.019862268634723,13.0,-13.0,22.629109241
1763394273383890628,-9.832287695353028,13.0,-13.0,22.637551643
1763394273395751714,-10.652512191607222,13.0,-13.0,22.649412729
1763394273405344247,-11.328200172542635,13.0,-13.0,22.659005262
1763394273415212869,-12.144985013789716,13.0,-13.0,22.668873884
1763394273426210641,-13.0,13.0,-13.0,22.679871656
1763394273435957431,-13.0,13.0,-13.0,22.689618446
1763394273445307970,-13.0,13.0,-13.0,22.698968985
1763394273456957101,-13.0,13.0,-13.0,22.710618116
1763394273461940526,0.0,-0.0,0.0,22.715601541
